timestamp,temperatura_celsius,humedad_relativa,presion_hpa,velocidad_viento_kmh,precipitacion_mm,indice_uv
2024-01-01 00:00:00,19.7,68.1,1016.8,11.1,0.0,0.0
2024-01-01 01:00:00,18.8,68.9,1016.2,28.0,0.0,0.0
2024-01-01 02:00:00,20.5,69.9,1017.7,13.3,0.0,0.0
2024-01-01 03:00:00,22.7,67.4,1017.1,6.7,0.0,0.0
2024-01-01 04:00:00,23.9,65.2,1018.8,10.2,0.0,0.0
2024-01-01 05:00:00,26.5,71.9,1021.0,10.2,0.0,0.0
2024-01-01 06:00:00,29.2,,1018.8,7.9,0.0,0.1
2024-01-01 07:00:00,30.9,69.0,1019.5,4.2,0.0,3.0
2024-01-01 08:00:00,34.0,64.7,1020.1,4.2,0.0,5.4
2024-01-01 09:00:00,35.7,62.8,1020.2,8.4,0.0,8.3
2024-01-01 10:00:00,36.6,59.3,1017.5,6.4,0.0,10.3
2024-01-01 11:00:00,37.0,58.3,1019.1,10.6,0.0,11.6
2024-01-01 12:00:00,36.1,56.7,1016.2,14.5,0.0,12.7
2024-01-01 13:00:00,37.2,55.6,1018.4,12.1,0.0,12.9
2024-01-01 14:00:00,18.1,56.6,1019.0,6.1,0.0,12.7
2024-01-01 15:00:00,34.7,53.7,1019.4,12.2,0.0,11.2
2024-01-01 16:00:00,32.3,53.3,1018.1,25.0,0.0,10.1
2024-01-01 17:00:00,30.7,51.8,1016.4,19.4,0.0,7.8
2024-01-01 18:00:00,29.5,52.0,1016.6,16.1,0.0,5.4
2024-01-01 19:00:00,27.3,56.4,1018.7,9.8,0.0,3.0
2024-01-01 20:00:00,24.0,57.1,1019.2,13.5,0.0,0
2024-01-01 21:00:00,23.5,59.0,1016.7,25.6,0.0,0.0
2024-01-01 22:00:00,21.5,58.6,1017.3,12.5,0.0,0.0
2024-01-01 23:00:00,19.7,63.5,1017.7,18.0,0.0,0.0
2024-01-02 00:00:00,20.0,65.2,1017.0,16.9,0.0,0.0
2024-01-02 01:00:00,20.6,68.3,1015.1,12.7,0.0,0.0
2024-01-02 02:00:00,21.2,67.0,1019.3,11.0,0.0,0.0
2024-01-02 03:00:00,23.1,68.1,1019.1,8.4,0.0,0.0
02/01/2024 04:00,24.8,71.1,1021.3,8.9,0.0,0.0
2024-01-02 05:00:00,26.6,68.6,1017.8,10.0,0.0,0.0
2024-01-02 06:00:00,29.5,67.9,1020.2,8.8,0.0,0
2024-01-02 07:00:00,31.0,69.3,1018.2,6.8,0.0,3.3
2024-01-02 08:00:00,33.4,63.6,1017.9,6.5,0.0,6.0
2024-01-02 09:00:00,35.1,65.1,1016.8,6.3,0.0,7.6
2024-01-02 10:00:00,36.9,62.9,1017.1,13.1,0.0,9.7
2024-01-02 11:00:00,37.9,55.3,1018.6,10.2,0.0,11.7
2024-01-02 12:00:00,35.9,58.4,1019.0,8.6,0.0,12.5
2024-01-02 13:00:00,37.5,54.6,1016.3,11.5,2.1,13.2
2024-01-02 14:00:00,36.6,53.8,1019.3,8.9,0.0,12.5
2024-01-02 15:00:00,35.8,54.1,1018.8,7.4,0.0,11.5
2024-01-02 16:00:00,34.1,53.6,1018.3,34.3,1.7,10.0
2024-01-02 17:00:00,30.4,52.9,1018.0,13.3,0.0,8.0
2024-01-02 18:00:00,29.9,53.0,1021.4,17.9,0.0,5.4
2024-01-02 19:00:00,26.8,53.7,1018.1,9.8,0.0,2.8
2024-01-02 20:00:00,24.7,58.9,1018.9,16.8,0.0,0
2024-01-02 21:00:00,23.0,55.5,1019.5,21.0,0.0,0.0
2024-01-02 22:00:00,21.3,,1017.0,34.8,0.0,0.0
2024-01-02 23:00:00,19.5,63.5,1018.9,22.5,0.0,0.0
2024-01-03 00:00:00,20.8,61.9,1020.5,12.1,0.0,0.0
2024-01-03 01:00:00,19.4,68.2,1015.2,11.6,0.0,0.0
2024-01-03 02:00:00,21.1,67.6,1018.5,13.0,0.0,0.0
03/01/2024 03:00,22.3,65.5,1018.0,8.1,0.0,0.0
03/01/2024 04:00,23.0,70.0,1018.8,7.2,0.0,0.0
2024-01-03 05:00:00,25.7,68.7,1016.8,11.7,0.0,0.0
2024-01-03 06:00:00,29.3,69.0,1018.1,13.1,0.0,0.0
2024-01-03 07:00:00,30.6,66.8,1018.1,12.0,0.0,2.9
2024-01-03 08:00:00,33.3,66.2,1015.8,4.1,0.0,5.9
2024-01-03 09:00:00,35.6,63.0,1016.3,12.7,0.0,8.1
2024-01-03 10:00:00,36.5,62.3,1017.1,5.3,0.0,10.1
2024-01-03 11:00:00,38.3,56.1,1016.7,7.5,0.0,11.7
2024-01-03 12:00:00,38.6,57.8,1017.1,5.6,0.0,12.6
2024-01-03 13:00:00,38.5,54.1,1018.0,10.5,0.0,12.7
2024-01-03 14:00:00,36.0,54.1,1018.7,13.5,0.0,12.4
2024-01-03 15:00:00,35.6,48.5,1018.9,20.7,0.0,11.4
2024-01-03 16:00:00,33.0,52.1,1019.9,22.2,0.0,10.1
2024-01-03 17:00:00,31.5,50.7,1018.6,10.6,0.0,7.8
2024-01-03 18:00:00,29.7,53.8,1017.4,17.6,0.0,5.7
2024-01-03 19:00:00,26.3,55.8,1017.4,32.4,0.0,2.9
2024-01-03 20:00:00,24.6,55.8,1018.1,17.6,0.0,0
2024-01-03 21:00:00,23.3,56.3,1018.2,19.7,0.0,0.0
2024-01-03 22:00:00,20.0,58.7,1018.2,18.1,0.0,0.0
2024-01-03 23:00:00,19.6,66.7,1021.3,8.6,0.0,0.0
2024-01-04 00:00:00,19.8,66.6,1016.3,11.5,0.0,0.0
2024-01-04 01:00:00,19.9,66.5,1018.5,11.6,0.0,0.0
2024-01-04 02:00:00,21.8,67.9,1019.1,8.8,0.0,0.0
2024-01-04 03:00:00,20.7,68.1,1019.7,13.6,0.0,0.0
2024-01-04 04:00:00,25.3,67.8,1019.7,12.1,0.0,0.0
2024-01-04 05:00:00,26.5,66.9,1016.5,4.5,0.0,0.0
2024-01-04 06:00:00,28.8,68.1,1018.5,5.6,0.0,0.1
2024-01-04 07:00:00,31.2,66.8,1017.2,9.7,0.0,3.1
2024-01-04 08:00:00,33.9,64.9,1017.4,8.9,0.0,5.3
2024-01-04 09:00:00,35.1,63.6,1016.8,6.6,0.0,8.4
2024-01-04 10:00:00,36.1,63.6,1017.8,6.2,0.0,10.3
2024-01-04 11:00:00,36.9,59.1,1016.8,8.1,0.0,11.4
2024-01-04 12:00:00,37.3,57.4,1017.6,9.8,0.0,13.1
2024-01-04 13:00:00,38.3,52.5,1017.0,11.2,0.0,13.0
2024-01-04 14:00:00,,54.5,1017.9,9.7,0.0,12.8
04/01/2024 15:00,35.0,51.1,1019.9,12.0,0.0,11.7
2024-01-04 16:00:00,33.7,53.7,1019.9,11.1,0.0,10.0
2024-01-04 17:00:00,30.8,53.9,1017.0,20.1,0.0,7.7
2024-01-04 18:00:00,29.8,53.0,1019.2,23.3,0.0,5.9
2024-01-04 19:00:00,26.5,54.9,1018.7,12.4,0.0,2.9
2024-01-04 20:00:00,23.8,57.9,1015.7,7.5,0.0,0.3
04/01/2024 21:00,22.8,54.9,1019.1,11.6,0.0,0.0
2024-01-04 22:00:00,22.0,60.2,1019.5,16.1,0.0,0.0
2024-01-04 23:00:00,20.2,63.8,1017.3,14.5,0.0,0.0
2024-01-05 00:00:00,20.1,63.0,1018.6,10.1,0.0,0.0
2024-01-05 01:00:00,19.6,66.4,1016.6,15.6,0.0,0.0
2024-01-05 02:00:00,21.5,71.7,1017.6,19.3,0.0,0.0
2024-01-05 03:00:00,44.3,68.9,1018.1,9.7,0.0,0.0
05/01/2024 04:00,24.6,68.8,1016.2,7.4,0.0,0.0
2024-01-05 05:00:00,25.2,69.2,1016.9,9.1,0.0,0.0
2024-01-05 06:00:00,28.0,68.8,1020.6,10.4,0.0,0
2024-01-05 07:00:00,32.1,66.9,1018.7,5.4,0.0,2.8
2024-01-05 08:00:00,33.8,64.8,1018.3,7.3,0.0,5.3
2024-01-05 09:00:00,34.5,65.0,1018.5,10.9,0.0,7.7
2024-01-05 10:00:00,36.6,57.1,1015.6,5.4,0.0,9.8
2024-01-05 11:00:00,35.8,58.6,1019.4,9.0,0.0,11.4
2024-01-05 12:00:00,38.7,56.8,1018.0,12.3,0.0,12.6
2024-01-05 13:00:00,38.0,55.2,1018.4,8.9,0.0,12.9
2024-01-05 14:00:00,36.2,56.1,1018.2,20.3,0.0,12.8
2024-01-05 15:00:00,35.6,51.9,1019.2,22.7,0.0,11.9
2024-01-05 16:00:00,32.4,52.2,1015.3,13.8,0.0,10.4
2024-01-05 17:00:00,32.7,52.3,1017.0,,0.0,8.1
2024-01-05 18:00:00,29.1,56.0,1015.3,8.9,0.0,5.9
2024-01-05 19:00:00,26.7,53.9,1020.4,16.8,0.0,2.9
2024-01-05 20:00:00,24.3,54.8,1015.6,17.4,0.0,0.0
2024-01-05 21:00:00,21.6,59.5,1017.6,22.5,0.0,0.0
2024-01-05 22:00:00,20.5,61.6,1014.8,11.0,0.0,0.0
2024-01-05 23:00:00,21.0,64.1,1019.5,25.5,0.0,0.0
2024-01-06 00:00:00,20.4,63.2,1018.0,8.3,0.0,0.0
2024-01-06 01:00:00,20.9,66.1,1017.8,14.1,0.0,0.0
2024-01-06 02:00:00,21.5,68.8,1018.1,17.0,0.0,0.0
2024-01-06 03:00:00,22.4,70.0,1019.0,8.4,0.0,0.0
06/01/2024 04:00,24.7,70.1,1017.6,12.0,0.0,0.0
2024-01-06 05:00:00,27.5,66.6,1020.5,9.2,0.0,0.0
2024-01-06 06:00:00,29.4,66.5,1015.8,7.3,0.0,0
2024-01-06 07:00:00,31.9,,1017.9,8.2,0.0,2.9
2024-01-06 08:00:00,34.1,62.8,1019.9,7.6,0.0,5.6
2024-01-06 09:00:00,36.8,63.4,1018.5,6.3,0.0,8.3
2024-01-06 10:00:00,36.5,59.3,1015.9,7.8,0.0,10.3
2024-01-06 11:00:00,39.3,56.1,1016.4,7.1,0.0,11.6
2024-01-06 12:00:00,38.7,53.3,1020.4,18.6,0.0,12.7
2024-01-06 13:00:00,37.5,55.7,1019.7,9.2,0.0,13.2
2024-01-06 14:00:00,37.3,49.0,1019.2,19.6,0.0,12.7
2024-01-06 15:00:00,34.3,54.3,1018.1,15.5,0.0,11.5
2024-01-06 16:00:00,34.1,50.3,1017.2,20.7,0.0,9.9
06/01/2024 17:00,30.6,51.0,1019.6,12.5,0.0,8.3
2024-01-06 18:00:00,29.1,52.9,1017.4,12.5,0.0,5.8
2024-01-06 19:00:00,26.3,53.4,1018.2,13.3,0.0,2.8
2024-01-06 20:00:00,25.3,56.9,1019.7,12.5,0.0,0
2024-01-06 21:00:00,22.6,58.5,1017.8,12.6,0.0,0.0
2024-01-06 22:00:00,20.2,62.4,1016.8,18.1,0.0,0.0
2024-01-06 23:00:00,20.2,61.8,1018.3,12.9,0.0,0.0
2024-01-07 00:00:00,19.7,67.8,1014.9,15.0,0.0,0.0
2024-01-07 01:00:00,19.7,68.1,1017.8,14.9,0.0,0.0
2024-01-07 02:00:00,21.2,68.4,1015.1,6.6,0.0,0.0
2024-01-07 03:00:00,22.3,71.5,1016.1,8.7,0.0,0.0
2024-01-07 04:00:00,24.2,68.5,1018.6,12.3,0.0,0.0
2024-01-07 05:00:00,,69.1,1019.0,6.1,0.0,0.0
2024-01-07 06:00:00,28.8,67.5,1017.1,6.9,0.0,0.2
2024-01-07 07:00:00,30.9,66.6,1016.6,5.0,0.0,3.0
2024-01-07 08:00:00,33.6,63.6,1016.6,6.5,0.0,5.9
2024-01-07 09:00:00,36.0,63.3,1019.0,10.4,0.0,7.7
2024-01-07 10:00:00,35.5,60.3,1017.3,6.5,0.0,10.0
2024-01-07 11:00:00,37.0,58.5,1018.0,11.8,0.0,11.8
2024-01-07 12:00:00,39.8,56.3,1018.1,8.4,0.0,12.6
2024-01-07 13:00:00,38.0,54.8,1015.4,7.0,0.0,12.6
2024-01-07 14:00:00,37.3,51.3,1017.7,15.1,0.0,12.6
2024-01-07 15:00:00,35.8,53.9,1019.3,12.9,0.0,11.6
2024-01-07 16:00:00,34.5,51.5,1019.1,21.4,0.0,9.9
2024-01-07 17:00:00,31.7,54.2,1016.7,17.9,0.0,8.3
2024-01-07 18:00:00,29.9,51.0,1016.4,18.0,0.0,5.8
07/01/2024 19:00,26.7,56.5,1017.3,8.6,0.0,2.7
2024-01-07 20:00:00,24.3,57.4,1020.6,7.8,0.0,0
07/01/2024 21:00,23.3,57.5,1018.2,9.7,0.0,0.0
2024-01-07 22:00:00,21.3,62.2,1016.6,30.1,0.0,0.0
2024-01-07 23:00:00,21.7,61.1,1018.4,14.3,0.0,0.0
2024-01-08 00:00:00,20.3,63.7,,11.1,0.0,0.0
08/01/2024 01:00,20.7,65.4,1016.7,11.3,0.0,0.0
2024-01-08 02:00:00,20.0,67.2,1018.8,7.4,0.0,0.0
2024-01-08 03:00:00,21.3,67.7,1018.1,8.1,0.0,0.0
2024-01-08 04:00:00,24.7,68.5,1018.0,17.7,0.0,0.0
2024-01-08 05:00:00,27.0,71.3,1016.2,8.2,0.0,0.0
2024-01-08 06:00:00,28.8,68.1,1019.4,5.0,0.0,0
08/01/2024 07:00,30.9,64.4,1018.0,5.9,0.0,2.5
2024-01-08 08:00:00,33.8,63.2,1016.5,3.9,0.0,5.6
2024-01-08 09:00:00,35.1,60.5,1018.9,5.0,0.0,8.3
08/01/2024 10:00,36.7,58.3,1017.2,6.2,0.0,10.4
2024-01-08 11:00:00,37.6,62.7,1021.0,6.6,0.0,11.8
2024-01-08 12:00:00,39.1,53.6,1019.6,9.9,0.0,12.4
2024-01-08 13:00:00,37.4,53.6,1017.6,6.8,0.0,12.9
2024-01-08 14:00:00,36.3,52.5,1016.7,9.6,0.0,12.6
08/01/2024 15:00,34.4,56.9,1019.0,12.1,0.0,11.5
2024-01-08 16:00:00,33.3,51.4,1018.2,17.2,0.0,10.3
2024-01-08 17:00:00,30.2,53.5,1015.4,8.9,0.0,8.2
2024-01-08 18:00:00,27.8,54.6,1019.5,13.8,0.0,5.6
2024-01-08 19:00:00,26.2,56.3,1021.0,12.0,0.0,3.0
2024-01-08 20:00:00,23.4,53.7,1018.5,21.0,0.0,0
2024-01-08 21:00:00,23.3,60.4,1018.9,16.9,0.0,0.0
2024-01-08 22:00:00,20.3,61.9,1018.0,18.8,0.0,0.0
2024-01-08 23:00:00,21.1,62.9,1018.9,17.1,0.0,0.0
2024-01-09 00:00:00,20.0,64.7,1017.6,8.8,0.0,0.0
2024-01-09 01:00:00,20.8,67.4,1018.4,8.0,0.0,0.0
2024-01-09 02:00:00,21.4,68.9,1018.7,16.0,0.0,0.0
2024-01-09 03:00:00,21.5,71.2,1020.1,10.2,0.0,0.0
2024-01-09 04:00:00,24.1,71.1,1019.1,4.0,0.0,0.0
2024-01-09 05:00:00,26.2,70.7,1019.8,6.8,0.0,0.0
2024-01-09 06:00:00,29.9,69.1,1018.4,10.7,0.0,0
2024-01-09 07:00:00,32.4,67.4,1018.5,15.6,0.0,3.0
2024-01-09 08:00:00,33.4,61.3,1017.6,5.1,0.0,5.5
2024-01-09 09:00:00,35.9,61.2,1020.1,4.2,0.0,7.9
2024-01-09 10:00:00,37.5,61.4,1017.2,6.1,0.0,10.4
2024-01-09 11:00:00,37.8,55.7,1020.9,8.5,0.0,12.0
2024-01-09 12:00:00,37.6,58.9,1018.5,11.9,0.0,12.7
09/01/2024 13:00,38.1,53.8,1019.3,13.3,0.0,13.4
2024-01-09 14:00:00,35.8,51.2,1017.0,11.9,0.0,12.6
2024-01-09 15:00:00,35.7,51.9,1018.1,16.6,0.0,11.3
2024-01-09 16:00:00,34.2,55.1,,9.8,0.0,9.9
2024-01-09 17:00:00,31.1,54.2,1017.9,13.2,0.0,8.0
2024-01-09 18:00:00,28.8,55.8,1020.2,9.0,0.0,5.8
2024-01-09 19:00:00,26.8,57.7,1016.0,18.3,0.0,3.0
2024-01-09 20:00:00,24.1,56.9,1015.7,17.7,0.0,0.0
2024-01-09 21:00:00,23.7,56.1,1019.0,28.0,0.0,0.0
2024-01-09 22:00:00,21.8,59.3,1018.1,12.8,0.0,0.0
2024-01-09 23:00:00,21.1,63.4,1017.4,10.7,0.0,0.0
2024-01-10 00:00:00,20.2,66.1,1020.0,13.1,0.0,0.0
10/01/2024 01:00,19.5,70.3,1019.3,8.5,0.0,0.0
2024-01-10 02:00:00,20.8,70.8,1019.2,8.8,0.0,0.0
2024-01-10 03:00:00,21.7,72.1,1017.7,13.5,0.0,0.0
2024-01-10 04:00:00,23.9,69.7,1017.5,18.5,0.0,0.0
2024-01-10 05:00:00,27.6,65.6,1016.9,9.9,0.0,0.0
2024-01-10 06:00:00,28.8,69.7,1015.8,4.6,0.0,0.2
2024-01-10 07:00:00,31.4,66.7,1015.2,12.2,0.0,3.1
2024-01-10 08:00:00,32.4,63.5,1019.8,3.9,0.0,5.9
2024-01-10 09:00:00,36.8,61.2,1017.3,4.4,0.0,8.1
10/01/2024 10:00,36.5,61.6,1016.2,4.3,0.0,10.2
2024-01-10 11:00:00,37.5,59.2,1015.5,5.1,0.0,11.5
2024-01-10 12:00:00,38.8,55.5,1019.4,9.1,0.0,12.6
2024-01-10 13:00:00,37.6,52.8,1017.9,6.6,0.0,13.2
2024-01-10 14:00:00,36.6,52.6,1019.5,13.6,0.0,12.0
10/01/2024 15:00,34.5,53.0,1017.3,9.0,0.0,11.6
2024-01-10 16:00:00,34.3,55.6,1017.9,6.0,0.0,10.1
2024-01-10 17:00:00,31.4,50.8,1018.4,10.9,0.0,7.8
2024-01-10 18:00:00,28.5,52.5,1017.4,11.0,0.0,5.5
2024-01-10 19:00:00,26.9,53.1,1016.7,19.9,0.0,3.1
2024-01-10 20:00:00,24.3,58.2,1017.9,13.7,0.0,0.5
2024-01-10 21:00:00,23.6,60.7,1017.4,13.5,0.0,0.0
2024-01-10 22:00:00,21.3,61.6,1018.1,17.3,0.0,0.0
2024-01-10 23:00:00,19.1,66.9,1018.0,11.8,0.0,0.0
2024-01-11 00:00:00,21.4,65.4,1015.2,13.4,0.0,0.0
2024-01-11 01:00:00,20.3,67.6,1018.0,9.0,0.0,0.0
2024-01-11 02:00:00,21.2,67.9,1017.4,20.4,0.0,0.0
2024-01-11 03:00:00,23.6,67.0,1018.1,12.2,0.0,0.0
2024-01-11 04:00:00,25.7,69.1,1018.8,10.1,0.0,0.0
11/01/2024 05:00,25.4,70.5,1017.1,8.0,0.0,0.0
2024-01-11 06:00:00,28.6,66.4,1018.8,9.8,0.0,0.0
2024-01-11 07:00:00,30.6,67.0,1016.0,5.7,0.0,2.6
2024-01-11 08:00:00,32.6,66.5,1019.4,5.4,0.0,5.5
11/01/2024 09:00,34.5,62.0,1020.1,7.6,0.0,8.0
2024-01-11 10:00:00,36.9,57.5,1019.8,7.6,0.0,9.9
2024-01-11 11:00:00,37.6,59.4,1017.1,8.6,0.0,12.1
2024-01-11 12:00:00,37.5,55.1,1019.7,13.0,0.0,12.3
2024-01-11 13:00:00,37.4,52.9,1020.3,9.8,0.0,13.1
11/01/2024 14:00,35.8,53.0,1016.3,10.6,0.0,12.8
2024-01-11 15:00:00,34.9,54.6,1018.5,13.5,0.0,12.3
2024-01-11 16:00:00,33.9,53.4,1016.4,7.1,0.0,10.5
2024-01-11 17:00:00,32.3,52.4,1018.7,14.6,0.0,7.8
2024-01-11 18:00:00,28.5,51.9,1017.0,11.7,0.0,5.6
2024-01-11 19:00:00,27.1,55.6,1019.5,12.3,0.0,3.3
2024-01-11 20:00:00,24.9,57.5,1016.8,18.1,0.0,0
2024-01-11 21:00:00,22.9,58.7,1017.1,17.2,0.0,0.0
2024-01-11 22:00:00,20.8,62.0,1016.5,27.0,0.0,0.0
2024-01-11 23:00:00,20.2,63.6,1018.6,11.2,0.0,0.0
2024-01-12 00:00:00,20.4,63.7,1018.7,15.8,0.0,0.0
2024-01-12 01:00:00,19.4,68.3,1018.2,12.8,0.0,0.0
2024-01-12 02:00:00,20.1,67.8,1018.0,14.0,0.0,0.0
2024-01-12 03:00:00,22.5,71.7,1017.7,6.6,0.0,0.0
2024-01-12 04:00:00,24.8,68.2,1016.7,5.8,0.0,0.0
2024-01-12 05:00:00,26.2,69.2,1017.0,12.0,0.0,0.0
2024-01-12 06:00:00,28.8,67.9,1019.2,3.3,0.0,0
2024-01-12 07:00:00,31.9,67.6,1018.8,10.7,0.0,3.0
2024-01-12 08:00:00,32.4,60.9,1018.0,3.1,0.0,5.7
2024-01-12 09:00:00,35.3,61.7,1020.4,5.9,0.0,7.7
2024-01-12 10:00:00,37.2,58.8,1019.0,16.6,0.0,10.4
2024-01-12 11:00:00,37.7,55.6,1016.9,4.8,0.0,11.7
2024-01-12 12:00:00,38.5,57.7,1015.7,8.4,0.0,12.9
2024-01-12 13:00:00,38.0,54.9,1017.2,10.4,0.0,12.7
2024-01-12 14:00:00,36.8,51.9,1018.0,10.9,0.0,12.3
2024-01-12 15:00:00,34.1,52.0,1015.7,9.6,0.0,11.4
2024-01-12 16:00:00,32.1,54.1,1016.5,11.2,0.0,10.3
2024-01-12 17:00:00,30.2,53.2,1017.0,20.5,0.0,8.3
2024-01-12 18:00:00,28.3,51.7,1019.2,20.2,0.0,6.2
2024-01-12 19:00:00,26.6,56.3,1018.2,14.1,0.0,2.8
2024-01-12 20:00:00,24.1,57.1,1016.8,12.9,0.0,0
2024-01-12 21:00:00,22.8,61.4,1017.3,11.6,0.0,0.0
2024-01-12 22:00:00,21.0,63.6,1016.8,8.7,0.0,0.0
2024-01-12 23:00:00,20.9,63.2,1017.9,9.4,0.0,0.0
2024-01-13 00:00:00,19.8,65.8,1016.9,17.9,0.0,0.0
2024-01-13 01:00:00,20.8,67.6,1019.2,11.2,0.0,0.0
2024-01-13 02:00:00,20.3,67.6,1021.4,12.5,0.0,0.0
2024-01-13 03:00:00,22.2,69.0,1017.8,5.6,0.0,0.0
2024-01-13 04:00:00,25.5,69.0,1018.3,7.9,0.0,0.0
2024-01-13 05:00:00,26.6,69.9,1018.0,8.0,0.0,0.0
2024-01-13 06:00:00,29.0,68.0,1019.1,7.0,0.0,0.0
2024-01-13 07:00:00,32.6,67.1,1019.4,11.5,0.0,3.3
2024-01-13 08:00:00,34.2,63.2,1018.8,7.4,0.0,5.8
2024-01-13 09:00:00,36.2,62.3,1014.3,4.9,0.0,8.7
2024-01-13 10:00:00,36.9,57.2,1018.1,6.0,0.0,10.6
2024-01-13 11:00:00,37.8,55.1,1018.5,4.8,0.0,11.5
2024-01-13 12:00:00,39.0,58.9,1020.1,11.1,0.0,12.9
2024-01-13 13:00:00,37.5,54.8,1017.0,6.6,0.0,12.9
2024-01-13 14:00:00,36.2,54.4,1017.5,8.6,0.0,13.0
2024-01-13 15:00:00,35.6,51.9,1018.3,22.5,0.0,11.9
2024-01-13 16:00:00,34.5,52.9,1017.2,12.0,0.0,9.9
2024-01-13 17:00:00,31.1,50.9,1018.4,10.9,2.0,8.4
2024-01-13 18:00:00,29.2,52.7,1017.7,16.1,0.0,5.6
2024-01-13 19:00:00,,57.8,1018.2,24.2,0.0,2.5
2024-01-13 20:00:00,24.8,57.4,1017.1,26.5,0.0,0.1
2024-01-13 21:00:00,22.9,60.4,1014.6,23.3,0.0,0.0
2024-01-13 22:00:00,21.0,61.0,1017.4,14.3,0.0,0.0
2024-01-13 23:00:00,21.4,64.8,1018.7,14.1,0.0,0.0
2024-01-14 00:00:00,19.6,63.6,1016.8,13.3,0.0,0.0
2024-01-14 01:00:00,20.2,65.8,1016.9,15.4,0.0,0.0
14/01/2024 02:00,23.3,,1018.1,17.6,0.0,0.0
2024-01-14 03:00:00,22.4,70.5,1019.9,11.8,0.0,0.0
2024-01-14 04:00:00,26.0,70.7,1018.1,6.1,0.0,0.0
2024-01-14 05:00:00,26.4,68.2,1019.0,5.8,0.0,0.0
2024-01-14 06:00:00,29.9,67.8,1017.5,7.0,0.0,0
2024-01-14 07:00:00,30.5,64.7,1019.4,3.4,0.0,3.1
2024-01-14 08:00:00,32.8,61.5,1017.8,8.4,0.0,5.5
2024-01-14 09:00:00,35.7,61.7,1016.1,8.0,0.0,8.3
2024-01-14 10:00:00,36.4,59.6,1017.4,7.8,0.0,10.8
2024-01-14 11:00:00,37.7,57.1,1018.0,8.3,0.0,11.7
2024-01-14 12:00:00,38.6,54.2,1017.9,5.9,0.0,12.7
2024-01-14 13:00:00,38.5,53.1,1017.7,10.1,0.0,12.7
2024-01-14 14:00:00,35.9,50.6,,9.5,0.0,12.6
14/01/2024 15:00,35.4,51.5,1016.8,10.4,0.0,11.5
2024-01-14 16:00:00,34.6,50.6,1019.5,18.7,0.0,9.9
2024-01-14 17:00:00,31.6,51.5,1017.7,24.7,0.0,8.1
14/01/2024 18:00,30.4,54.1,1016.8,17.4,0.0,5.3
2024-01-14 19:00:00,26.4,55.3,1018.6,16.6,0.0,2.8
2024-01-14 20:00:00,25.0,55.2,1016.3,13.2,0.0,0.1
2024-01-14 21:00:00,23.4,60.5,1020.4,15.7,0.0,0.0
2024-01-14 22:00:00,21.4,59.7,1016.0,16.3,0.0,0.0
2024-01-14 23:00:00,19.8,61.5,1018.5,35.9,0.0,0.0
2024-01-15 00:00:00,20.0,66.4,1015.6,15.3,0.0,0.0
2024-01-15 01:00:00,20.2,70.2,1018.4,6.5,0.0,0.0
2024-01-15 02:00:00,21.0,70.1,1019.0,11.5,0.0,0.0
2024-01-15 03:00:00,21.9,69.2,1019.2,7.3,0.0,0.0
2024-01-15 04:00:00,24.1,67.7,1018.4,5.5,0.0,0.0
2024-01-15 05:00:00,,68.5,1017.0,8.6,0.0,0.0
2024-01-15 06:00:00,29.4,67.2,1016.2,3.8,0.0,0.2
2024-01-15 07:00:00,31.9,64.5,1017.3,3.7,0.0,3.5
2024-01-15 08:00:00,,65.0,1017.6,11.0,0.0,5.4
2024-01-15 09:00:00,35.9,63.5,1015.7,7.1,0.0,8.3
2024-01-15 10:00:00,37.4,61.2,1019.6,13.2,0.0,10.3
2024-01-15 11:00:00,38.5,57.0,1018.2,7.6,0.0,11.9
2024-01-15 12:00:00,38.5,56.6,1018.6,11.8,0.0,12.5
2024-01-15 13:00:00,36.7,54.4,1018.9,15.9,0.0,13.3
2024-01-15 14:00:00,36.2,51.5,1018.7,11.3,0.0,12.6
2024-01-15 15:00:00,35.6,48.1,1015.9,18.6,0.0,11.8
2024-01-15 16:00:00,35.2,52.9,1019.1,14.3,0.0,10.1
2024-01-15 17:00:00,30.9,49.5,1016.9,23.5,0.0,7.9
2024-01-15 18:00:00,27.4,56.2,1017.4,18.9,0.0,5.8
2024-01-15 19:00:00,26.5,55.1,1019.7,17.7,0.0,2.6
2024-01-15 20:00:00,24.4,58.0,1017.6,10.1,0.0,0
2024-01-15 21:00:00,23.2,60.0,1016.8,20.7,0.0,0.0
2024-01-15 22:00:00,20.8,60.7,1018.0,15.2,0.0,0.0
15/01/2024 23:00,19.5,64.4,1019.7,17.1,0.0,0.0
2024-01-16 00:00:00,19.6,65.7,1018.7,11.4,0.0,0.0
2024-01-16 01:00:00,21.4,65.0,1016.1,6.9,0.0,0.0
2024-01-16 02:00:00,19.7,66.5,1015.8,24.4,0.0,0.0
2024-01-16 03:00:00,23.9,68.2,1017.1,11.5,0.0,0.0
16/01/2024 04:00,24.7,69.1,1016.9,4.9,0.0,0.0
2024-01-16 05:00:00,27.5,70.5,1018.0,7.2,0.0,0.0
2024-01-16 06:00:00,29.9,70.0,1016.0,3.1,0.0,0.1
2024-01-16 07:00:00,31.5,67.3,1019.6,8.4,0.0,2.8
2024-01-16 08:00:00,33.9,64.1,1019.5,6.1,0.0,5.5
2024-01-16 09:00:00,36.4,61.3,1018.7,7.5,0.0,8.1
2024-01-16 10:00:00,36.7,59.5,1018.1,14.7,0.0,9.8
2024-01-16 11:00:00,37.3,60.9,1019.4,11.8,0.0,11.5
2024-01-16 12:00:00,38.1,53.3,1019.5,8.7,0.0,12.6
2024-01-16 13:00:00,38.8,53.8,1017.8,18.9,0.0,12.7
2024-01-16 14:00:00,37.1,52.0,1016.3,11.2,1.2,12.7
2024-01-16 15:00:00,35.3,51.9,1014.7,16.4,0.0,11.5
2024-01-16 16:00:00,32.8,54.2,1019.5,5.2,0.0,10.2
2024-01-16 17:00:00,32.2,46.7,1020.5,12.2,0.0,7.6
2024-01-16 18:00:00,28.0,55.8,1017.9,18.2,0.0,5.4
2024-01-16 19:00:00,27.7,55.0,1017.3,16.3,1.5,2.9
2024-01-16 20:00:00,23.8,60.1,1018.9,22.1,0.0,0
16/01/2024 21:00,23.5,58.3,1014.3,16.5,0.0,0.0
2024-01-16 22:00:00,21.2,60.2,1013.8,21.5,0.0,0.0
2024-01-16 23:00:00,19.3,60.9,1018.2,15.9,0.0,0.0
2024-01-17 00:00:00,20.3,62.9,1017.9,17.1,0.0,0.0
2024-01-17 01:00:00,20.5,68.7,1018.5,8.6,0.0,0.0
2024-01-17 02:00:00,20.6,69.2,1019.6,9.9,0.0,0.0
2024-01-17 03:00:00,22.0,69.9,1019.8,13.1,0.0,0.0
2024-01-17 04:00:00,25.1,73.1,1018.9,9.0,0.0,0.0
2024-01-17 05:00:00,27.1,66.2,1018.9,11.4,0.0,0.0
2024-01-17 06:00:00,29.7,64.6,1015.7,3.9,0.0,0.0
2024-01-17 07:00:00,32.3,66.9,1016.6,4.0,0.0,2.7
2024-01-17 08:00:00,34.5,63.6,1018.9,5.8,0.0,5.9
2024-01-17 09:00:00,35.6,61.7,1019.0,7.8,0.0,8.1
2024-01-17 10:00:00,37.9,61.3,1015.5,4.3,0.0,10.3
2024-01-17 11:00:00,36.8,55.9,1020.7,10.9,0.0,11.5
2024-01-17 12:00:00,37.8,55.9,1017.8,6.3,0.0,12.6
2024-01-17 13:00:00,37.1,52.0,1019.6,9.1,0.0,12.6
2024-01-17 14:00:00,36.5,52.0,1019.4,6.2,0.0,12.8
2024-01-17 15:00:00,35.6,52.1,1017.5,6.8,0.0,11.9
2024-01-17 16:00:00,34.2,49.8,1017.5,9.5,0.0,10.3
2024-01-17 17:00:00,31.2,52.2,1018.8,8.8,0.0,8.3
2024-01-17 18:00:00,29.6,53.5,1018.2,11.1,0.0,5.6
2024-01-17 19:00:00,,56.4,1019.4,15.4,0.0,2.6
2024-01-17 20:00:00,23.5,54.9,1019.8,8.1,0.0,0
2024-01-17 21:00:00,22.2,60.8,1017.7,11.6,0.0,0.0
2024-01-17 22:00:00,21.5,59.0,1018.0,18.0,0.0,0.0
2024-01-17 23:00:00,20.3,62.1,1018.4,8.9,0.0,0.0
2024-01-18 00:00:00,20.3,63.7,1018.4,16.2,0.0,0.0
2024-01-18 01:00:00,18.2,67.3,1017.0,4.7,0.0,0.0
2024-01-18 02:00:00,21.0,70.8,1015.5,8.3,0.0,0.0
2024-01-18 03:00:00,21.5,72.3,1017.4,13.5,0.0,0.0
2024-01-18 04:00:00,23.5,67.6,1016.1,23.7,0.0,0.0
2024-01-18 05:00:00,27.7,70.1,1015.8,7.1,0.0,0.0
2024-01-18 06:00:00,29.4,69.4,1018.8,11.0,0.0,0
2024-01-18 07:00:00,30.2,61.7,1017.0,7.3,0.0,2.6
2024-01-18 08:00:00,,63.1,1017.5,5.8,0.0,5.5
2024-01-18 09:00:00,35.5,60.2,1020.8,5.2,0.0,8.2
2024-01-18 10:00:00,35.8,57.4,1016.5,6.3,0.0,10.9
2024-01-18 11:00:00,36.9,57.5,1020.0,6.9,0.0,11.7
2024-01-18 12:00:00,37.8,56.5,1017.0,6.8,0.0,12.4
2024-01-18 13:00:00,37.6,58.1,1017.4,13.8,0.0,12.8
18/01/2024 14:00,36.4,53.9,1017.1,13.6,0.0,12.6
2024-01-18 15:00:00,33.8,52.5,1017.3,10.7,0.0,11.4
2024-01-18 16:00:00,34.3,51.2,1017.2,10.3,0.0,9.9
2024-01-18 17:00:00,31.1,52.1,1019.4,12.2,0.0,8.5
2024-01-18 18:00:00,29.1,52.5,1019.5,14.9,0.0,5.9
2024-01-18 19:00:00,26.5,57.6,1015.3,9.6,0.0,2.8
2024-01-18 20:00:00,23.8,59.8,1015.2,12.0,0.0,0
2024-01-18 21:00:00,23.0,59.7,1015.9,16.0,0.0,0.0
2024-01-18 22:00:00,22.2,60.9,1020.2,16.2,0.0,0.0
2024-01-18 23:00:00,20.9,,1017.1,14.9,0.0,0.0
19/01/2024 00:00,20.2,65.0,1018.3,15.0,0.0,0.0
2024-01-19 01:00:00,21.2,67.2,1017.6,7.5,0.0,0.0
2024-01-19 02:00:00,21.2,72.0,1015.2,9.0,0.0,0.0
2024-01-19 03:00:00,20.9,66.8,1016.9,5.6,0.0,0.0
2024-01-19 04:00:00,24.1,71.6,1018.5,7.9,0.0,0.0
2024-01-19 05:00:00,26.9,68.1,1017.3,9.5,0.0,0.0
2024-01-19 06:00:00,28.7,68.1,1017.4,4.4,0.0,0.1
2024-01-19 07:00:00,31.3,66.1,1018.6,8.8,0.0,2.7
2024-01-19 08:00:00,33.9,64.1,1017.9,5.9,0.0,5.3
2024-01-19 09:00:00,34.4,61.9,1016.1,3.6,0.0,8.1
2024-01-19 10:00:00,,62.8,1016.2,8.0,0.0,9.9
2024-01-19 11:00:00,37.6,57.4,1016.1,11.9,0.0,12.2
2024-01-19 12:00:00,38.6,54.4,1019.6,4.7,0.0,12.5
2024-01-19 13:00:00,38.0,53.3,1020.0,10.9,0.0,12.7
2024-01-19 14:00:00,38.0,55.4,1019.8,11.6,0.0,12.4
2024-01-19 15:00:00,34.8,51.4,1017.4,15.8,0.0,12.0
2024-01-19 16:00:00,34.0,52.3,1018.9,18.2,0.0,10.3
2024-01-19 17:00:00,30.4,53.1,1016.8,17.8,0.0,8.1
2024-01-19 18:00:00,28.9,53.3,1018.4,13.8,0.0,5.5
2024-01-19 19:00:00,26.1,55.0,1019.0,13.7,0.0,2.8
2024-01-19 20:00:00,25.3,,1018.6,33.8,0.0,0.1
2024-01-19 21:00:00,23.4,57.6,1021.5,12.6,0.0,0.0
2024-01-19 22:00:00,22.2,56.3,1019.8,11.0,0.0,0.0
2024-01-19 23:00:00,20.2,64.3,1017.6,24.3,0.0,0.0
2024-01-20 00:00:00,18.5,65.0,1018.0,15.8,0.0,0.0
20/01/2024 01:00,20.8,66.8,1018.1,,0.0,0.0
2024-01-20 02:00:00,21.6,66.4,1019.6,5.7,0.0,0.0
2024-01-20 03:00:00,22.8,67.5,1018.2,13.3,0.0,0.0
2024-01-20 04:00:00,24.9,67.5,1017.7,15.9,0.0,0.0
2024-01-20 05:00:00,28.0,72.7,1018.9,3.8,0.0,0.0
2024-01-20 06:00:00,30.1,70.4,1016.7,7.9,0.0,0.5
2024-01-20 07:00:00,30.9,66.4,1019.0,14.7,0.0,2.8
2024-01-20 08:00:00,34.9,65.7,1018.7,8.0,0.0,5.7
2024-01-20 09:00:00,35.2,61.9,1018.8,8.2,0.0,8.3
2024-01-20 10:00:00,38.1,58.3,1019.9,7.4,0.0,10.0
2024-01-20 11:00:00,38.4,56.4,1020.5,8.8,0.0,11.5
2024-01-20 12:00:00,39.5,52.8,1017.9,10.6,0.0,13.1
2024-01-20 13:00:00,38.8,55.4,1017.9,11.4,0.0,12.7
2024-01-20 14:00:00,37.7,49.9,1016.9,8.6,0.0,12.9
2024-01-20 15:00:00,36.1,51.4,1017.6,17.7,0.0,11.6
2024-01-20 16:00:00,33.8,49.9,1019.6,16.8,0.0,10.1
2024-01-20 17:00:00,31.8,50.4,1017.0,16.3,0.0,8.3
2024-01-20 18:00:00,29.5,52.6,1017.5,9.3,0.0,5.7
2024-01-20 19:00:00,26.0,58.3,1018.1,10.2,0.0,2.5
2024-01-20 20:00:00,24.4,60.0,1018.8,15.5,0.0,0.6
2024-01-20 21:00:00,22.7,57.0,1019.8,16.5,0.0,0.0
2024-01-20 22:00:00,20.7,59.9,1014.0,13.1,0.0,0.0
2024-01-20 23:00:00,20.8,63.2,1016.1,9.0,0.0,0.0
2024-01-21 00:00:00,20.6,63.6,1018.7,11.5,0.0,0.0
2024-01-21 01:00:00,20.4,68.9,1022.5,13.6,0.0,0.0
2024-01-21 02:00:00,20.2,72.5,1018.1,15.0,0.0,0.0
2024-01-21 03:00:00,22.6,68.9,1017.5,13.9,0.0,0.0
2024-01-21 04:00:00,25.9,71.9,1019.1,8.9,0.0,0.0
2024-01-21 05:00:00,27.8,69.7,,7.4,0.0,0.0
2024-01-21 06:00:00,29.5,66.7,1018.4,9.3,0.0,0
2024-01-21 07:00:00,31.3,63.6,1017.0,5.8,0.0,2.6
2024-01-21 08:00:00,32.9,65.1,1016.7,7.1,0.0,5.4
2024-01-21 09:00:00,34.4,63.2,1016.5,5.4,0.0,8.1
21/01/2024 10:00,,61.3,1017.3,5.4,0.0,10.2
2024-01-21 11:00:00,37.7,59.0,1016.6,10.7,0.0,12.4
2024-01-21 12:00:00,37.0,57.3,1018.7,13.8,0.0,12.4
2024-01-21 13:00:00,37.3,52.3,1018.0,10.6,0.0,12.9
2024-01-21 14:00:00,36.3,54.5,1017.9,12.1,0.0,12.9
2024-01-21 15:00:00,35.0,51.0,1018.5,10.6,0.0,11.8
2024-01-21 16:00:00,32.2,53.4,1016.1,14.8,0.0,10.0
2024-01-21 17:00:00,31.5,54.5,1017.5,18.0,0.0,8.3
2024-01-21 18:00:00,29.0,57.1,1017.9,22.5,0.0,5.6
2024-01-21 19:00:00,27.3,58.9,1018.5,19.4,0.0,2.7
2024-01-21 20:00:00,25.2,60.4,1020.3,29.2,0.0,0.1
2024-01-21 21:00:00,22.2,59.0,1018.6,18.1,0.0,0.0
2024-01-21 22:00:00,21.5,62.5,1019.0,11.7,0.0,0.0
2024-01-21 23:00:00,20.4,63.3,1018.0,9.3,0.0,0.0
2024-01-22 00:00:00,20.1,65.7,1018.5,8.9,0.0,0.0
2024-01-22 01:00:00,19.2,69.5,1014.3,8.6,0.0,0.0
2024-01-22 02:00:00,21.3,68.7,1020.1,16.5,0.0,0.0
2024-01-22 03:00:00,21.5,66.5,1016.4,14.5,0.0,0.0
2024-01-22 04:00:00,24.9,65.8,1020.8,12.5,0.0,0.0
2024-01-22 05:00:00,26.5,70.1,1018.1,4.3,0.0,0.0
2024-01-22 06:00:00,29.1,69.3,1019.4,7.1,0.0,0.7
2024-01-22 07:00:00,31.7,65.9,1017.1,6.5,0.0,2.7
2024-01-22 08:00:00,33.3,64.2,1017.9,3.8,0.0,5.6
2024-01-22 09:00:00,35.4,59.6,1019.3,7.6,0.0,7.7
2024-01-22 10:00:00,36.1,58.4,1017.7,13.6,0.0,10.2
2024-01-22 11:00:00,37.4,56.9,1017.7,7.8,0.0,12.0
2024-01-22 12:00:00,37.3,52.6,1015.6,6.8,0.0,12.6
2024-01-22 13:00:00,37.1,54.6,1017.8,6.4,0.0,12.7
2024-01-22 14:00:00,37.7,49.0,1016.1,17.8,0.0,12.9
2024-01-22 15:00:00,35.8,50.0,1017.3,17.9,0.0,11.6
2024-01-22 16:00:00,33.2,50.0,1016.5,21.8,0.0,10.4
2024-01-22 17:00:00,32.4,50.1,1013.9,12.4,0.0,8.3
22/01/2024 18:00,28.9,49.8,1015.9,16.3,0.0,5.6
2024-01-22 19:00:00,25.9,57.7,1020.4,18.6,0.0,2.7
2024-01-22 20:00:00,24.6,57.4,1017.3,21.5,0.0,0.4
2024-01-22 21:00:00,22.6,58.3,1019.5,11.4,0.0,0.0
2024-01-22 22:00:00,22.1,61.6,1018.7,17.8,0.0,0.0
2024-01-22 23:00:00,21.1,63.9,1016.0,13.4,0.0,0.0
2024-01-23 00:00:00,19.3,66.3,1016.5,14.7,0.0,0.0
2024-01-23 01:00:00,19.6,65.7,1019.7,9.3,0.0,0.0
2024-01-23 02:00:00,21.7,69.0,1019.1,8.2,0.0,0.0
2024-01-23 03:00:00,22.9,69.9,1015.4,8.1,0.0,0.0
2024-01-23 04:00:00,22.8,69.7,1016.4,13.8,0.0,0.0
2024-01-23 05:00:00,27.7,72.3,1017.4,5.4,0.0,0.0
2024-01-23 06:00:00,29.5,67.0,1016.1,5.0,0.0,0.0
2024-01-23 07:00:00,31.1,67.7,1018.8,6.5,0.0,3.0
2024-01-23 08:00:00,32.6,63.6,1018.2,7.8,0.0,5.9
2024-01-23 09:00:00,34.2,62.6,1017.3,11.4,0.0,8.1
2024-01-23 10:00:00,37.5,59.9,1019.3,5.6,0.0,9.7
2024-01-23 11:00:00,37.4,58.8,1017.6,5.6,0.0,11.7
2024-01-23 12:00:00,38.5,57.7,1018.2,9.4,0.0,12.5
2024-01-23 13:00:00,38.1,55.2,1018.8,7.5,0.0,13.4
2024-01-23 14:00:00,36.4,50.8,1019.3,13.3,0.0,12.5
2024-01-23 15:00:00,34.9,55.1,1013.8,14.1,0.0,11.4
2024-01-23 16:00:00,34.0,50.0,1017.6,10.5,0.0,9.8
2024-01-23 17:00:00,30.0,51.4,1019.9,25.5,0.0,8.4
2024-01-23 18:00:00,28.6,57.2,1018.8,9.9,0.0,6.1
2024-01-23 19:00:00,25.1,55.6,1016.8,12.0,0.0,3.0
2024-01-23 20:00:00,24.6,58.3,1019.0,14.4,0.0,0
2024-01-23 21:00:00,21.9,55.8,1015.8,13.1,0.0,0.0
2024-01-23 22:00:00,21.3,64.2,1017.7,31.1,0.0,0.0
2024-01-23 23:00:00,19.3,63.7,1018.5,8.5,0.0,0.0
2024-01-24 00:00:00,19.2,63.6,1018.5,11.0,0.0,0.0
2024-01-24 01:00:00,19.5,67.4,1018.9,12.3,0.0,0.0
2024-01-24 02:00:00,20.5,67.1,1017.6,14.7,0.0,0.0
2024-01-24 03:00:00,21.0,69.4,1015.4,8.9,0.0,0.0
2024-01-24 04:00:00,25.2,66.6,1017.4,14.0,0.0,0.0
2024-01-24 05:00:00,26.4,67.1,1017.3,8.6,0.0,0.0
2024-01-24 06:00:00,29.0,67.9,1020.3,7.4,0.0,0
2024-01-24 07:00:00,30.9,68.5,1016.8,5.2,0.0,3.2
2024-01-24 08:00:00,31.9,65.4,1019.4,2.8,0.0,5.7
2024-01-24 09:00:00,36.4,60.1,1015.6,4.2,0.0,8.0
2024-01-24 10:00:00,37.0,57.5,1016.8,5.6,0.0,9.9
2024-01-24 11:00:00,38.1,58.9,1017.7,9.3,0.0,12.1
2024-01-24 12:00:00,37.8,57.0,1018.1,4.6,0.0,12.7
2024-01-24 13:00:00,37.8,54.9,1017.4,10.4,0.0,13.0
2024-01-24 14:00:00,36.7,52.7,1016.5,11.9,0.0,12.5
2024-01-24 15:00:00,34.9,47.6,1019.1,6.7,0.0,11.6
2024-01-24 16:00:00,33.7,56.3,1017.3,7.8,0.0,9.9
2024-01-24 17:00:00,30.8,51.4,1017.1,14.2,0.0,7.9
2024-01-24 18:00:00,29.9,51.6,1018.1,18.8,0.0,5.7
2024-01-24 19:00:00,26.1,55.5,1020.0,23.3,0.0,2.7
2024-01-24 20:00:00,24.3,55.1,1019.4,9.8,0.0,0.4
24/01/2024 21:00,21.6,57.8,1017.3,20.5,0.0,0.0
2024-01-24 22:00:00,21.0,61.0,1018.0,16.6,0.0,0.0
2024-01-24 23:00:00,20.5,64.2,1014.9,17.4,0.0,0.0
2024-01-25 00:00:00,19.8,62.8,1020.3,16.4,0.0,0.0
2024-01-25 01:00:00,20.2,66.3,1017.6,13.6,0.0,0.0
2024-01-25 02:00:00,20.9,65.6,1020.2,21.7,0.0,0.0
2024-01-25 03:00:00,23.8,67.3,1016.1,7.9,0.0,0.0
2024-01-25 04:00:00,24.3,66.8,1018.1,8.7,0.0,0.0
2024-01-25 05:00:00,27.6,66.4,1016.5,6.5,0.0,0.0
2024-01-25 06:00:00,28.9,70.7,1016.5,5.6,0.0,0.5
2024-01-25 07:00:00,30.6,67.7,1015.8,7.1,0.0,3.2
2024-01-25 08:00:00,33.1,64.2,1018.3,7.9,0.0,5.5
2024-01-25 09:00:00,34.7,59.6,1018.5,5.9,0.0,8.3
2024-01-25 10:00:00,35.7,61.7,1018.6,3.0,0.0,10.4
2024-01-25 11:00:00,37.8,57.1,1018.3,3.6,0.0,12.0
2024-01-25 12:00:00,36.3,61.3,1017.1,8.5,0.0,12.8
2024-01-25 13:00:00,37.2,57.9,1018.6,9.0,0.0,13.0
2024-01-25 14:00:00,36.9,53.9,1018.7,11.1,0.0,12.6
2024-01-25 15:00:00,35.5,48.1,1016.4,13.5,0.0,11.8
2024-01-25 16:00:00,33.8,50.9,1019.3,11.9,0.0,9.6
2024-01-25 17:00:00,31.6,50.4,1015.9,12.6,0.0,7.7
2024-01-25 18:00:00,29.3,52.4,1016.2,21.0,0.0,5.8
2024-01-25 19:00:00,26.1,56.6,1014.9,12.1,0.0,3.0
2024-01-25 20:00:00,24.6,58.4,1018.4,9.7,0.0,0.1
2024-01-25 21:00:00,23.0,60.1,1018.1,10.8,0.0,0.0
2024-01-25 22:00:00,20.6,59.2,1016.8,22.6,0.0,0.0
2024-01-25 23:00:00,19.1,63.6,1017.5,14.0,0.0,0.0
2024-01-26 00:00:00,19.9,64.7,1018.4,28.4,0.0,0.0
26/01/2024 01:00,20.7,61.8,1015.5,8.1,0.0,0.0
2024-01-26 02:00:00,21.3,66.9,1018.2,15.2,0.0,0.0
2024-01-26 03:00:00,21.4,70.9,1016.6,7.0,0.0,0.0
2024-01-26 04:00:00,24.1,68.8,1014.1,12.4,0.0,0.0
2024-01-26 05:00:00,26.2,68.8,1019.2,11.5,0.0,0.0
2024-01-26 06:00:00,28.9,65.7,1017.7,4.8,0.0,0
2024-01-26 07:00:00,32.1,65.2,1017.5,7.6,0.0,2.8
2024-01-26 08:00:00,32.8,64.3,1016.9,8.0,0.0,5.7
2024-01-26 09:00:00,36.1,61.5,1016.5,5.0,0.0,8.0
2024-01-26 10:00:00,36.3,61.6,1016.8,10.8,0.0,9.8
2024-01-26 11:00:00,36.2,58.9,1018.9,5.9,0.0,11.9
2024-01-26 12:00:00,37.2,57.6,1017.6,8.8,0.0,12.7
2024-01-26 13:00:00,37.8,53.6,1016.7,14.0,0.0,13.0
2024-01-26 14:00:00,37.1,57.2,1015.3,10.1,0.0,12.7
2024-01-26 15:00:00,36.1,57.8,1016.5,18.5,0.0,11.4
2024-01-26 16:00:00,33.4,53.6,1016.2,6.5,0.0,10.3
2024-01-26 17:00:00,32.5,49.9,1018.0,10.2,0.0,8.2
2024-01-26 18:00:00,29.2,54.1,1015.6,23.0,0.0,5.6
2024-01-26 19:00:00,25.9,54.8,1019.4,22.9,0.0,2.9
2024-01-26 20:00:00,23.6,55.9,1015.3,14.7,0.0,0.2
2024-01-26 21:00:00,,57.2,1016.4,15.5,0.0,0.0
2024-01-26 22:00:00,20.6,57.3,1018.4,11.2,0.0,0.0
2024-01-26 23:00:00,21.2,62.6,1014.6,9.3,0.0,0.0
2024-01-27 00:00:00,19.4,65.7,1019.5,10.8,0.0,0.0
2024-01-27 01:00:00,19.8,67.6,1017.8,15.1,0.0,0.0
2024-01-27 02:00:00,20.3,69.0,1017.7,7.0,0.0,0.0
27/01/2024 03:00,22.2,68.9,1012.9,5.8,0.0,0.0
2024-01-27 04:00:00,24.7,71.0,1018.3,5.0,0.0,0.0
2024-01-27 05:00:00,26.2,68.9,1018.3,7.8,0.0,0.0
2024-01-27 06:00:00,28.6,68.1,1017.7,6.4,0.0,0
2024-01-27 07:00:00,30.7,64.3,1016.3,2.6,0.0,2.2
2024-01-27 08:00:00,32.2,63.1,1018.5,5.7,0.0,5.7
2024-01-27 09:00:00,34.8,62.3,1017.1,5.9,0.0,8.1
2024-01-27 10:00:00,37.0,59.0,1017.9,3.8,0.0,10.1
2024-01-27 11:00:00,37.9,56.8,1019.5,11.2,0.0,11.7
2024-01-27 12:00:00,37.2,57.5,1016.7,5.0,0.0,12.5
2024-01-27 13:00:00,36.3,53.8,1018.0,8.4,0.0,13.0
2024-01-27 14:00:00,37.1,53.7,1016.0,18.6,0.0,12.5
2024-01-27 15:00:00,34.5,53.3,1017.3,5.5,0.0,11.6
2024-01-27 16:00:00,32.8,52.4,1017.0,5.8,0.0,10.0
2024-01-27 17:00:00,31.3,51.5,1016.2,22.7,0.0,8.5
2024-01-27 18:00:00,29.9,51.9,1015.1,10.3,0.0,5.7
2024-01-27 19:00:00,25.2,55.6,1017.1,23.8,0.0,3.1
2024-01-27 20:00:00,25.1,53.7,1017.0,22.4,0.0,0.2
2024-01-27 21:00:00,23.4,59.7,1021.8,16.8,0.0,0.0
2024-01-27 22:00:00,19.8,59.9,1016.8,13.2,0.0,0.0
2024-01-27 23:00:00,20.7,62.9,1018.0,12.3,0.0,0.0
2024-01-28 00:00:00,20.7,62.3,1018.2,13.6,0.0,0.0
2024-01-28 01:00:00,20.7,67.2,1019.2,8.0,0.0,0.0
2024-01-28 02:00:00,20.2,66.7,1018.0,7.3,0.0,0.0
2024-01-28 03:00:00,24.0,71.2,1018.9,10.6,0.0,0.0
2024-01-28 04:00:00,23.1,65.3,1019.6,6.2,0.0,0.0
2024-01-28 05:00:00,25.9,70.5,1018.3,8.5,0.0,0.0
2024-01-28 06:00:00,,70.4,1018.9,8.6,0.0,0
2024-01-28 07:00:00,31.5,66.1,1018.6,6.4,0.0,3.0
2024-01-28 08:00:00,33.3,62.9,1013.9,4.2,0.0,5.5
2024-01-28 09:00:00,34.9,60.2,1016.6,7.9,0.0,8.4
2024-01-28 10:00:00,36.9,58.3,1016.4,6.5,0.0,9.4
2024-01-28 11:00:00,38.5,55.2,1017.1,5.7,0.0,11.7
2024-01-28 12:00:00,38.1,56.3,1019.4,3.5,0.0,12.4
2024-01-28 13:00:00,36.6,55.7,1016.9,9.7,0.0,13.3
2024-01-28 14:00:00,36.4,52.6,1016.5,12.5,0.0,12.6
2024-01-28 15:00:00,37.1,47.0,1019.2,19.9,0.0,11.6
2024-01-28 16:00:00,14.5,54.1,1019.5,7.3,0.0,9.9
2024-01-28 17:00:00,32.3,52.6,1019.0,13.4,0.0,8.4
2024-01-28 18:00:00,28.6,56.1,1017.4,22.0,0.0,6.0
2024-01-28 19:00:00,,52.5,1020.4,21.1,0.0,3.2
2024-01-28 20:00:00,24.1,58.2,1016.6,19.4,0.0,0
28/01/2024 21:00,22.4,57.5,1016.2,14.4,0.0,0.0
28/01/2024 22:00,19.8,60.7,1019.1,16.8,0.0,0.0
2024-01-28 23:00:00,19.9,60.4,1015.8,12.1,0.0,0.0
2024-01-29 00:00:00,20.4,63.0,1017.9,12.5,0.0,0.0
2024-01-29 01:00:00,19.2,70.3,1017.6,14.2,0.0,0.0
2024-01-29 02:00:00,21.3,65.7,1018.7,8.9,0.0,0.0
2024-01-29 03:00:00,,68.9,1017.0,12.5,0.0,0.0
2024-01-29 04:00:00,25.5,68.6,1019.0,5.3,0.0,0.0
2024-01-29 05:00:00,25.4,69.8,1018.5,9.7,0.0,0.0
2024-01-29 06:00:00,29.2,67.5,1018.9,6.7,0.0,0
2024-01-29 07:00:00,31.4,66.4,1019.3,6.5,0.0,2.7
2024-01-29 08:00:00,33.1,63.1,1016.7,4.9,0.0,6.1
2024-01-29 09:00:00,,60.7,1018.0,3.2,0.0,8.1
2024-01-29 10:00:00,35.9,58.9,1016.3,6.6,0.0,10.3
2024-01-29 11:00:00,38.1,58.8,1016.8,8.4,0.0,11.6
2024-01-29 12:00:00,37.3,59.7,1018.3,11.8,0.0,12.3
2024-01-29 13:00:00,37.4,55.0,1016.1,13.5,0.0,12.9
2024-01-29 14:00:00,36.8,54.1,1016.6,7.1,0.0,12.2
2024-01-29 15:00:00,35.5,52.2,1018.0,18.8,0.0,11.5
2024-01-29 16:00:00,32.8,50.8,1019.2,10.7,0.0,10.1
2024-01-29 17:00:00,30.3,54.4,1017.8,17.1,0.0,7.8
2024-01-29 18:00:00,28.5,54.2,1018.8,17.9,0.0,5.4
2024-01-29 19:00:00,27.4,54.0,1017.8,19.0,0.0,3.3
2024-01-29 20:00:00,25.9,54.4,1016.5,16.5,0.0,0.0
2024-01-29 21:00:00,22.4,58.8,1016.6,9.4,0.0,0.0
2024-01-29 22:00:00,20.9,61.4,1016.1,12.7,0.0,0.0
2024-01-29 23:00:00,18.8,60.7,1018.4,14.7,0.0,0.0
2024-01-30 00:00:00,20.0,65.7,1018.0,19.8,0.0,0.0
2024-01-30 01:00:00,21.2,66.8,1018.1,21.4,0.0,0.0
2024-01-30 02:00:00,20.0,66.6,1015.0,9.3,0.0,0.0
30/01/2024 03:00,22.9,68.7,1018.7,9.7,0.0,0.0
2024-01-30 04:00:00,24.5,68.4,1015.6,6.4,0.0,0.0
30/01/2024 05:00,27.0,72.4,1017.9,6.3,0.0,0.0
2024-01-30 06:00:00,29.7,68.0,1018.9,5.6,0.0,0.1
30/01/2024 07:00,31.5,61.4,1015.5,7.2,0.0,2.8
2024-01-30 08:00:00,33.1,67.9,1016.3,7.3,0.0,5.2
2024-01-30 09:00:00,35.3,61.5,1019.4,4.7,0.0,8.3
2024-01-30 10:00:00,35.7,,1014.9,4.6,0.0,9.8
2024-01-30 11:00:00,36.5,57.3,1017.7,4.3,0.1,11.3
2024-01-30 12:00:00,36.4,56.4,1019.2,6.4,0.0,12.9
2024-01-30 13:00:00,38.1,54.1,1014.2,6.2,0.0,13.2
30/01/2024 14:00,35.7,55.2,1013.3,9.4,0.0,12.3
2024-01-30 15:00:00,34.9,52.7,1018.2,15.1,0.0,11.6
2024-01-30 16:00:00,33.5,54.1,1016.1,21.9,0.0,9.9
2024-01-30 17:00:00,30.0,51.5,1017.0,13.5,0.0,8.1
2024-01-30 18:00:00,28.9,54.2,1018.2,13.0,0.0,5.4
30/01/2024 19:00,26.8,58.0,1017.1,28.8,0.0,3.4
2024-01-30 20:00:00,23.7,57.4,1020.1,11.3,0.0,0
2024-01-30 21:00:00,23.3,58.4,1020.4,15.2,0.0,0.0
2024-01-30 22:00:00,22.0,60.7,1017.3,10.3,0.0,0.0
2024-01-30 23:00:00,20.2,64.3,1015.3,8.4,0.0,0.0
2024-01-31 00:00:00,18.1,63.6,1016.4,9.2,0.0,0.0
2024-01-31 01:00:00,18.8,66.5,1016.0,19.5,0.0,0.0
2024-01-31 02:00:00,21.2,66.1,1015.5,14.5,0.0,0.0
2024-01-31 03:00:00,23.1,68.2,1015.9,10.6,0.0,0.0
2024-01-31 04:00:00,23.5,67.6,1017.6,12.8,0.0,0.0
2024-01-31 05:00:00,26.7,71.0,1018.5,5.9,0.0,0.0
2024-01-31 06:00:00,28.2,68.2,1014.4,10.5,0.0,0
2024-01-31 07:00:00,30.8,68.9,1017.4,4.5,0.0,3.0
2024-01-31 08:00:00,33.7,63.8,1019.1,3.3,0.0,5.7
2024-01-31 09:00:00,34.7,64.6,1014.4,8.1,0.0,7.4
31/01/2024 10:00,36.2,62.4,1019.0,5.8,0.0,9.9
2024-01-31 11:00:00,37.3,57.2,1015.3,4.6,0.0,11.4
2024-01-31 12:00:00,36.5,56.0,1016.4,7.1,0.0,13.1
31/01/2024 13:00,36.5,53.8,1014.9,12.0,0.0,12.7
2024-01-31 14:00:00,35.4,53.2,1019.8,7.0,0.0,12.2
2024-01-31 15:00:00,33.2,53.6,1017.7,8.9,0.0,11.6
2024-01-31 16:00:00,34.4,52.2,1016.4,14.9,0.0,10.0
2024-01-31 17:00:00,31.5,48.7,1016.1,17.0,0.0,7.9
2024-01-31 18:00:00,27.5,51.8,1016.0,30.1,0.0,5.5
2024-01-31 19:00:00,26.8,54.1,1013.0,21.6,0.0,2.6
2024-01-31 20:00:00,24.3,,1018.5,10.9,0.0,0.4
2024-01-31 21:00:00,22.4,57.2,1018.7,15.1,0.0,0.0
2024-01-31 22:00:00,20.3,62.2,1016.7,12.1,0.0,0.0
2024-01-31 23:00:00,20.5,62.2,1021.3,13.3,0.0,0.0
2024-02-01 00:00:00,19.1,65.9,1019.7,21.4,0.0,0.0
2024-02-01 01:00:00,19.9,67.6,1017.5,13.9,0.0,0.0
2024-02-01 02:00:00,20.4,70.2,1012.8,10.9,0.0,0.0
2024-02-01 03:00:00,22.7,68.2,1014.6,6.2,0.0,0.0
01/02/2024 04:00,24.6,64.6,1015.0,6.1,0.0,0.0
2024-02-01 05:00:00,26.5,70.5,1020.0,5.4,0.0,0.0
2024-02-01 06:00:00,28.9,65.2,1018.6,11.6,0.0,0.1
2024-02-01 07:00:00,,66.6,1017.6,9.9,0.0,2.8
2024-02-01 08:00:00,32.8,63.9,1012.1,4.9,0.0,5.4
2024-02-01 09:00:00,35.7,62.1,1014.9,6.7,0.0,8.3
01/02/2024 10:00,36.5,58.5,1018.1,4.5,0.0,9.9
2024-02-01 11:00:00,37.7,57.5,1017.3,5.8,0.0,11.3
2024-02-01 12:00:00,,56.1,1018.5,4.1,0.0,12.2
2024-02-01 13:00:00,37.4,53.1,1019.1,9.2,0.0,12.8
2024-02-01 14:00:00,36.9,53.2,1016.4,10.9,0.0,12.6
2024-02-01 15:00:00,35.8,54.0,1016.8,16.1,0.0,11.5
2024-02-01 16:00:00,32.8,53.4,1016.6,14.3,0.0,10.4
2024-02-01 17:00:00,31.0,51.8,1014.6,15.4,0.0,8.2
2024-02-01 18:00:00,28.3,48.7,1016.7,19.1,0.0,5.5
2024-02-01 19:00:00,26.1,55.2,1019.4,17.0,0.0,2.5
2024-02-01 20:00:00,24.6,56.7,1018.0,26.9,0.0,0
2024-02-01 21:00:00,21.1,57.0,1017.0,16.3,0.0,0.0
2024-02-01 22:00:00,21.2,62.9,1020.8,26.2,0.0,0.0
2024-02-01 23:00:00,19.8,62.7,1014.1,10.2,0.0,0.0
02/02/2024 00:00,20.3,64.5,1016.0,16.1,0.0,0.0
2024-02-02 01:00:00,21.7,65.4,1018.6,13.0,0.0,0.0
2024-02-02 02:00:00,21.2,65.1,1020.1,16.2,0.0,0.0
2024-02-02 03:00:00,21.7,69.9,1016.9,4.4,0.0,0.0
2024-02-02 04:00:00,23.8,,1016.5,5.6,0.0,0.0
2024-02-02 05:00:00,27.3,67.0,1015.0,6.1,0.0,0.0
2024-02-02 06:00:00,29.0,68.6,1014.3,5.2,0.0,0
2024-02-02 07:00:00,29.7,,1016.4,5.2,0.0,2.7
2024-02-02 08:00:00,33.5,67.3,1017.6,6.1,0.0,5.3
2024-02-02 09:00:00,35.2,63.8,1019.8,9.5,0.0,7.9
2024-02-02 10:00:00,36.3,60.8,1016.7,5.9,0.0,10.1
2024-02-02 11:00:00,35.8,58.4,1016.7,6.3,0.0,11.5
2024-02-02 12:00:00,37.1,56.3,1017.8,5.8,0.0,12.6
2024-02-02 13:00:00,36.4,55.2,1017.7,11.1,0.0,13.5
2024-02-02 14:00:00,35.7,54.2,1018.2,7.4,0.0,12.2
2024-02-02 15:00:00,,53.7,1016.0,10.9,0.0,11.6
2024-02-02 16:00:00,33.3,51.4,1016.7,12.7,0.0,9.8
2024-02-02 17:00:00,30.8,53.3,1015.1,16.9,0.0,7.4
2024-02-02 18:00:00,28.0,53.5,1017.7,15.5,0.0,5.5
2024-02-02 19:00:00,26.4,53.4,1017.6,15.8,0.0,2.7
2024-02-02 20:00:00,25.4,58.2,1019.1,17.6,0.0,0.1
2024-02-02 21:00:00,22.2,57.7,1017.4,25.6,0.0,0.0
2024-02-02 22:00:00,20.5,61.5,1016.0,14.2,0.0,0.0
2024-02-02 23:00:00,19.1,62.1,1018.8,26.8,0.0,0.0
2024-02-03 00:00:00,19.9,65.9,1020.6,21.1,0.0,0.0
2024-02-03 01:00:00,20.5,67.6,1018.9,16.1,0.0,0.0
2024-02-03 02:00:00,21.5,67.4,1016.4,8.6,0.0,0.0
2024-02-03 03:00:00,22.3,71.4,1017.5,7.0,0.0,0.0
2024-02-03 04:00:00,24.0,69.4,1014.2,9.8,0.0,0.0
2024-02-03 05:00:00,25.9,73.0,1016.4,7.3,0.0,0.0
2024-02-03 06:00:00,28.5,67.6,1014.3,3.9,0.0,0.5
2024-02-03 07:00:00,30.2,72.3,1017.4,4.9,0.0,2.6
2024-02-03 08:00:00,32.3,67.2,1020.1,4.1,0.0,5.4
2024-02-03 09:00:00,35.5,63.4,1017.3,7.1,0.0,7.8
2024-02-03 10:00:00,36.1,62.3,1017.9,5.6,0.0,9.8
2024-02-03 11:00:00,37.5,58.5,1015.6,10.8,0.0,11.6
2024-02-03 12:00:00,36.2,56.9,1019.2,8.5,0.0,12.8
2024-02-03 13:00:00,36.9,53.1,1015.8,8.1,0.0,12.6
2024-02-03 14:00:00,36.0,54.0,1014.0,7.9,0.0,12.3
2024-02-03 15:00:00,35.0,52.7,1019.4,7.9,0.0,11.7
2024-02-03 16:00:00,33.4,53.6,1016.7,11.5,0.0,10.4
2024-02-03 17:00:00,31.3,54.2,1018.2,14.8,0.0,8.1
2024-02-03 18:00:00,29.7,54.5,1015.7,21.4,0.0,5.7
2024-02-03 19:00:00,26.1,55.1,1018.2,27.2,0.0,2.8
2024-02-03 20:00:00,,53.9,1017.9,21.8,0.0,0
2024-02-03 21:00:00,21.7,59.3,1014.7,9.7,0.0,0.0
2024-02-03 22:00:00,21.6,61.4,1017.4,17.6,0.0,0.0
2024-02-03 23:00:00,20.8,66.2,1018.7,9.2,0.0,0.0
2024-02-04 00:00:00,18.4,64.9,1018.4,11.2,0.0,0.0
04/02/2024 01:00,20.2,65.1,1018.2,7.3,0.0,0.0
2024-02-04 02:00:00,20.6,68.5,1017.7,10.6,0.0,0.0
2024-02-04 03:00:00,21.9,70.7,1016.4,8.2,0.0,0.0
2024-02-04 04:00:00,23.8,71.3,1018.4,9.5,0.0,0.0
2024-02-04 05:00:00,27.1,69.9,1017.1,8.0,0.0,0.0
2024-02-04 06:00:00,28.5,67.5,1015.4,7.1,0.0,0.2
2024-02-04 07:00:00,30.6,65.1,1018.0,7.8,0.0,2.9
2024-02-04 08:00:00,31.9,64.1,1016.0,5.0,0.0,5.4
2024-02-04 09:00:00,33.3,64.8,1017.0,2.8,0.0,8.4
2024-02-04 10:00:00,36.0,58.2,1014.5,5.2,0.0,10.0
2024-02-04 11:00:00,36.4,55.8,1019.4,6.1,0.0,11.5
2024-02-04 12:00:00,38.4,55.9,1017.4,7.4,0.0,12.6
2024-02-04 13:00:00,38.0,55.4,1015.3,16.0,0.0,13.3
2024-02-04 14:00:00,35.4,53.6,1016.5,5.6,0.0,12.3
2024-02-04 15:00:00,34.3,52.1,1016.4,15.0,0.0,11.5
2024-02-04 16:00:00,33.0,53.2,1015.5,8.7,0.0,9.7
2024-02-04 17:00:00,29.8,52.5,1016.7,13.9,0.0,8.1
04/02/2024 18:00,27.4,55.7,1016.4,12.0,0.0,5.6
2024-02-04 19:00:00,26.7,56.5,1016.3,16.3,0.0,3.0
2024-02-04 20:00:00,23.7,53.6,1018.7,16.3,0.0,0.4
2024-02-04 21:00:00,21.8,60.5,1015.3,14.4,0.0,0.0
2024-02-04 22:00:00,20.5,60.4,1014.8,21.9,0.0,0.0
2024-02-04 23:00:00,20.2,67.9,1015.2,8.5,0.0,0.0
2024-02-05 00:00:00,18.9,66.9,1017.5,9.8,0.0,0.0
2024-02-05 01:00:00,20.3,67.6,1019.2,9.6,0.0,0.0
2024-02-05 02:00:00,22.3,66.7,1017.7,10.2,0.0,0.0
2024-02-05 03:00:00,22.9,66.9,1016.7,12.9,0.0,0.0
2024-02-05 04:00:00,23.4,70.4,1017.3,19.6,0.0,0.0
2024-02-05 05:00:00,26.6,70.3,1017.6,6.7,0.0,0.0
05/02/2024 06:00,28.9,67.8,1017.5,7.4,0.0,0
2024-02-05 07:00:00,31.9,65.8,1017.1,,0.0,2.8
2024-02-05 08:00:00,33.4,65.8,1016.7,6.8,0.0,5.3
2024-02-05 09:00:00,34.5,65.7,1015.9,6.4,0.0,7.5
2024-02-05 10:00:00,35.5,63.3,1017.7,7.5,0.0,10.1
2024-02-05 11:00:00,37.1,59.7,1016.6,4.3,0.0,12.1
05/02/2024 12:00,37.0,58.7,1015.0,13.8,0.0,12.2
05/02/2024 13:00,37.3,58.0,1018.7,5.8,0.0,12.5
2024-02-05 14:00:00,35.2,54.4,1015.1,14.6,0.0,12.4
2024-02-05 15:00:00,35.1,52.2,1016.4,15.5,0.0,11.0
2024-02-05 16:00:00,33.2,52.3,1017.0,16.5,0.0,10.1
2024-02-05 17:00:00,30.6,57.2,1017.6,12.4,1.0,8.0
05/02/2024 18:00,28.2,50.8,1016.6,14.1,0.0,5.4
2024-02-05 19:00:00,26.0,60.0,1016.8,11.4,0.0,2.6
2024-02-05 20:00:00,23.7,56.6,1016.9,9.3,0.0,0
2024-02-05 21:00:00,20.7,62.1,1017.6,30.7,0.0,0.0
2024-02-05 22:00:00,20.5,60.9,1018.2,16.9,0.0,0.0
2024-02-05 23:00:00,21.0,,1016.9,11.8,0.0,0.0
2024-02-06 00:00:00,18.3,65.2,1018.1,11.3,0.0,0.0
2024-02-06 01:00:00,19.1,69.9,1014.2,11.1,0.0,0.0
2024-02-06 02:00:00,20.7,69.2,1014.7,6.9,0.0,0.0
2024-02-06 03:00:00,21.7,72.9,1014.3,7.4,0.0,0.0
2024-02-06 04:00:00,23.2,69.1,1017.6,6.7,0.0,0.0
06/02/2024 05:00,25.2,70.4,1019.8,5.9,0.0,0.0
2024-02-06 06:00:00,27.6,71.8,1015.6,8.7,0.0,0
2024-02-06 07:00:00,30.1,69.5,1019.3,7.3,0.0,2.6
2024-02-06 08:00:00,33.7,63.7,1018.9,6.0,0.0,5.8
06/02/2024 09:00,34.6,64.3,1016.3,4.1,0.0,7.9
2024-02-06 10:00:00,35.1,63.3,1015.0,4.7,0.0,10.4
06/02/2024 11:00,37.7,58.8,1015.8,4.0,0.0,11.6
2024-02-06 12:00:00,37.6,58.4,1017.5,10.0,0.0,12.4
2024-02-06 13:00:00,36.4,57.5,1017.3,5.3,0.0,12.6
2024-02-06 14:00:00,35.9,51.2,1015.9,10.3,0.0,12.5
2024-02-06 15:00:00,32.9,54.2,1018.7,11.8,0.0,11.5
2024-02-06 16:00:00,33.4,49.2,1016.7,16.7,0.0,10.0
2024-02-06 17:00:00,30.9,51.4,1015.9,8.3,0.0,7.9
2024-02-06 18:00:00,27.8,55.3,1019.5,14.3,0.0,5.7
2024-02-06 19:00:00,25.7,56.6,1014.5,21.5,0.0,2.5
2024-02-06 20:00:00,24.3,57.0,1015.1,13.8,0.0,0
2024-02-06 21:00:00,21.8,55.3,1016.0,7.8,0.0,0.0
2024-02-06 22:00:00,21.0,60.0,1014.7,17.4,0.0,0.0
2024-02-06 23:00:00,18.9,62.0,1016.0,13.1,0.0,0.0
2024-02-07 00:00:00,20.0,65.2,1015.3,11.4,0.0,0.0
2024-02-07 01:00:00,18.9,68.7,1017.6,10.8,0.0,0.0
2024-02-07 02:00:00,21.7,70.3,1017.8,6.9,0.0,0.0
2024-02-07 03:00:00,21.6,67.4,1013.1,10.4,0.0,0.0
2024-02-07 04:00:00,24.3,67.8,1015.7,10.6,0.0,0.0
2024-02-07 05:00:00,25.6,70.1,1018.0,7.1,0.0,0.0
2024-02-07 06:00:00,27.8,70.8,1017.0,2.8,0.0,0
2024-02-07 07:00:00,30.8,64.7,1019.5,7.7,0.0,2.7
2024-02-07 08:00:00,31.1,65.3,1016.9,5.1,0.0,5.8
2024-02-07 09:00:00,33.7,63.4,1014.3,6.2,0.0,8.1
2024-02-07 10:00:00,35.4,61.9,1019.4,3.5,0.0,9.7
2024-02-07 11:00:00,36.6,58.1,1018.1,4.1,0.0,11.6
2024-02-07 12:00:00,36.9,57.6,1017.3,6.9,0.0,12.5
2024-02-07 13:00:00,38.5,52.9,1017.2,11.7,0.0,12.5
2024-02-07 14:00:00,35.8,55.6,1015.6,8.0,0.0,12.8
2024-02-07 15:00:00,35.0,53.3,1018.0,7.2,0.0,11.6
2024-02-07 16:00:00,31.6,54.1,1018.5,11.5,0.0,9.9
2024-02-07 17:00:00,31.0,53.7,1017.4,11.1,0.0,7.9
2024-02-07 18:00:00,28.2,55.9,1016.5,12.4,0.0,5.6
2024-02-07 19:00:00,26.2,56.3,1016.1,9.4,0.0,3.0
2024-02-07 20:00:00,23.9,57.7,1017.9,22.9,0.0,0
2024-02-07 21:00:00,21.9,61.8,1018.8,13.5,0.0,0.0
2024-02-07 22:00:00,21.1,59.0,1018.0,16.8,0.0,0.0
2024-02-07 23:00:00,19.1,60.8,1017.0,13.3,2.6,0.0
2024-02-08 00:00:00,20.0,65.3,1017.8,18.7,0.0,0.0
2024-02-08 01:00:00,20.2,66.1,1015.0,17.3,0.0,0.0
2024-02-08 02:00:00,21.0,70.1,1017.9,6.9,0.0,0.0
2024-02-08 03:00:00,22.3,67.6,1019.2,11.8,0.0,0.0
2024-02-08 04:00:00,24.2,70.8,1016.7,8.1,0.0,0.0
2024-02-08 05:00:00,25.7,65.1,1019.8,4.1,0.0,0.0
2024-02-08 06:00:00,27.3,71.6,1017.5,4.5,0.0,0
2024-02-08 07:00:00,31.4,64.3,1015.8,6.3,0.0,3.0
2024-02-08 08:00:00,33.5,66.3,1015.5,6.7,0.0,5.8
2024-02-08 09:00:00,33.5,65.9,1019.4,8.4,0.0,7.5
2024-02-08 10:00:00,36.4,61.9,1017.5,7.8,0.0,9.8
2024-02-08 11:00:00,37.6,58.7,1016.6,9.4,0.0,11.0
2024-02-08 12:00:00,37.5,54.9,1015.1,7.3,0.0,12.2
2024-02-08 13:00:00,35.4,56.0,1014.7,9.9,0.0,13.2
2024-02-08 14:00:00,37.4,52.3,1017.7,12.9,0.0,12.3
08/02/2024 15:00,34.2,51.7,1015.7,7.8,0.0,11.2
2024-02-08 16:00:00,31.4,57.8,1015.1,10.4,0.0,9.8
2024-02-08 17:00:00,30.4,51.5,1013.5,6.5,0.0,7.9
08/02/2024 18:00,28.5,54.9,1018.3,14.0,0.0,5.6
2024-02-08 19:00:00,25.7,55.0,1015.7,8.2,0.0,2.9
2024-02-08 20:00:00,24.1,57.2,1016.7,14.0,0.0,0.2
2024-02-08 21:00:00,22.8,58.9,1015.5,12.5,0.0,0.0
2024-02-08 22:00:00,20.9,60.7,1019.0,23.0,0.0,0.0
2024-02-08 23:00:00,19.5,61.1,1015.1,15.0,0.0,0.0
2024-02-09 00:00:00,20.0,65.3,1018.3,14.1,0.0,0.0
2024-02-09 01:00:00,18.8,68.5,1017.1,10.3,0.0,0.0
2024-02-09 02:00:00,20.9,67.2,1017.3,13.2,0.0,0.0
09/02/2024 03:00,21.2,73.8,1019.4,3.6,0.0,0.0
09/02/2024 04:00,24.3,67.1,1017.0,7.2,0.0,0.0
2024-02-09 05:00:00,26.1,67.4,1017.6,6.1,0.0,0.0
2024-02-09 06:00:00,26.9,69.6,1019.1,5.5,0.0,0
2024-02-09 07:00:00,31.2,67.7,1015.7,4.3,0.0,2.6
2024-02-09 08:00:00,32.6,62.0,1015.7,6.5,0.0,5.4
2024-02-09 09:00:00,33.5,64.3,1017.8,14.2,0.0,7.8
2024-02-09 10:00:00,35.7,60.0,1015.9,4.2,0.0,10.3
2024-02-09 11:00:00,36.5,58.2,1016.7,7.6,0.0,11.0
2024-02-09 12:00:00,36.8,57.5,1013.7,12.2,0.0,12.3
2024-02-09 13:00:00,36.9,51.1,1014.3,10.2,0.0,12.7
2024-02-09 14:00:00,35.7,56.5,1019.2,6.7,0.0,12.1
2024-02-09 15:00:00,34.5,51.9,1019.0,8.3,0.0,10.9
2024-02-09 16:00:00,31.8,56.6,1016.1,19.9,0.0,9.8
2024-02-09 17:00:00,30.0,57.2,1014.4,17.0,0.0,7.7
2024-02-09 18:00:00,28.5,51.7,1016.3,17.2,0.0,5.5
2024-02-09 19:00:00,25.7,60.5,1015.7,16.8,0.0,2.6
2024-02-09 20:00:00,23.8,57.9,1017.5,11.9,0.0,0
2024-02-09 21:00:00,22.5,57.8,1016.2,21.2,0.0,0.0
2024-02-09 22:00:00,21.1,60.6,1017.6,15.6,0.0,0.0
2024-02-09 23:00:00,19.5,63.6,1014.6,22.8,0.0,0.0
2024-02-10 00:00:00,18.5,67.8,,20.7,0.0,0.0
2024-02-10 01:00:00,19.0,67.0,1017.9,12.2,0.0,0.0
2024-02-10 02:00:00,20.0,69.9,1016.6,6.1,0.0,0.0
2024-02-10 03:00:00,22.2,70.6,1016.2,7.3,0.0,0.0
2024-02-10 04:00:00,23.7,70.1,1012.5,10.0,0.0,0.0
2024-02-10 05:00:00,25.7,69.0,1017.4,5.1,0.0,0.0
2024-02-10 06:00:00,26.8,72.1,1016.1,3.8,0.0,0.0
2024-02-10 07:00:00,29.9,68.3,1017.3,3.2,0.0,2.9
10/02/2024 08:00,32.0,66.0,1015.0,5.0,0.0,5.3
2024-02-10 09:00:00,56.7,63.1,1016.9,3.0,0.0,7.9
2024-02-10 10:00:00,34.9,61.0,1016.7,7.1,0.0,10.3
10/02/2024 11:00,36.2,59.5,1014.2,6.6,0.0,11.6
2024-02-10 12:00:00,37.6,56.9,1019.1,5.3,0.0,12.3
2024-02-10 13:00:00,36.6,51.7,1020.2,6.4,0.0,12.4
2024-02-10 14:00:00,36.2,53.3,1020.1,14.9,0.0,12.1
2024-02-10 15:00:00,33.5,55.2,1017.5,8.8,0.0,11.8
10/02/2024 16:00,32.6,50.7,1018.0,19.3,0.0,10.1
2024-02-10 17:00:00,30.5,53.8,1016.7,14.1,0.0,7.6
2024-02-10 18:00:00,28.0,53.1,1015.1,18.6,0.0,5.4
2024-02-10 19:00:00,24.6,55.9,1020.5,9.2,0.0,2.9
10/02/2024 20:00,23.3,56.4,1018.5,13.1,0.0,0.2
2024-02-10 21:00:00,21.6,57.4,1016.8,21.5,0.0,0.0
2024-02-10 22:00:00,20.7,60.4,1015.6,10.6,0.0,0.0
2024-02-10 23:00:00,19.3,63.9,1017.7,8.6,0.0,0.0
2024-02-11 00:00:00,18.8,67.6,1013.0,14.7,0.0,0.0
2024-02-11 01:00:00,17.7,68.0,1016.7,11.6,0.0,0.0
2024-02-11 02:00:00,20.8,70.2,1018.5,9.3,0.0,0.0
2024-02-11 03:00:00,20.9,69.7,1016.2,6.5,0.0,0.0
2024-02-11 04:00:00,23.7,70.9,1020.2,13.9,0.0,0.0
2024-02-11 05:00:00,26.9,71.2,1014.9,6.8,0.0,0.0
2024-02-11 06:00:00,27.3,69.6,1016.3,7.3,0.0,0
11/02/2024 07:00,30.1,63.6,1016.7,5.0,0.0,2.7
2024-02-11 08:00:00,33.0,65.8,1019.0,8.2,0.0,5.5
2024-02-11 09:00:00,34.1,58.9,1017.0,4.3,0.0,7.7
2024-02-11 10:00:00,36.8,58.0,,7.2,0.0,9.9
2024-02-11 11:00:00,36.6,57.8,1015.0,6.6,0.0,11.2
2024-02-11 12:00:00,35.8,56.7,1014.8,7.4,0.0,12.1
11/02/2024 13:00,37.7,52.6,1017.7,10.3,0.0,12.5
2024-02-11 14:00:00,34.7,54.9,1018.8,8.3,0.0,12.8
2024-02-11 15:00:00,34.4,52.5,1016.9,8.2,0.0,11.3
2024-02-11 16:00:00,32.5,54.3,1017.1,12.8,0.0,9.8
2024-02-11 17:00:00,30.3,52.5,1015.8,11.3,0.0,7.5
2024-02-11 18:00:00,26.4,54.9,1015.7,11.6,0.0,5.8
2024-02-11 19:00:00,25.1,57.2,1015.4,16.8,0.0,3.3
2024-02-11 20:00:00,22.7,58.4,1016.3,15.9,0.0,0
2024-02-11 21:00:00,21.9,62.2,1014.7,16.4,0.0,0.0
2024-02-11 22:00:00,20.4,61.9,1016.5,16.6,0.0,0.0
2024-02-11 23:00:00,18.7,66.6,1015.5,11.3,0.0,0.0
2024-02-12 00:00:00,18.5,64.6,1019.7,15.3,0.0,0.0
2024-02-12 01:00:00,18.3,69.1,1020.7,12.4,0.0,0.0
2024-02-12 02:00:00,19.9,67.5,1013.7,8.3,0.0,0.0
2024-02-12 03:00:00,21.1,69.8,1017.4,6.3,0.0,0.0
2024-02-12 04:00:00,24.4,67.5,1016.0,5.1,0.0,0.0
2024-02-12 05:00:00,24.7,72.9,1017.7,5.5,0.0,0.0
2024-02-12 06:00:00,28.5,68.7,1017.3,5.0,0.0,0.1
2024-02-12 07:00:00,29.9,68.5,1015.1,5.8,0.0,3.2
2024-02-12 08:00:00,32.5,60.9,1017.2,4.1,0.0,5.5
2024-02-12 09:00:00,34.4,63.8,1015.9,6.6,0.0,7.8
2024-02-12 10:00:00,36.2,59.3,1017.6,7.9,0.0,9.9
2024-02-12 11:00:00,35.9,61.2,1016.3,9.8,0.0,11.2
2024-02-12 12:00:00,37.4,54.0,1016.3,8.3,0.0,12.3
2024-02-12 13:00:00,37.1,53.4,1016.0,9.6,0.0,12.3
2024-02-12 14:00:00,35.0,55.5,1017.9,14.6,0.0,11.9
2024-02-12 15:00:00,34.0,55.1,1017.0,10.2,0.0,11.7
2024-02-12 16:00:00,31.8,54.7,1018.1,12.9,0.0,10.0
2024-02-12 17:00:00,30.8,54.3,1017.1,13.4,0.0,7.7
2024-02-12 18:00:00,28.5,53.7,1015.8,13.1,0.0,5.3
2024-02-12 19:00:00,25.4,54.9,1018.0,17.6,0.0,2.6
2024-02-12 20:00:00,23.3,57.2,1018.3,19.7,0.0,0
2024-02-12 21:00:00,20.9,60.6,1016.3,16.6,0.0,0.0
2024-02-12 22:00:00,21.3,61.9,1016.2,12.1,0.0,0.0
2024-02-12 23:00:00,19.9,63.0,1018.4,17.7,0.0,0.0
2024-02-13 00:00:00,18.7,67.1,1015.2,27.9,0.0,0.0
13/02/2024 01:00,19.9,65.2,1016.9,8.7,0.0,0.0
2024-02-13 02:00:00,19.0,69.4,1017.7,9.0,0.0,0.0
2024-02-13 03:00:00,21.5,72.0,1018.0,8.0,0.0,0.0
2024-02-13 04:00:00,23.4,70.9,1017.4,13.8,0.0,0.0
2024-02-13 05:00:00,25.6,71.1,1018.1,4.5,0.0,0.0
2024-02-13 06:00:00,28.7,71.0,1016.2,5.2,0.0,0
2024-02-13 07:00:00,31.0,64.9,1013.0,3.9,0.0,2.6
2024-02-13 08:00:00,31.7,64.7,1017.7,4.3,0.0,5.8
2024-02-13 09:00:00,34.8,65.4,1016.5,4.4,0.0,8.2
2024-02-13 10:00:00,36.4,59.1,1016.8,3.6,0.0,10.3
2024-02-13 11:00:00,36.2,60.2,1018.4,8.8,0.0,11.1
2024-02-13 12:00:00,36.0,57.8,1016.1,12.0,0.0,12.5
2024-02-13 13:00:00,35.6,57.0,1017.8,4.9,0.0,12.3
2024-02-13 14:00:00,34.7,58.0,1018.0,14.2,0.0,12.5
2024-02-13 15:00:00,33.7,53.3,1014.7,13.3,0.0,11.6
2024-02-13 16:00:00,32.8,54.5,1017.0,11.1,0.0,10.0
13/02/2024 17:00,28.6,53.3,1019.3,23.2,0.0,7.6
2024-02-13 18:00:00,26.4,53.6,1019.7,16.7,0.0,5.5
2024-02-13 19:00:00,26.0,55.9,1016.9,9.8,0.0,2.7
2024-02-13 20:00:00,24.2,54.1,1016.4,12.3,0.0,0
2024-02-13 21:00:00,20.6,61.8,1014.4,13.3,0.0,0.0
2024-02-13 22:00:00,19.7,64.9,1018.7,20.0,0.0,0.0
2024-02-13 23:00:00,19.8,63.2,1018.1,18.2,0.0,0.0
2024-02-14 00:00:00,19.8,66.2,1019.7,11.8,0.0,0.0
2024-02-14 01:00:00,20.0,,1017.9,17.4,0.0,0.0
2024-02-14 02:00:00,21.7,68.1,1014.5,13.6,0.0,0.0
2024-02-14 03:00:00,21.2,72.7,1014.3,7.6,0.0,0.0
14/02/2024 04:00,22.3,65.2,1017.2,5.6,0.0,0.0
14/02/2024 05:00,25.4,69.8,1016.6,6.0,0.0,0.0
2024-02-14 06:00:00,25.5,71.5,1017.5,6.1,0.0,0
2024-02-14 07:00:00,29.6,64.3,1018.6,6.7,0.0,2.5
2024-02-14 08:00:00,31.5,69.2,1016.6,3.7,0.0,5.8
2024-02-14 09:00:00,34.2,65.9,1019.6,6.9,0.0,7.9
2024-02-14 10:00:00,35.2,62.2,1016.4,4.3,0.0,9.7
2024-02-14 11:00:00,36.1,61.5,1017.2,5.9,0.0,11.2
2024-02-14 12:00:00,35.9,60.1,1016.9,12.9,0.0,12.2
2024-02-14 13:00:00,35.5,54.9,1016.4,7.1,0.0,12.4
2024-02-14 14:00:00,36.2,52.2,1016.0,6.5,0.0,12.4
2024-02-14 15:00:00,34.0,54.3,1018.2,9.8,0.0,11.0
2024-02-14 16:00:00,32.2,55.8,1014.5,23.9,0.0,9.8
2024-02-14 17:00:00,29.7,53.1,1016.5,18.0,0.0,7.7
2024-02-14 18:00:00,28.5,54.5,1018.1,19.5,0.0,5.7
2024-02-14 19:00:00,24.6,55.9,1016.8,12.2,0.0,3.2
2024-02-14 20:00:00,22.9,58.3,1013.9,16.9,0.0,0
2024-02-14 21:00:00,21.2,59.2,1014.2,30.3,0.0,0.0
2024-02-14 22:00:00,21.2,59.9,1015.7,15.0,0.0,0.0
2024-02-14 23:00:00,19.8,105,1018.6,29.9,0.0,0.0
2024-02-15 00:00:00,19.0,61.0,1016.8,9.3,0.0,0.0
2024-02-15 01:00:00,19.1,66.9,1015.4,10.5,0.0,0.0
2024-02-15 02:00:00,20.3,65.7,1018.4,4.7,0.0,0.0
2024-02-15 03:00:00,22.2,68.1,1018.8,11.1,0.0,0.0
15/02/2024 04:00,22.7,69.5,1014.0,4.1,0.0,0.0
2024-02-15 05:00:00,25.1,71.4,1014.7,6.9,0.0,0.0
2024-02-15 06:00:00,27.5,69.9,1015.1,6.0,0.0,0.2
2024-02-15 07:00:00,28.4,70.1,1014.9,3.3,0.0,2.9
2024-02-15 08:00:00,32.4,64.0,1014.2,4.8,0.0,5.4
2024-02-15 09:00:00,34.0,62.4,1019.3,,0.0,7.8
2024-02-15 10:00:00,34.4,63.7,1016.7,6.6,0.0,9.4
2024-02-15 11:00:00,35.4,63.1,1016.7,5.2,0.0,11.5
2024-02-15 12:00:00,36.4,58.8,1017.0,5.4,0.0,12.2
2024-02-15 13:00:00,36.3,58.1,1015.7,5.1,0.0,12.6
2024-02-15 14:00:00,34.6,55.3,1016.4,6.6,0.0,12.3
2024-02-15 15:00:00,32.7,50.9,1014.2,10.5,0.0,11.5
2024-02-15 16:00:00,31.0,52.7,1016.1,11.2,0.0,9.0
2024-02-15 17:00:00,29.5,53.9,1016.3,27.0,0.0,7.6
2024-02-15 18:00:00,27.6,55.0,1016.9,18.1,0.0,5.9
2024-02-15 19:00:00,25.8,54.3,1015.8,19.5,0.0,2.8
2024-02-15 20:00:00,22.3,57.4,1018.8,11.0,0.0,0
2024-02-15 21:00:00,19.9,61.3,1016.6,20.5,0.0,0.0
2024-02-15 22:00:00,20.3,63.4,1016.2,14.1,0.0,0.0
2024-02-15 23:00:00,18.4,66.3,1016.3,9.2,0.0,0.0
2024-02-16 00:00:00,19.0,64.9,1015.1,6.3,0.0,0.0
2024-02-16 01:00:00,18.6,63.9,1015.9,13.7,0.0,0.0
2024-02-16 02:00:00,18.4,72.2,1019.7,7.4,0.0,0.0
2024-02-16 03:00:00,21.1,70.9,1015.4,13.2,0.0,0.0
16/02/2024 04:00,23.7,71.1,1016.4,6.6,0.0,0.0
2024-02-16 05:00:00,24.8,70.4,1014.9,5.5,0.0,0.0
2024-02-16 06:00:00,26.3,69.7,1016.8,5.1,0.0,0
2024-02-16 07:00:00,31.1,65.9,1014.9,3.4,0.0,3.1
16/02/2024 08:00,30.7,67.3,1019.3,3.3,0.0,5.1
2024-02-16 09:00:00,33.7,65.5,1016.0,5.1,0.0,7.9
2024-02-16 10:00:00,35.5,59.4,1016.8,4.2,0.0,9.9
2024-02-16 11:00:00,35.5,59.1,1015.7,7.5,0.0,10.9
2024-02-16 12:00:00,34.8,56.4,1018.3,9.9,0.0,12.0
2024-02-16 13:00:00,36.1,59.0,1016.9,9.0,0.0,12.8
2024-02-16 14:00:00,36.3,54.3,1015.2,6.1,0.0,11.9
2024-02-16 15:00:00,33.6,53.4,1013.0,11.7,0.0,11.1
2024-02-16 16:00:00,32.3,51.0,1018.0,6.6,0.0,10.1
2024-02-16 17:00:00,29.0,54.9,1017.1,13.3,0.0,8.0
2024-02-16 18:00:00,27.7,52.0,1015.6,11.5,0.0,5.5
2024-02-16 19:00:00,25.1,54.5,1016.5,9.3,0.0,2.7
2024-02-16 20:00:00,23.9,58.4,1016.7,11.7,0.0,0.1
2024-02-16 21:00:00,22.0,60.0,1016.7,8.8,0.0,0.0
2024-02-16 22:00:00,19.1,65.1,1017.4,12.5,0.0,0.0
2024-02-16 23:00:00,18.3,65.3,1016.9,12.3,0.0,0.0
2024-02-17 00:00:00,18.3,68.0,1016.1,9.8,0.0,0.0
2024-02-17 01:00:00,18.6,69.8,1017.3,13.6,0.0,0.0
2024-02-17 02:00:00,20.6,67.9,1015.7,10.1,0.0,0.0
2024-02-17 03:00:00,20.4,69.7,1017.0,9.6,0.0,0.0
2024-02-17 04:00:00,23.4,71.3,1012.8,5.3,0.0,0.0
2024-02-17 05:00:00,24.2,71.4,1017.7,6.0,0.0,0.0
2024-02-17 06:00:00,28.1,67.0,1018.1,3.5,0.0,0
2024-02-17 07:00:00,28.1,69.2,1018.8,4.1,0.0,2.4
17/02/2024 08:00,31.1,68.7,1017.8,6.4,0.0,5.7
2024-02-17 09:00:00,33.2,61.7,1017.6,5.2,0.0,7.3
2024-02-17 10:00:00,34.6,62.9,1015.4,3.4,0.0,9.7
2024-02-17 11:00:00,34.8,60.9,1016.5,7.7,0.0,11.5
2024-02-17 12:00:00,35.7,58.0,1015.7,5.8,0.0,11.8
2024-02-17 13:00:00,35.6,57.2,1016.7,6.6,0.0,12.5
2024-02-17 14:00:00,35.5,55.1,1018.9,6.7,0.0,11.9
2024-02-17 15:00:00,32.7,54.0,1014.3,10.0,0.0,11.5
2024-02-17 16:00:00,30.5,56.2,1016.5,7.1,0.0,10.0
2024-02-17 17:00:00,30.3,55.0,1016.0,17.1,0.0,7.9
2024-02-17 18:00:00,26.9,53.8,1017.4,9.7,0.0,5.2
2024-02-17 19:00:00,24.6,57.3,1014.2,34.6,0.0,2.8
2024-02-17 20:00:00,23.7,58.4,1017.1,8.5,0.0,0
2024-02-17 21:00:00,21.9,61.5,1018.9,13.9,0.0,0.0
2024-02-17 22:00:00,19.5,60.9,1018.2,11.1,0.0,0.0
2024-02-17 23:00:00,18.1,63.6,1016.2,10.5,0.0,0.0
2024-02-18 00:00:00,18.3,64.6,1016.6,7.9,0.0,0.0
2024-02-18 01:00:00,18.9,68.7,1017.0,7.8,0.0,0.0
2024-02-18 02:00:00,19.8,67.5,1015.5,7.5,0.0,0.0
18/02/2024 03:00,21.2,71.0,1013.9,13.7,0.0,0.0
2024-02-18 04:00:00,23.3,68.8,1015.3,9.1,0.0,0.0
2024-02-18 05:00:00,24.3,68.8,1016.5,4.5,0.0,0.0
2024-02-18 06:00:00,,69.6,1013.5,4.3,0.0,0
2024-02-18 07:00:00,28.8,69.1,1015.6,2.3,0.0,2.9
2024-02-18 08:00:00,30.2,66.2,1015.3,3.9,0.0,5.7
2024-02-18 09:00:00,33.2,64.5,1015.9,4.9,0.0,7.9
2024-02-18 10:00:00,,58.9,1013.5,5.5,0.0,9.7
2024-02-18 11:00:00,35.8,57.4,1017.7,4.0,0.0,10.8
2024-02-18 12:00:00,35.7,56.6,1017.3,3.9,0.0,12.0
2024-02-18 13:00:00,34.7,56.7,1014.9,8.0,0.0,12.2
2024-02-18 14:00:00,34.8,55.7,1014.9,9.9,0.0,11.9
2024-02-18 15:00:00,33.2,55.3,1017.1,15.3,0.0,11.1
2024-02-18 16:00:00,31.8,52.9,1017.9,6.1,0.0,9.4
2024-02-18 17:00:00,28.8,54.5,1017.2,10.9,0.0,8.0
2024-02-18 18:00:00,27.1,54.4,1016.7,9.7,0.0,5.3
2024-02-18 19:00:00,26.2,55.4,1017.3,8.7,0.0,2.3
2024-02-18 20:00:00,22.9,59.6,1016.2,11.7,0.0,0
2024-02-18 21:00:00,21.2,62.2,1014.0,18.3,0.0,0.0
2024-02-18 22:00:00,19.6,60.7,1017.0,14.6,0.0,0.0
2024-02-18 23:00:00,19.7,64.0,1016.4,13.3,0.0,0.0
2024-02-19 00:00:00,17.8,66.6,1016.5,8.7,0.0,0.0
2024-02-19 01:00:00,19.1,67.4,1014.8,8.6,0.0,0.0
2024-02-19 02:00:00,19.0,72.3,1018.1,10.6,0.0,0.0
2024-02-19 03:00:00,21.5,68.4,1018.3,5.7,0.0,0.0
2024-02-19 04:00:00,22.2,73.7,1016.7,10.5,0.0,0.0
2024-02-19 05:00:00,24.0,71.4,1015.5,7.3,0.0,0.0
2024-02-19 06:00:00,,71.6,1014.8,6.5,0.0,0
2024-02-19 07:00:00,29.9,67.0,1014.6,2.8,0.0,3.0
2024-02-19 08:00:00,31.4,66.3,1015.6,5.2,0.0,5.5
2024-02-19 09:00:00,,65.2,1016.3,5.7,0.0,7.8
2024-02-19 10:00:00,34.4,60.7,1016.9,5.6,0.0,9.7
2024-02-19 11:00:00,35.9,58.4,1014.9,4.0,0.0,11.1
2024-02-19 12:00:00,35.8,57.5,1017.0,3.7,0.0,12.1
2024-02-19 13:00:00,35.6,56.6,1018.3,6.3,0.0,11.8
2024-02-19 14:00:00,33.7,59.1,1015.5,19.1,0.0,12.3
2024-02-19 15:00:00,34.0,55.0,1016.8,9.8,0.0,11.1
2024-02-19 16:00:00,32.1,54.2,1018.1,11.3,0.0,10.1
2024-02-19 17:00:00,29.8,53.0,1019.7,7.9,0.0,7.5
2024-02-19 18:00:00,28.4,54.1,1017.0,13.5,0.0,4.7
2024-02-19 19:00:00,26.2,55.9,1017.0,12.8,0.0,3.0
2024-02-19 20:00:00,22.3,61.3,1015.6,8.1,0.0,0
2024-02-19 21:00:00,21.8,59.4,1020.0,9.4,0.0,0.0
2024-02-19 22:00:00,19.1,63.7,1012.7,10.5,0.0,0.0
2024-02-19 23:00:00,17.9,62.6,1017.9,25.4,0.0,0.0
2024-02-20 00:00:00,17.9,66.1,1018.5,11.0,0.0,0.0
2024-02-20 01:00:00,19.2,68.6,1015.9,18.1,0.0,0.0
2024-02-20 02:00:00,19.1,73.1,1017.1,6.7,0.0,0.0
2024-02-20 03:00:00,,72.3,1016.2,9.0,0.0,0.0
2024-02-20 04:00:00,23.5,70.1,1017.3,6.3,0.0,0.0
2024-02-20 05:00:00,25.2,69.7,1016.1,6.6,0.0,0.0
2024-02-20 06:00:00,26.4,68.7,1015.0,7.7,0.0,0
2024-02-20 07:00:00,29.7,67.2,1016.1,3.5,0.0,2.8
2024-02-20 08:00:00,31.7,65.6,1015.4,4.1,0.0,5.1
2024-02-20 09:00:00,32.9,61.6,1015.7,2.3,0.0,7.5
2024-02-20 10:00:00,35.7,61.4,1014.9,7.2,0.0,9.1
2024-02-20 11:00:00,35.6,58.7,1016.0,8.6,0.0,10.6
2024-02-20 12:00:00,34.6,58.5,1016.7,8.5,0.0,12.2
2024-02-20 13:00:00,36.2,54.2,1017.5,11.2,0.0,12.4
2024-02-20 14:00:00,34.0,53.8,1014.5,7.8,0.0,11.3
2024-02-20 15:00:00,33.1,54.1,1014.8,9.8,0.0,11.0
2024-02-20 16:00:00,,55.9,1018.5,10.9,0.0,9.3
2024-02-20 17:00:00,29.2,53.2,1015.2,13.4,0.0,7.5
2024-02-20 18:00:00,26.1,56.0,1016.5,16.2,0.0,5.0
2024-02-20 19:00:00,24.0,56.3,1017.9,12.9,0.0,2.8
2024-02-20 20:00:00,22.9,56.4,1014.2,19.3,0.0,0
2024-02-20 21:00:00,20.7,58.6,1016.0,15.0,0.0,0.0
20/02/2024 22:00,19.8,61.0,1017.8,22.1,0.0,0.0
2024-02-20 23:00:00,19.3,61.4,1019.6,11.5,0.0,0.0
2024-02-21 00:00:00,19.2,64.9,1016.1,13.9,0.0,0.0
2024-02-21 01:00:00,18.9,71.4,1019.0,9.5,0.0,0.0
2024-02-21 02:00:00,19.3,69.8,1015.3,11.2,0.0,0.0
2024-02-21 03:00:00,20.8,70.7,1015.3,5.3,0.0,0.0
2024-02-21 04:00:00,22.1,70.7,1015.6,6.9,0.0,0.0
2024-02-21 05:00:00,24.1,69.1,1015.1,3.7,0.0,0.0
2024-02-21 06:00:00,27.4,68.6,1017.4,5.1,0.0,0
2024-02-21 07:00:00,28.8,67.4,1013.8,3.9,0.0,3.0
2024-02-21 08:00:00,30.9,66.4,1018.1,8.1,0.0,5.3
2024-02-21 09:00:00,32.6,65.0,1017.7,3.5,0.0,7.6
2024-02-21 10:00:00,33.9,63.0,1015.9,4.1,0.0,9.0
2024-02-21 11:00:00,34.6,61.5,1014.4,8.6,0.0,10.9
2024-02-21 12:00:00,36.0,55.4,1014.8,8.3,0.0,11.6
21/02/2024 13:00,35.0,57.5,1013.6,3.3,0.0,12.2
2024-02-21 14:00:00,35.0,54.2,1016.2,11.7,0.0,12.3
2024-02-21 15:00:00,32.5,56.0,1016.0,10.1,0.0,11.3
2024-02-21 16:00:00,31.7,52.5,1014.9,12.5,0.0,9.4
2024-02-21 17:00:00,28.2,52.6,1016.9,9.4,0.0,7.1
2024-02-21 18:00:00,27.2,54.9,1015.6,12.3,0.0,5.5
2024-02-21 19:00:00,25.3,55.2,1015.5,11.9,0.0,2.8
2024-02-21 20:00:00,21.1,60.0,1017.5,14.1,0.0,0.0
2024-02-21 21:00:00,20.8,61.2,1015.6,28.5,0.0,0.0
2024-02-21 22:00:00,19.9,64.2,1015.4,11.3,0.0,0.0
2024-02-21 23:00:00,17.6,67.1,1014.9,11.0,0.0,0.0
2024-02-22 00:00:00,17.8,66.3,1015.9,21.4,0.0,0.0
2024-02-22 01:00:00,19.3,68.0,1013.1,11.2,0.0,0.0
2024-02-22 02:00:00,21.2,68.0,1016.2,12.2,0.0,0.0
2024-02-22 03:00:00,20.5,69.9,1014.6,7.0,0.0,0.0
2024-02-22 04:00:00,23.1,65.1,1014.5,10.0,0.0,0.0
2024-02-22 05:00:00,23.7,69.9,1015.2,6.9,0.0,0.0
2024-02-22 06:00:00,27.5,65.8,1015.4,3.5,0.0,0
22/02/2024 07:00,29.1,68.2,1013.7,4.0,0.0,2.9
2024-02-22 08:00:00,30.4,64.6,1015.4,2.9,0.0,5.6
22/02/2024 09:00,32.1,64.4,1016.4,2.9,0.0,7.9
2024-02-22 10:00:00,34.4,60.0,1018.5,6.6,0.0,10.1
2024-02-22 11:00:00,36.2,57.4,1017.3,7.9,0.0,11.0
2024-02-22 12:00:00,35.1,58.4,1017.0,15.9,0.0,11.4
2024-02-22 13:00:00,34.5,55.0,1013.6,6.2,0.0,12.1
2024-02-22 14:00:00,34.5,57.9,1014.3,12.4,0.0,11.7
2024-02-22 15:00:00,31.8,56.7,1017.7,11.4,0.0,11.1
2024-02-22 16:00:00,30.6,54.9,1013.7,12.0,0.0,9.7
2024-02-22 17:00:00,28.4,51.7,1018.2,11.0,0.0,7.9
2024-02-22 18:00:00,24.4,56.4,1018.8,19.3,0.0,5.3
2024-02-22 19:00:00,24.3,56.2,1018.1,10.9,0.0,3.0
2024-02-22 20:00:00,22.9,57.4,1015.7,11.6,0.0,0.1
2024-02-22 21:00:00,19.3,62.2,1016.9,13.2,0.0,0.0
2024-02-22 22:00:00,18.9,59.0,1019.2,19.8,0.0,0.0
2024-02-22 23:00:00,18.0,66.9,1015.9,22.1,0.0,0.0
2024-02-23 00:00:00,17.9,69.4,1015.6,10.8,0.0,0.0
2024-02-23 01:00:00,19.2,68.7,1015.0,11.8,0.0,0.0
2024-02-23 02:00:00,18.5,72.9,1017.4,15.0,0.0,0.0
2024-02-23 03:00:00,21.4,71.5,1017.0,7.9,0.0,0.0
2024-02-23 04:00:00,22.1,72.9,1017.8,13.8,0.0,0.0
2024-02-23 05:00:00,25.1,69.1,1016.0,3.9,0.0,0.0
2024-02-23 06:00:00,27.2,68.7,1013.7,3.9,0.0,0
2024-02-23 07:00:00,28.0,65.1,1015.5,5.2,0.0,2.7
2024-02-23 08:00:00,32.5,68.8,1015.0,5.0,0.0,5.4
2024-02-23 09:00:00,31.3,64.5,1014.2,6.4,0.0,7.8
2024-02-23 10:00:00,33.8,67.0,1015.1,9.2,0.0,9.3
2024-02-23 11:00:00,34.3,62.6,1015.8,5.1,0.0,10.9
23/02/2024 12:00,35.5,56.7,1016.8,8.4,0.0,11.6
2024-02-23 13:00:00,34.5,59.1,1016.4,11.9,0.0,12.4
2024-02-23 14:00:00,33.3,55.4,1015.0,9.2,0.0,11.8
2024-02-23 15:00:00,32.5,58.9,1016.9,26.3,0.0,11.0
2024-02-23 16:00:00,30.5,55.9,1015.1,31.0,0.0,9.4
2024-02-23 17:00:00,28.8,52.5,1015.9,20.7,0.0,7.6
2024-02-23 18:00:00,26.0,57.5,1018.6,14.0,0.0,5.4
2024-02-23 19:00:00,24.7,57.0,1015.2,18.1,0.0,2.3
2024-02-23 20:00:00,21.4,57.9,1015.0,12.0,0.0,0
2024-02-23 21:00:00,21.6,62.6,1017.3,21.8,0.0,0.0
2024-02-23 22:00:00,18.9,64.0,1015.8,10.7,0.0,0.0
2024-02-23 23:00:00,18.1,65.1,1014.3,9.2,0.0,0.0
2024-02-24 00:00:00,17.9,66.9,1016.4,15.1,0.0,0.0
2024-02-24 01:00:00,,71.3,1015.3,12.7,0.0,0.0
2024-02-24 02:00:00,18.8,70.5,1014.8,8.9,0.0,0.0
2024-02-24 03:00:00,19.5,70.7,1016.4,9.1,0.0,0.0
2024-02-24 04:00:00,21.7,72.9,1017.0,4.4,0.0,0.0
2024-02-24 05:00:00,25.3,74.3,1015.2,8.0,0.0,0.0
2024-02-24 06:00:00,27.4,69.7,1012.8,4.7,0.0,0
24/02/2024 07:00,28.5,71.5,1016.3,4.5,0.0,2.9
2024-02-24 08:00:00,31.0,67.3,1018.5,2.6,0.0,5.4
2024-02-24 09:00:00,32.0,63.3,1014.6,2.6,0.0,7.4
2024-02-24 10:00:00,34.5,62.8,1015.9,3.5,0.0,9.6
2024-02-24 11:00:00,34.3,59.8,1017.1,8.0,0.0,10.7
2024-02-24 12:00:00,35.7,59.3,1018.3,3.7,0.0,11.6
2024-02-24 13:00:00,35.6,53.4,1016.6,6.8,0.0,12.1
2024-02-24 14:00:00,34.9,56.9,1017.4,7.4,0.0,11.8
2024-02-24 15:00:00,31.8,53.6,1018.2,7.8,0.0,11.0
2024-02-24 16:00:00,30.4,52.1,1015.5,19.6,0.0,9.6
2024-02-24 17:00:00,28.2,56.1,1014.9,9.0,0.0,7.2
2024-02-24 18:00:00,25.1,54.5,1019.9,15.4,0.0,5.1
2024-02-24 19:00:00,23.2,56.0,1014.3,15.0,0.0,2.5
2024-02-24 20:00:00,22.7,60.8,1015.7,16.2,0.0,0
2024-02-24 21:00:00,20.1,61.6,1017.4,14.1,0.0,0.0
2024-02-24 22:00:00,18.8,64.2,1014.1,11.4,0.0,0.0
24/02/2024 23:00,17.8,63.9,1016.9,18.3,0.0,0.0
2024-02-25 00:00:00,17.1,68.0,1015.3,23.6,0.0,0.0
2024-02-25 01:00:00,17.4,66.0,1017.2,11.8,0.0,0.0
2024-02-25 02:00:00,17.3,70.3,1013.6,9.6,0.0,0.0
2024-02-25 03:00:00,20.4,71.2,1015.9,6.1,0.0,0.0
2024-02-25 04:00:00,20.8,71.5,1015.1,6.1,0.0,0.0
2024-02-25 05:00:00,24.1,67.4,1016.5,6.2,0.0,0.0
2024-02-25 06:00:00,26.7,71.1,1016.7,4.6,0.0,0.3
2024-02-25 07:00:00,29.5,66.4,1016.2,7.4,0.0,2.6
2024-02-25 08:00:00,31.2,,1015.6,5.1,0.0,5.1
2024-02-25 09:00:00,31.3,64.8,1017.5,3.5,0.0,7.5
2024-02-25 10:00:00,34.2,66.2,1016.2,3.5,0.0,9.4
2024-02-25 11:00:00,34.2,62.8,1016.4,4.2,0.0,10.7
2024-02-25 12:00:00,35.2,57.1,1014.8,6.8,0.0,11.4
2024-02-25 13:00:00,34.1,57.0,1017.3,6.7,0.0,12.2
2024-02-25 14:00:00,33.4,54.2,1016.7,8.6,0.0,12.3
2024-02-25 15:00:00,32.8,54.1,1014.8,7.7,0.0,10.8
2024-02-25 16:00:00,30.7,53.8,1015.4,10.8,0.0,9.4
2024-02-25 17:00:00,29.0,54.0,1015.7,13.4,0.0,8.0
2024-02-25 18:00:00,25.8,57.3,1012.8,10.3,0.0,5.5
2024-02-25 19:00:00,24.9,59.5,1017.5,16.1,0.0,2.7
2024-02-25 20:00:00,22.3,59.0,1015.4,22.6,0.0,0
2024-02-25 21:00:00,19.9,62.1,1015.5,11.1,0.0,0.0
2024-02-25 22:00:00,19.3,63.2,1014.8,14.4,0.0,0.0
2024-02-25 23:00:00,18.2,69.5,1015.1,12.0,0.0,0.0
2024-02-26 00:00:00,17.3,66.9,1015.6,10.4,0.0,0.0
2024-02-26 01:00:00,18.5,67.8,1016.6,20.1,0.0,0.0
2024-02-26 02:00:00,19.4,71.4,1016.3,10.9,0.0,0.0
2024-02-26 03:00:00,20.6,70.0,1016.8,4.3,0.0,0.0
2024-02-26 04:00:00,22.9,71.7,1015.8,11.5,0.0,0.0
2024-02-26 05:00:00,24.3,71.0,1017.5,6.0,0.0,0.0
2024-02-26 06:00:00,26.6,66.9,1015.2,6.9,0.0,0
26/02/2024 07:00,27.5,71.6,1015.2,4.5,0.0,2.9
2024-02-26 08:00:00,30.3,68.0,1016.0,3.8,0.0,5.0
2024-02-26 09:00:00,32.1,66.6,1014.6,4.6,0.0,7.6
2024-02-26 10:00:00,33.4,63.6,1013.7,3.3,0.0,9.3
2024-02-26 11:00:00,35.3,59.1,1012.3,3.5,0.0,10.7
2024-02-26 12:00:00,34.9,58.7,1013.7,7.4,0.0,11.6
2024-02-26 13:00:00,33.3,56.8,1015.0,5.1,0.0,12.3
26/02/2024 14:00,34.5,56.5,1015.3,3.7,0.0,11.8
2024-02-26 15:00:00,32.4,56.7,1015.4,13.5,0.0,11.2
2024-02-26 16:00:00,30.8,55.9,1014.2,23.4,0.0,9.5
2024-02-26 17:00:00,28.4,56.7,1013.9,8.5,0.0,7.1
2024-02-26 18:00:00,25.9,56.0,1013.1,10.8,0.0,5.1
2024-02-26 19:00:00,23.9,56.5,1013.5,13.6,0.0,2.6
2024-02-26 20:00:00,22.5,59.3,1019.3,17.9,0.0,0
2024-02-26 21:00:00,20.0,62.2,1014.0,19.1,0.0,0.0
2024-02-26 22:00:00,17.8,61.9,1014.8,7.3,0.0,0.0
2024-02-26 23:00:00,18.1,64.0,1013.3,8.4,0.0,0.0
2024-02-27 00:00:00,17.1,67.5,1016.7,13.1,0.0,0.0
2024-02-27 01:00:00,17.4,72.2,1016.2,11.1,0.0,0.0
2024-02-27 02:00:00,17.4,70.1,1014.7,11.3,0.0,0.0
2024-02-27 03:00:00,19.9,69.1,1014.1,7.7,0.0,0.0
2024-02-27 04:00:00,21.4,71.9,1014.1,8.5,0.0,0.0
2024-02-27 05:00:00,24.7,73.8,1017.2,3.3,0.0,0.0
2024-02-27 06:00:00,26.6,72.8,1014.1,6.2,0.0,0.2
2024-02-27 07:00:00,11.0,68.5,1013.7,3.6,0.0,2.4
2024-02-27 08:00:00,30.0,66.9,1014.0,5.9,0.0,5.5
2024-02-27 09:00:00,33.0,66.0,1017.6,1.5,0.0,7.7
2024-02-27 10:00:00,32.9,65.5,1018.4,3.4,0.0,9.4
2024-02-27 11:00:00,34.8,56.4,1015.0,7.0,0.0,11.0
2024-02-27 12:00:00,34.7,59.1,1015.7,7.9,0.0,12.1
2024-02-27 13:00:00,34.5,55.1,,8.0,0.0,11.8
2024-02-27 14:00:00,32.7,57.8,1016.5,10.3,0.0,11.7
27/02/2024 15:00,53.5,59.4,1014.3,9.2,0.0,10.4
2024-02-27 16:00:00,30.1,58.1,1018.8,6.9,0.0,9.5
2024-02-27 17:00:00,28.9,56.0,1016.8,10.7,0.0,7.1
2024-02-27 18:00:00,25.5,55.4,1015.7,14.1,0.0,5.1
2024-02-27 19:00:00,23.8,56.0,1018.5,11.4,0.0,2.5
2024-02-27 20:00:00,21.8,63.7,1017.0,30.8,0.0,0
2024-02-27 21:00:00,20.7,61.4,1017.4,14.7,0.0,0.0
2024-02-27 22:00:00,18.9,68.5,1014.3,9.2,0.0,0.0
2024-02-27 23:00:00,17.4,68.4,1015.9,10.6,0.0,0.0
28/02/2024 00:00,16.6,68.9,1016.8,22.3,0.0,0.0
28/02/2024 01:00,19.1,66.2,1016.1,10.4,0.0,0.0
2024-02-28 02:00:00,18.6,72.9,1016.0,9.3,0.0,0.0
2024-02-28 03:00:00,21.1,72.5,1014.3,7.6,0.0,0.0
2024-02-28 04:00:00,22.5,68.5,1014.1,4.0,0.0,0.0
2024-02-28 05:00:00,23.6,72.1,1016.9,5.6,0.0,0.0
2024-02-28 06:00:00,27.2,70.9,1016.2,6.3,0.0,0.2
2024-02-28 07:00:00,28.4,68.4,1018.3,4.5,0.0,2.3
2024-02-28 08:00:00,31.1,66.1,1013.4,5.0,0.0,5.1
2024-02-28 09:00:00,54.7,67.4,1017.0,4.1,0.0,7.5
2024-02-28 10:00:00,33.8,62.1,1014.1,5.7,0.0,9.4
2024-02-28 11:00:00,34.0,65.1,1017.4,6.6,0.0,10.9
2024-02-28 12:00:00,35.2,59.6,1017.2,4.3,0.0,11.6
2024-02-28 13:00:00,34.4,57.3,1019.9,11.0,0.0,11.5
2024-02-28 14:00:00,33.0,56.2,1015.9,8.8,0.0,11.6
2024-02-28 15:00:00,31.4,54.0,1018.4,6.8,0.0,10.7
2024-02-28 16:00:00,30.7,56.8,1014.7,8.5,0.0,9.6
2024-02-28 17:00:00,28.4,54.4,1019.6,16.7,0.0,7.5
2024-02-28 18:00:00,27.8,56.2,1017.1,13.0,0.0,5.4
2024-02-28 19:00:00,24.8,56.2,1015.6,7.8,0.0,2.5
2024-02-28 20:00:00,22.8,60.9,1016.0,18.7,0.0,0
2024-02-28 21:00:00,20.3,60.5,1015.2,19.4,0.0,0.0
2024-02-28 22:00:00,18.6,61.3,1015.0,12.7,0.0,0.0
2024-02-28 23:00:00,17.2,70.3,1015.0,12.0,0.0,0.0
2024-02-29 00:00:00,17.2,66.7,1014.7,5.6,0.0,0.0
2024-02-29 01:00:00,17.2,68.7,1017.9,13.6,0.0,0.0
2024-02-29 02:00:00,18.4,73.0,1015.1,9.2,0.0,0.0
2024-02-29 03:00:00,19.1,70.5,1015.4,6.4,0.0,0.0
2024-02-29 04:00:00,22.3,69.7,1016.2,8.4,0.0,0.0
2024-02-29 05:00:00,24.4,70.7,1015.1,5.3,0.0,0.0
2024-02-29 06:00:00,25.1,68.4,1019.5,8.0,0.0,0.2
2024-02-29 07:00:00,28.7,66.6,1016.7,5.6,0.0,2.3
2024-02-29 08:00:00,30.7,63.0,1018.0,4.7,0.0,5.3
2024-02-29 09:00:00,32.8,63.8,1016.2,4.6,0.0,7.7
2024-02-29 10:00:00,33.2,66.2,1014.0,4.0,0.0,9.0
2024-02-29 11:00:00,34.3,59.9,1016.5,7.3,0.0,10.6
2024-02-29 12:00:00,33.6,59.8,1015.0,5.0,0.0,12.1
2024-02-29 13:00:00,34.5,58.0,1013.7,4.3,0.0,12.2
2024-02-29 14:00:00,32.5,57.9,1013.6,17.8,0.0,11.7
2024-02-29 15:00:00,31.9,55.3,1014.5,9.2,0.0,10.4
2024-02-29 16:00:00,30.1,54.2,1013.4,15.2,0.0,9.2
2024-02-29 17:00:00,28.7,56.1,1014.3,9.9,0.0,7.9
2024-02-29 18:00:00,25.3,57.0,1016.5,17.4,0.0,5.6
2024-02-29 19:00:00,22.8,59.3,1016.8,25.7,0.0,3.0
2024-02-29 20:00:00,21.3,58.7,1017.2,13.8,0.0,0.2
2024-02-29 21:00:00,20.7,59.9,1016.4,26.2,0.0,0.0
2024-02-29 22:00:00,18.4,63.0,1013.1,21.2,0.0,0.0
2024-02-29 23:00:00,17.5,63.9,1015.5,15.8,0.0,0.0
2024-03-01 00:00:00,16.8,67.4,1011.4,17.2,0.0,0.0
2024-03-01 01:00:00,17.6,70.6,1014.3,15.8,0.0,0.0
2024-03-01 02:00:00,19.3,70.9,1015.0,6.9,0.0,0.0
2024-03-01 03:00:00,20.0,72.9,1016.1,6.3,0.0,0.0
2024-03-01 04:00:00,23.7,73.7,1015.1,6.3,0.0,0.0
2024-03-01 05:00:00,23.6,69.7,1015.4,4.2,0.0,0.0
2024-03-01 06:00:00,25.5,70.7,1016.4,3.6,0.0,0
2024-03-01 07:00:00,28.6,68.8,1014.6,4.1,0.0,3.1
2024-03-01 08:00:00,30.7,65.5,1015.2,4.2,0.0,5.0
2024-03-01 09:00:00,32.3,,1014.7,3.5,0.0,6.8
2024-03-01 10:00:00,33.4,63.0,1016.4,4.6,0.0,9.2
2024-03-01 11:00:00,32.0,60.4,1016.4,2.8,0.0,10.7
2024-03-01 12:00:00,33.3,63.2,1019.2,8.1,0.0,11.5
2024-03-01 13:00:00,33.7,57.4,1014.5,9.3,0.0,11.9
2024-03-01 14:00:00,33.2,55.3,1015.8,7.4,0.0,11.4
2024-03-01 15:00:00,32.1,55.9,1016.9,13.8,0.0,11.0
2024-03-01 16:00:00,28.0,54.4,1016.5,12.9,0.0,9.5
2024-03-01 17:00:00,27.6,56.3,1016.1,13.1,0.0,6.8
2024-03-01 18:00:00,25.4,54.3,1016.5,18.5,0.0,4.8
2024-03-01 19:00:00,24.8,55.8,1016.4,7.0,0.0,2.7
2024-03-01 20:00:00,20.8,63.2,1013.9,15.6,0.0,0
2024-03-01 21:00:00,19.2,61.7,1015.9,13.7,0.0,0.0
2024-03-01 22:00:00,18.7,63.4,1012.6,18.7,0.0,0.0
2024-03-01 23:00:00,18.3,66.8,1016.4,9.6,0.0,0.0
2024-03-02 00:00:00,18.3,67.4,1015.4,7.7,0.0,0.0
2024-03-02 01:00:00,16.0,110,1016.3,12.7,0.0,0.0
2024-03-02 02:00:00,18.4,72.1,1013.5,4.9,0.0,0.0
2024-03-02 03:00:00,20.4,70.0,1014.8,9.3,0.0,0.0
2024-03-02 04:00:00,21.2,70.9,1015.8,11.7,0.0,0.0
2024-03-02 05:00:00,24.0,,1015.6,3.8,0.0,0.0
2024-03-02 06:00:00,25.1,70.5,1015.8,3.2,0.0,0
02/03/2024 07:00,28.8,67.7,1015.1,3.8,0.0,2.8
2024-03-02 08:00:00,30.3,68.4,1016.6,2.4,0.0,5.2
2024-03-02 09:00:00,30.5,65.7,1014.4,5.0,4.2,7.1
2024-03-02 10:00:00,33.4,64.2,1017.3,4.2,0.0,9.2
2024-03-02 11:00:00,34.3,58.5,1013.1,7.9,0.0,10.6
2024-03-02 12:00:00,32.7,60.9,1016.4,6.7,0.0,11.4
2024-03-02 13:00:00,33.8,58.7,1013.1,9.3,0.0,11.6
2024-03-02 14:00:00,32.7,56.1,1014.5,8.3,0.0,11.3
2024-03-02 15:00:00,31.4,55.5,1012.9,8.5,0.0,10.7
2024-03-02 16:00:00,,55.6,1013.7,7.6,0.0,9.1
2024-03-02 17:00:00,27.3,57.0,1017.0,12.7,0.0,6.9
2024-03-02 18:00:00,25.3,55.2,1017.3,9.5,7.5,5.2
2024-03-02 19:00:00,24.1,57.1,1018.3,11.6,0.0,2.7
2024-03-02 20:00:00,21.1,61.9,1015.3,14.7,0.0,0.4
2024-03-02 21:00:00,20.7,63.8,1015.4,14.0,0.0,0.0
2024-03-02 22:00:00,16.9,64.0,1016.3,9.0,0.0,0.0
2024-03-02 23:00:00,18.2,64.9,1013.8,12.3,0.0,0.0
2024-03-03 00:00:00,16.8,67.2,1012.0,20.1,0.0,0.0
2024-03-03 01:00:00,16.7,72.3,,9.8,0.0,0.0
2024-03-03 02:00:00,17.6,69.4,1017.5,12.5,0.0,0.0
03/03/2024 03:00,19.3,74.2,1015.5,16.9,0.0,0.0
2024-03-03 04:00:00,20.2,73.3,1015.3,4.4,0.0,0.0
2024-03-03 05:00:00,22.2,70.2,1016.3,2.9,0.0,0.0
2024-03-03 06:00:00,24.9,71.0,1014.9,4.6,0.0,0
2024-03-03 07:00:00,27.6,69.9,1014.8,6.6,0.0,2.6
2024-03-03 08:00:00,30.1,66.0,1015.2,3.7,0.0,4.5
2024-03-03 09:00:00,31.4,69.2,1017.2,2.4,0.0,7.6
2024-03-03 10:00:00,32.7,63.3,1014.6,4.5,0.0,9.2
2024-03-03 11:00:00,33.0,62.2,1014.6,4.3,0.0,10.6
2024-03-03 12:00:00,33.5,59.8,1017.8,7.0,0.0,11.5
2024-03-03 13:00:00,33.4,57.3,1015.4,6.4,0.0,12.1
2024-03-03 14:00:00,33.4,55.6,1015.5,11.8,0.0,11.7
2024-03-03 15:00:00,31.3,57.4,1014.6,14.4,0.0,10.6
2024-03-03 16:00:00,28.6,56.6,1016.8,9.7,0.0,9.4
2024-03-03 17:00:00,27.4,54.7,1014.2,23.3,0.0,7.5
2024-03-03 18:00:00,24.9,57.5,1012.0,13.2,0.0,5.1
2024-03-03 19:00:00,22.9,60.0,1014.0,11.1,0.0,3.1
2024-03-03 20:00:00,20.9,60.4,1016.0,13.0,0.0,0
2024-03-03 21:00:00,19.6,62.2,1015.5,13.3,0.0,0.0
2024-03-03 22:00:00,18.3,66.3,1016.3,6.8,0.0,0.0
2024-03-03 23:00:00,17.0,68.0,1015.8,15.1,0.0,0.0
2024-03-04 00:00:00,15.8,67.1,1014.7,9.9,0.0,0.0
2024-03-04 01:00:00,17.8,69.9,1013.4,6.4,0.0,0.0
2024-03-04 02:00:00,19.2,72.4,1015.8,6.6,0.0,0.0
2024-03-04 03:00:00,19.3,72.8,1015.9,4.1,0.0,0.0
2024-03-04 04:00:00,22.6,70.6,1014.1,4.3,0.0,0.0
2024-03-04 05:00:00,23.5,73.2,1017.5,4.2,0.0,0.0
2024-03-04 06:00:00,26.4,71.6,1014.7,3.2,0.0,0.1
2024-03-04 07:00:00,26.4,67.7,1015.4,3.9,0.0,2.7
2024-03-04 08:00:00,29.1,67.6,1013.5,2.3,0.0,4.8
2024-03-04 09:00:00,30.8,64.5,1015.0,4.6,0.0,7.5
2024-03-04 10:00:00,32.2,60.9,1013.3,2.8,0.0,9.2
2024-03-04 11:00:00,33.0,62.2,1013.9,6.6,0.0,10.9
2024-03-04 12:00:00,32.6,61.4,1013.9,4.0,0.0,11.0
2024-03-04 13:00:00,32.5,59.1,1015.9,14.1,0.0,11.6
2024-03-04 14:00:00,31.2,58.9,1016.8,5.3,0.0,11.3
2024-03-04 15:00:00,31.1,56.5,1014.0,8.5,0.0,10.1
2024-03-04 16:00:00,30.4,55.5,1014.0,15.4,0.0,9.0
2024-03-04 17:00:00,27.6,56.8,1017.3,19.8,0.0,7.3
04/03/2024 18:00,25.1,57.2,1011.6,19.3,0.0,4.5
2024-03-04 19:00:00,23.0,54.3,1017.3,20.2,0.0,2.6
2024-03-04 20:00:00,20.6,60.1,1018.0,13.3,0.0,0
2024-03-04 21:00:00,18.9,63.6,1013.7,9.9,0.0,0.0
2024-03-04 22:00:00,18.8,64.0,1015.8,8.9,0.0,0.0
2024-03-04 23:00:00,16.9,66.5,1013.8,6.2,0.0,0.0
2024-03-05 00:00:00,17.2,69.2,1018.3,10.5,0.0,0.0
2024-03-05 01:00:00,16.3,70.8,1013.7,12.4,0.0,0.0
05/03/2024 02:00,17.7,66.5,1015.0,3.8,0.0,0.0
2024-03-05 03:00:00,18.9,73.9,1015.4,7.6,0.0,0.0
2024-03-05 04:00:00,19.8,74.8,1018.1,8.5,0.0,0.0
2024-03-05 05:00:00,23.6,73.0,1013.5,3.2,0.0,0.0
2024-03-05 06:00:00,24.8,68.4,1016.5,6.2,0.0,0.2
2024-03-05 07:00:00,27.1,70.2,1016.4,3.4,0.0,2.4
2024-03-05 08:00:00,29.9,70.3,1013.0,5.7,0.0,4.9
2024-03-05 09:00:00,30.5,65.4,1016.8,6.4,0.0,7.3
2024-03-05 10:00:00,32.2,61.4,1015.8,3.7,0.0,9.3
2024-03-05 11:00:00,33.9,61.3,1017.1,5.0,0.0,11.0
2024-03-05 12:00:00,34.2,58.6,1014.3,7.2,0.0,11.2
2024-03-05 13:00:00,32.6,60.8,1017.2,8.4,0.0,11.1
2024-03-05 14:00:00,,57.9,1014.3,9.8,0.0,11.1
2024-03-05 15:00:00,30.5,,1018.3,8.8,0.0,10.3
2024-03-05 16:00:00,29.5,57.6,1015.7,12.2,0.0,9.4
2024-03-05 17:00:00,27.2,60.6,1016.7,7.4,0.0,6.9
2024-03-05 18:00:00,24.2,57.0,1015.1,20.5,0.0,5.1
2024-03-05 19:00:00,21.7,62.3,1015.5,14.7,0.0,2.6
2024-03-05 20:00:00,21.6,56.0,1013.5,12.8,0.0,0
2024-03-05 21:00:00,18.6,62.3,1015.0,13.7,0.0,0.0
2024-03-05 22:00:00,17.8,66.8,1016.3,12.6,0.0,0.0
2024-03-05 23:00:00,16.4,67.6,1016.2,17.5,0.0,0.0
2024-03-06 00:00:00,15.7,69.9,1013.7,7.0,0.0,0.0
2024-03-06 01:00:00,17.8,68.6,1019.8,6.2,0.0,0.0
2024-03-06 02:00:00,1.3,73.2,1018.8,6.3,0.0,0.0
2024-03-06 03:00:00,18.2,73.4,1013.1,5.8,0.0,0.0
2024-03-06 04:00:00,22.0,69.1,1014.6,10.4,0.0,0.0
2024-03-06 05:00:00,23.4,74.5,1013.9,2.7,0.0,0.0
2024-03-06 06:00:00,24.9,71.4,1015.6,2.6,0.0,0.2
2024-03-06 07:00:00,28.4,71.0,1016.8,6.4,0.0,2.6
06/03/2024 08:00,29.4,,1013.6,4.3,0.0,5.2
2024-03-06 09:00:00,30.7,68.0,1013.3,2.4,0.0,7.0
2024-03-06 10:00:00,33.5,65.1,1015.5,4.8,0.0,9.2
2024-03-06 11:00:00,33.7,62.0,1015.2,2.8,0.0,10.4
2024-03-06 12:00:00,33.6,62.0,1014.4,8.2,0.0,11.8
2024-03-06 13:00:00,33.5,57.5,1011.1,6.7,0.0,11.7
2024-03-06 14:00:00,33.1,59.2,1014.4,10.3,0.0,11.5
2024-03-06 15:00:00,31.4,57.9,1015.0,11.2,0.0,10.6
2024-03-06 16:00:00,29.4,57.5,1016.0,8.1,0.0,9.1
2024-03-06 17:00:00,26.3,54.8,1017.9,13.5,0.0,7.5
2024-03-06 18:00:00,24.5,58.1,1018.5,13.4,0.0,4.9
2024-03-06 19:00:00,23.4,60.8,1012.8,14.7,0.0,2.5
2024-03-06 20:00:00,20.1,61.4,1013.2,18.7,0.0,0
2024-03-06 21:00:00,18.7,64.7,1016.9,23.0,0.0,0.0
2024-03-06 22:00:00,18.1,63.8,1018.2,7.7,0.0,0.0
2024-03-06 23:00:00,17.0,64.9,1012.1,12.6,0.0,0.0
2024-03-07 00:00:00,16.9,66.2,1016.9,10.1,0.0,0.0
2024-03-07 01:00:00,16.2,74.7,1016.9,13.6,0.0,0.0
2024-03-07 02:00:00,17.4,70.3,1013.4,15.7,0.0,0.0
07/03/2024 03:00,21.0,70.6,1014.3,6.0,0.0,0.0
2024-03-07 04:00:00,19.9,71.1,1013.8,6.4,0.0,0.0
2024-03-07 05:00:00,22.4,72.0,1014.2,5.4,0.0,0.0
2024-03-07 06:00:00,24.4,73.4,1016.4,3.8,0.0,0.0
2024-03-07 07:00:00,27.5,70.4,1015.4,2.2,0.0,2.2
2024-03-07 08:00:00,29.3,69.2,1015.0,2.3,0.0,5.1
2024-03-07 09:00:00,30.8,67.5,1018.5,2.0,0.0,7.5
2024-03-07 10:00:00,32.4,61.8,1013.4,3.3,0.0,9.2
2024-03-07 11:00:00,32.5,64.3,1017.1,4.4,0.0,10.2
2024-03-07 12:00:00,33.8,61.6,1012.8,7.0,0.0,11.3
07/03/2024 13:00,33.6,60.2,1014.7,5.3,0.4,11.7
2024-03-07 14:00:00,32.1,52.8,1014.8,5.8,0.0,11.3
2024-03-07 15:00:00,31.3,57.1,1016.9,10.4,0.0,10.5
2024-03-07 16:00:00,29.8,56.2,1016.6,15.7,0.0,8.9
2024-03-07 17:00:00,26.4,54.8,1016.4,10.0,0.0,7.3
2024-03-07 18:00:00,25.1,61.6,1016.9,11.9,0.0,5.2
2024-03-07 19:00:00,21.1,60.7,1015.6,13.5,0.0,2.7
2024-03-07 20:00:00,21.0,64.5,1013.1,9.7,0.0,0
2024-03-07 21:00:00,19.2,62.8,1017.3,17.7,0.0,0.0
2024-03-07 22:00:00,18.2,66.0,1017.0,27.1,0.0,0.0
2024-03-07 23:00:00,17.4,66.0,1015.8,12.8,0.0,0.0
2024-03-08 00:00:00,16.9,68.7,1010.3,9.6,0.0,0.0
2024-03-08 01:00:00,17.1,71.5,1014.6,7.6,0.0,0.0
2024-03-08 02:00:00,17.9,73.1,1012.4,5.9,0.0,0.0
2024-03-08 03:00:00,18.9,72.7,1013.3,6.9,0.0,0.0
2024-03-08 04:00:00,19.8,72.1,1016.0,6.8,0.0,0.0
2024-03-08 05:00:00,22.9,73.7,1015.5,5.6,0.0,0.0
2024-03-08 06:00:00,24.6,75.3,1014.1,3.1,0.0,0.2
2024-03-08 07:00:00,27.2,70.4,1016.6,2.5,0.0,2.6
2024-03-08 08:00:00,28.3,70.2,1014.3,5.3,0.0,5.2
2024-03-08 09:00:00,30.3,66.3,1013.3,3.0,0.0,6.8
2024-03-08 10:00:00,31.0,66.0,1013.3,2.7,0.0,9.1
2024-03-08 11:00:00,31.7,62.7,1015.2,3.9,0.0,10.5
2024-03-08 12:00:00,33.2,61.1,1014.5,7.5,0.0,11.5
2024-03-08 13:00:00,33.1,59.8,1013.9,12.3,0.0,11.6
2024-03-08 14:00:00,30.7,58.6,1011.8,11.7,0.0,11.1
2024-03-08 15:00:00,30.4,61.7,1014.1,11.0,0.0,10.2
2024-03-08 16:00:00,28.7,58.6,1015.3,10.0,0.0,9.0
2024-03-08 17:00:00,27.7,53.6,1016.4,11.1,0.0,7.0
2024-03-08 18:00:00,24.5,59.7,1018.1,18.1,0.0,4.9
2024-03-08 19:00:00,22.5,61.2,1014.3,28.4,0.0,2.6
2024-03-08 20:00:00,19.7,60.3,1016.7,17.0,0.0,0
2024-03-08 21:00:00,19.8,62.1,1013.3,9.3,0.0,0.0
2024-03-08 22:00:00,17.4,64.8,1014.9,12.6,0.0,0.0
2024-03-08 23:00:00,16.8,66.3,1014.0,13.9,0.0,0.0
2024-03-09 00:00:00,17.4,70.7,1016.1,14.4,0.0,0.0
2024-03-09 01:00:00,16.9,71.3,1013.6,11.5,0.0,0.0
2024-03-09 02:00:00,17.2,71.2,1012.1,6.2,0.0,0.0
2024-03-09 03:00:00,18.4,73.3,1015.6,11.3,0.0,0.0
09/03/2024 04:00,20.1,69.5,1013.6,5.8,0.0,0.0
2024-03-09 05:00:00,22.1,73.8,1017.8,5.5,0.0,0.0
2024-03-09 06:00:00,25.2,69.6,1014.0,4.5,0.0,0
2024-03-09 07:00:00,27.8,71.4,1014.3,1.7,0.0,2.7
2024-03-09 08:00:00,28.6,69.4,1016.6,3.3,0.0,4.8
2024-03-09 09:00:00,29.7,67.4,1016.0,3.0,0.0,7.2
09/03/2024 10:00,31.1,67.6,1012.3,3.8,0.0,8.6
2024-03-09 11:00:00,32.8,61.7,1015.4,4.1,0.0,10.1
2024-03-09 12:00:00,32.8,59.4,1014.5,11.0,0.0,10.9
2024-03-09 13:00:00,31.7,60.3,1014.9,10.4,0.0,10.8
2024-03-09 14:00:00,31.5,57.6,1013.7,4.9,0.0,10.8
09/03/2024 15:00,29.3,57.9,1014.9,9.1,0.0,10.5
09/03/2024 16:00,28.2,56.4,1014.9,7.7,0.0,8.9
2024-03-09 17:00:00,27.5,54.2,1014.7,9.5,0.0,6.9
2024-03-09 18:00:00,,58.2,1013.4,17.7,0.0,5.1
2024-03-09 19:00:00,22.4,60.7,1014.1,10.5,0.0,2.4
2024-03-09 20:00:00,21.4,60.1,1016.5,15.5,0.0,0
2024-03-09 21:00:00,19.9,65.3,1013.8,10.6,0.0,0.0
2024-03-09 22:00:00,17.9,65.3,1013.2,7.4,0.0,0.0
2024-03-09 23:00:00,17.2,66.5,1013.2,9.9,0.0,0.0
2024-03-10 00:00:00,16.4,70.7,1016.4,11.7,0.0,0.0
2024-03-10 01:00:00,15.7,73.2,1017.0,14.9,0.0,0.0
2024-03-10 02:00:00,18.5,70.8,1014.1,4.5,0.0,0.0
2024-03-10 03:00:00,19.8,71.6,1015.0,5.2,0.0,0.0
2024-03-10 04:00:00,19.4,75.4,1013.5,6.4,0.0,0.0
2024-03-10 05:00:00,23.1,71.3,1015.4,6.3,0.0,0.0
2024-03-10 06:00:00,25.1,75.7,1015.7,3.1,0.0,0
2024-03-10 07:00:00,27.7,70.5,1016.1,3.5,0.0,2.4
2024-03-10 08:00:00,29.2,68.5,1016.0,5.9,0.0,4.7
2024-03-10 09:00:00,30.9,63.8,1014.0,3.6,0.0,7.3
2024-03-10 10:00:00,31.7,61.7,1013.2,7.6,0.0,9.1
2024-03-10 11:00:00,32.5,63.6,1014.1,5.4,0.0,10.3
2024-03-10 12:00:00,32.8,62.2,1015.2,7.0,0.0,11.4
2024-03-10 13:00:00,33.4,59.2,1017.1,9.0,0.0,11.2
2024-03-10 14:00:00,32.1,59.6,1014.9,5.7,0.0,10.6
2024-03-10 15:00:00,30.6,58.0,1013.0,6.0,0.0,10.3
2024-03-10 16:00:00,28.0,58.2,1012.0,13.1,0.0,9.2
2024-03-10 17:00:00,27.6,57.1,1013.9,14.4,0.0,6.5
2024-03-10 18:00:00,26.4,54.4,1013.0,14.5,0.0,5.3
2024-03-10 19:00:00,22.8,57.3,1016.1,17.8,0.0,2.7
2024-03-10 20:00:00,21.0,60.1,1013.1,9.5,0.0,0
2024-03-10 21:00:00,18.1,63.2,1014.8,7.3,0.0,0.0
2024-03-10 22:00:00,16.7,62.7,1015.6,17.9,0.0,0.0
2024-03-10 23:00:00,16.4,71.1,1015.4,15.2,0.0,0.0
2024-03-11 00:00:00,15.0,72.1,1010.0,12.5,0.0,0.0
2024-03-11 01:00:00,16.4,71.0,1015.0,18.2,0.0,0.0
2024-03-11 02:00:00,16.8,70.7,1017.7,9.8,0.0,0.0
2024-03-11 03:00:00,17.5,71.9,1016.1,10.7,0.0,0.0
2024-03-11 04:00:00,20.0,73.4,1017.5,9.3,0.0,0.0
11/03/2024 05:00,20.8,74.2,1015.5,5.8,0.0,0.0
2024-03-11 06:00:00,24.3,69.3,1013.9,2.9,6.5,0.2
2024-03-11 07:00:00,26.3,72.4,1013.5,2.2,0.0,2.0
2024-03-11 08:00:00,28.0,68.5,1017.3,2.0,0.0,4.8
2024-03-11 09:00:00,29.6,64.6,1017.9,2.4,0.0,7.0
2024-03-11 10:00:00,31.1,64.3,1015.5,4.2,0.0,8.7
2024-03-11 11:00:00,32.6,67.0,1014.1,7.1,0.0,10.0
2024-03-11 12:00:00,32.5,61.7,1014.5,5.0,0.0,11.1
2024-03-11 13:00:00,31.3,57.3,1015.3,10.2,0.0,11.2
2024-03-11 14:00:00,30.9,57.0,1015.1,10.8,0.0,11.0
2024-03-11 15:00:00,28.6,55.7,1015.6,7.2,0.0,10.0
2024-03-11 16:00:00,28.3,56.7,1013.5,16.1,0.0,8.7
2024-03-11 17:00:00,26.2,57.0,1016.8,14.2,0.0,7.0
2024-03-11 18:00:00,24.7,55.1,1017.3,15.6,0.0,4.7
2024-03-11 19:00:00,21.1,58.1,1013.0,9.2,0.0,2.6
2024-03-11 20:00:00,19.2,62.4,1013.7,12.7,0.0,0.3
2024-03-11 21:00:00,19.0,64.3,1012.9,12.9,0.0,0.0
2024-03-11 22:00:00,17.0,66.0,1017.0,11.4,0.0,0.0
2024-03-11 23:00:00,16.7,68.3,1013.1,8.5,0.0,0.0
2024-03-12 00:00:00,14.8,70.2,1014.0,6.6,0.0,0.0
2024-03-12 01:00:00,16.5,69.9,1013.2,12.6,0.0,0.0
2024-03-12 02:00:00,17.6,70.9,1017.1,5.6,0.0,0.0
2024-03-12 03:00:00,17.4,74.1,1013.3,5.7,0.0,0.0
2024-03-12 04:00:00,19.5,74.5,1013.7,5.8,0.0,0.0
2024-03-12 05:00:00,22.2,72.6,1015.2,4.8,0.0,0.0
2024-03-12 06:00:00,25.7,73.1,1013.1,3.1,0.0,0
2024-03-12 07:00:00,26.8,69.5,1012.8,2.0,0.0,2.2
2024-03-12 08:00:00,27.9,69.2,1013.6,7.4,0.0,4.8
2024-03-12 09:00:00,30.2,66.7,1013.8,2.4,0.0,6.7
2024-03-12 10:00:00,30.1,65.0,1016.1,6.2,0.0,9.2
2024-03-12 11:00:00,31.3,64.0,1014.7,7.3,0.0,10.3
2024-03-12 12:00:00,33.1,64.2,1014.9,4.0,0.0,10.6
2024-03-12 13:00:00,32.3,61.3,1012.4,7.3,0.0,11.3
2024-03-12 14:00:00,,60.2,1015.1,5.8,0.0,10.6
2024-03-12 15:00:00,29.6,57.7,1012.9,11.1,0.0,9.8
2024-03-12 16:00:00,28.9,56.7,1016.1,5.0,0.0,8.9
2024-03-12 17:00:00,26.1,55.3,1011.4,8.1,0.0,6.9
2024-03-12 18:00:00,23.6,58.5,1015.7,10.3,0.0,4.9
2024-03-12 19:00:00,22.6,57.1,1013.7,9.8,0.0,2.2
2024-03-12 20:00:00,19.7,61.9,1015.5,8.6,0.0,0.1
2024-03-12 21:00:00,17.9,64.1,1016.7,13.4,0.0,0.0
2024-03-12 22:00:00,18.6,64.3,1016.0,8.5,0.0,0.0
2024-03-12 23:00:00,15.5,70.9,1015.4,9.1,0.0,0.0
2024-03-13 00:00:00,15.5,71.6,1015.7,11.7,0.0,0.0
2024-03-13 01:00:00,15.3,72.3,1017.0,8.8,0.0,0.0
2024-03-13 02:00:00,16.2,73.5,1014.4,7.7,0.0,0.0
2024-03-13 03:00:00,18.8,72.0,1017.8,9.0,0.0,0.0
2024-03-13 04:00:00,20.1,78.2,1010.0,7.9,0.0,0.0
2024-03-13 05:00:00,21.7,71.4,1011.9,8.9,0.0,0.0
2024-03-13 06:00:00,24.3,72.3,1014.7,4.3,0.0,0
2024-03-13 07:00:00,24.4,69.7,1012.5,3.0,0.0,2.3
2024-03-13 08:00:00,27.9,71.0,1013.2,1.9,0.0,5.4
2024-03-13 09:00:00,30.9,70.4,1016.9,4.4,0.0,6.9
2024-03-13 10:00:00,31.2,66.7,1015.0,2.2,0.0,8.5
2024-03-13 11:00:00,30.5,67.1,1012.9,5.2,0.0,9.9
2024-03-13 12:00:00,31.8,60.2,1014.8,8.2,0.0,11.3
2024-03-13 13:00:00,31.4,60.5,1013.5,9.2,0.0,11.1
2024-03-13 14:00:00,31.3,56.3,1015.0,7.4,0.0,10.9
2024-03-13 15:00:00,30.4,58.8,1014.3,23.4,0.0,10.6
2024-03-13 16:00:00,29.1,59.1,1016.1,7.7,0.0,8.4
2024-03-13 17:00:00,26.5,58.6,,9.3,0.0,7.1
2024-03-13 18:00:00,23.6,56.4,1013.1,14.2,0.0,4.9
2024-03-13 19:00:00,21.4,61.5,1013.8,14.8,0.0,2.3
2024-03-13 20:00:00,20.3,61.9,1012.0,19.9,0.0,0
2024-03-13 21:00:00,17.4,65.2,1014.2,15.3,0.0,0.0
2024-03-13 22:00:00,16.3,65.1,1014.9,7.8,0.0,0.0
2024-03-13 23:00:00,16.5,65.9,1015.6,7.4,0.0,0.0
2024-03-14 00:00:00,16.1,71.3,1015.9,10.5,0.0,0.0
2024-03-14 01:00:00,14.6,69.9,1017.1,6.0,0.0,0.0
14/03/2024 02:00,16.5,75.4,1014.1,6.7,0.0,0.0
2024-03-14 03:00:00,18.3,74.1,1015.2,5.0,0.0,0.0
2024-03-14 04:00:00,20.1,73.3,1013.3,4.8,0.0,0.0
2024-03-14 05:00:00,22.9,75.6,1012.1,4.0,0.0,0.0
2024-03-14 06:00:00,24.0,71.0,1016.8,8.5,0.0,0
2024-03-14 07:00:00,25.8,71.6,1012.6,1.9,0.0,1.8
2024-03-14 08:00:00,28.2,70.0,1011.3,3.5,0.0,4.7
2024-03-14 09:00:00,28.9,72.8,1014.9,2.7,0.0,6.5
2024-03-14 10:00:00,30.2,67.6,1015.6,1.9,0.0,8.6
2024-03-14 11:00:00,31.4,64.1,1014.1,8.7,0.0,9.9
14/03/2024 12:00,32.5,60.9,1014.1,5.0,0.0,10.6
2024-03-14 13:00:00,31.0,60.4,1014.2,6.7,0.0,11.1
2024-03-14 14:00:00,30.4,57.6,1014.8,10.0,0.0,10.8
2024-03-14 15:00:00,30.3,56.1,1012.7,8.8,0.0,10.1
2024-03-14 16:00:00,27.3,57.5,1012.1,10.0,0.0,9.1
2024-03-14 17:00:00,24.8,58.1,1012.9,8.5,0.0,6.7
2024-03-14 18:00:00,24.4,59.6,1015.2,11.6,0.0,4.5
2024-03-14 19:00:00,21.0,60.9,1017.1,14.6,0.0,2.6
2024-03-14 20:00:00,19.2,62.1,1013.7,10.5,0.0,0
2024-03-14 21:00:00,18.0,63.8,1014.7,9.1,0.0,0.0
2024-03-14 22:00:00,16.8,67.5,1012.6,14.3,0.0,0.0
2024-03-14 23:00:00,15.7,68.4,1015.8,8.3,0.0,0.0
2024-03-15 00:00:00,14.5,70.9,1013.9,13.5,0.0,0.0
2024-03-15 01:00:00,16.5,68.7,1014.4,11.6,0.0,0.0
2024-03-15 02:00:00,,72.4,1013.6,19.2,0.0,0.0
2024-03-15 03:00:00,,73.2,1014.1,2.6,0.0,0.0
2024-03-15 04:00:00,20.1,73.0,1012.4,5.9,0.0,0.0
2024-03-15 05:00:00,21.6,73.6,1017.7,9.4,0.0,0.0
2024-03-15 06:00:00,25.0,69.9,1013.9,1.4,0.0,0
2024-03-15 07:00:00,25.6,70.9,1014.1,3.5,0.0,2.4
2024-03-15 08:00:00,27.8,69.2,1015.0,1.9,0.0,4.4
2024-03-15 09:00:00,29.3,69.8,1017.8,3.2,0.0,6.9
2024-03-15 10:00:00,31.5,67.3,1014.7,4.5,0.0,8.3
2024-03-15 11:00:00,30.8,62.1,1013.1,6.1,0.0,10.5
15/03/2024 12:00,31.1,61.6,1013.1,7.2,0.0,10.4
2024-03-15 13:00:00,30.8,61.6,1014.6,4.1,0.0,11.1
2024-03-15 14:00:00,31.4,54.7,1014.0,9.3,0.0,10.8
2024-03-15 15:00:00,29.6,53.2,1016.2,9.6,0.0,10.1
2024-03-15 16:00:00,27.8,55.4,1014.2,14.6,0.0,8.6
2024-03-15 17:00:00,26.2,59.9,1013.0,8.0,0.0,6.9
2024-03-15 18:00:00,23.9,58.4,1014.5,18.2,0.0,4.4
2024-03-15 19:00:00,19.8,60.5,1014.3,19.1,0.0,2.7
2024-03-15 20:00:00,19.8,61.8,1016.2,17.0,0.0,0.1
2024-03-15 21:00:00,17.8,62.0,1012.9,11.2,0.0,0.0
2024-03-15 22:00:00,17.1,65.9,1015.2,10.9,0.0,0.0
2024-03-15 23:00:00,13.9,66.5,1014.8,7.4,0.0,0.0
2024-03-16 00:00:00,15.3,71.1,1013.0,13.5,0.0,0.0
2024-03-16 01:00:00,14.9,71.5,1013.1,9.5,0.0,0.0
2024-03-16 02:00:00,16.6,72.8,1016.1,18.8,0.0,0.0
2024-03-16 03:00:00,19.0,70.5,1014.4,5.9,0.0,0.0
2024-03-16 04:00:00,19.4,70.8,1015.8,3.3,0.0,0.0
2024-03-16 05:00:00,22.1,74.3,1015.1,4.9,0.0,0.0
16/03/2024 06:00,23.0,74.3,1011.8,3.0,0.0,0.1
2024-03-16 07:00:00,25.5,72.6,1013.4,4.6,0.0,2.5
2024-03-16 08:00:00,27.6,68.4,1015.4,3.2,0.0,5.1
2024-03-16 09:00:00,28.7,66.0,1014.8,2.6,0.0,6.7
2024-03-16 10:00:00,30.1,63.7,1013.6,2.9,0.0,8.3
2024-03-16 11:00:00,30.8,60.7,1013.3,4.1,0.0,10.1
2024-03-16 12:00:00,31.8,59.2,1014.2,5.1,0.0,10.5
2024-03-16 13:00:00,29.8,57.8,1015.2,9.4,0.0,10.4
2024-03-16 14:00:00,31.3,61.8,1014.9,9.0,0.0,11.2
2024-03-16 15:00:00,30.6,57.4,1014.8,11.1,0.0,10.1
2024-03-16 16:00:00,27.3,55.8,1015.1,9.2,0.0,8.9
2024-03-16 17:00:00,26.8,58.4,1016.0,9.6,0.0,6.4
2024-03-16 18:00:00,24.1,59.2,1011.4,12.5,0.0,4.6
2024-03-16 19:00:00,22.2,61.8,1014.2,12.9,0.0,2.5
2024-03-16 20:00:00,19.4,61.8,1014.2,17.1,0.0,0.4
2024-03-16 21:00:00,18.1,66.3,1015.3,12.6,0.0,0.0
2024-03-16 22:00:00,17.5,64.7,1012.8,4.7,0.0,0.0
2024-03-16 23:00:00,15.9,67.3,1016.5,8.9,0.0,0.0
2024-03-17 00:00:00,14.6,68.9,1014.5,9.0,0.0,0.0
2024-03-17 01:00:00,15.8,72.8,1014.6,10.9,0.0,0.0
2024-03-17 02:00:00,14.9,,1012.6,6.3,0.0,0.0
2024-03-17 03:00:00,16.9,75.6,1012.3,10.1,0.0,0.0
2024-03-17 04:00:00,20.3,73.0,1014.7,7.5,0.0,0.0
2024-03-17 05:00:00,21.1,73.9,1014.5,4.3,0.0,0.0
2024-03-17 06:00:00,23.4,73.8,1015.7,2.6,0.0,0
2024-03-17 07:00:00,24.9,72.6,1013.8,4.4,0.0,2.9
2024-03-17 08:00:00,27.8,68.2,1017.6,3.5,0.0,5.0
17/03/2024 09:00,29.2,70.3,1014.9,2.9,0.0,6.4
2024-03-17 10:00:00,31.0,66.6,1014.8,1.6,0.0,9.3
17/03/2024 11:00,30.3,65.1,1014.2,7.2,0.0,10.0
2024-03-17 12:00:00,31.7,61.5,1016.5,7.4,0.0,10.8
2024-03-17 13:00:00,30.5,60.1,1016.0,8.7,0.0,11.1
2024-03-17 14:00:00,30.7,57.5,1009.0,8.2,0.0,10.6
2024-03-17 15:00:00,29.1,57.0,1010.9,17.0,0.0,9.6
2024-03-17 16:00:00,27.7,58.9,1014.6,11.2,0.0,8.2
2024-03-17 17:00:00,25.7,57.7,1016.0,15.4,0.0,6.6
2024-03-17 18:00:00,23.1,56.5,1013.2,12.2,0.0,4.4
2024-03-17 19:00:00,22.5,60.4,1014.0,19.5,0.0,2.7
2024-03-17 20:00:00,19.1,60.5,1014.2,11.4,0.0,0.2
2024-03-17 21:00:00,17.5,60.6,1014.6,9.4,0.0,0.0
2024-03-17 22:00:00,15.2,65.8,1015.5,10.0,0.0,0.0
2024-03-17 23:00:00,16.3,64.5,1013.6,22.5,0.0,0.0
2024-03-18 00:00:00,15.8,70.7,1015.8,11.5,0.0,0.0
2024-03-18 01:00:00,14.1,70.9,1016.3,6.6,0.0,0.0
2024-03-18 02:00:00,16.1,74.2,1014.9,9.9,0.0,0.0
2024-03-18 03:00:00,17.7,75.7,1013.9,5.3,0.0,0.0
2024-03-18 04:00:00,19.4,76.4,1011.7,5.2,0.0,0.0
2024-03-18 05:00:00,19.4,71.5,1014.3,3.9,0.0,0.0
18/03/2024 06:00,23.1,75.5,1011.9,3.9,0.0,0.1
2024-03-18 07:00:00,24.6,70.8,1014.2,3.4,0.0,2.6
2024-03-18 08:00:00,27.4,67.5,1013.1,2.7,0.0,4.8
2024-03-18 09:00:00,29.6,66.0,1014.0,2.2,0.0,7.3
2024-03-18 10:00:00,30.3,68.5,1012.2,3.0,0.0,8.4
2024-03-18 11:00:00,29.5,62.7,1010.4,5.3,0.0,9.9
2024-03-18 12:00:00,30.1,66.6,1013.0,8.0,0.0,10.4
18/03/2024 13:00,31.6,59.5,1014.0,6.3,0.0,10.9
2024-03-18 14:00:00,29.5,60.1,1013.4,14.8,0.0,10.5
2024-03-18 15:00:00,29.2,57.8,1015.0,13.4,0.0,10.3
2024-03-18 16:00:00,27.4,57.6,1014.6,16.6,0.0,8.4
2024-03-18 17:00:00,24.7,57.2,1017.2,7.9,0.0,7.1
2024-03-18 18:00:00,24.9,59.2,1016.2,14.4,0.0,4.6
2024-03-18 19:00:00,20.8,59.4,1013.3,8.1,0.0,1.9
2024-03-18 20:00:00,18.4,58.4,1015.0,15.5,0.0,0
2024-03-18 21:00:00,17.7,62.4,1012.6,12.6,0.0,0.0
2024-03-18 22:00:00,15.4,67.4,1014.5,9.3,0.0,0.0
2024-03-18 23:00:00,16.5,67.8,1012.8,11.6,0.0,0.0
19/03/2024 00:00,15.7,66.1,1012.1,9.5,0.0,0.0
2024-03-19 01:00:00,15.6,70.5,1014.2,12.1,0.0,0.0
2024-03-19 02:00:00,17.2,72.7,1013.0,7.9,0.0,0.0
2024-03-19 03:00:00,17.9,73.2,1013.9,4.1,0.0,0.0
2024-03-19 04:00:00,19.0,75.2,1016.8,3.7,0.0,0.0
2024-03-19 05:00:00,20.3,75.6,1013.7,4.2,0.0,0.0
2024-03-19 06:00:00,23.2,75.2,1014.0,3.7,0.0,0
2024-03-19 07:00:00,24.6,74.4,1014.4,2.1,0.0,2.4
2024-03-19 08:00:00,25.6,73.9,1016.8,3.8,0.0,4.9
2024-03-19 09:00:00,29.5,66.1,1013.6,3.1,0.0,6.9
2024-03-19 10:00:00,30.1,66.9,1012.6,4.1,0.0,8.5
2024-03-19 11:00:00,31.2,64.1,1014.8,4.3,0.0,9.7
2024-03-19 12:00:00,32.4,,1013.2,5.7,0.0,10.5
2024-03-19 13:00:00,31.1,60.2,1012.9,4.0,0.0,11.0
2024-03-19 14:00:00,30.0,55.6,1013.1,7.1,0.0,11.0
2024-03-19 15:00:00,28.3,60.2,1013.3,8.2,0.0,9.5
2024-03-19 16:00:00,27.3,55.1,1011.0,11.7,0.0,8.7
2024-03-19 17:00:00,25.3,57.6,1013.1,6.0,0.0,6.5
2024-03-19 18:00:00,24.0,59.4,1014.2,9.5,0.0,5.0
2024-03-19 19:00:00,22.2,59.5,1014.1,18.1,0.0,2.0
2024-03-19 20:00:00,19.5,61.8,1013.8,15.7,0.0,0
2024-03-19 21:00:00,17.2,64.1,1013.1,11.3,0.0,0.0
2024-03-19 22:00:00,16.4,67.8,1017.2,12.0,0.0,0.0
2024-03-19 23:00:00,16.1,66.5,1014.0,11.1,0.0,0.0
2024-03-20 00:00:00,14.9,69.3,1012.7,7.8,0.0,0.0
20/03/2024 01:00,36.1,74.3,1011.0,6.3,0.0,0.0
2024-03-20 02:00:00,15.7,73.6,1015.6,8.3,0.0,0.0
2024-03-20 03:00:00,17.4,73.7,1013.5,5.7,0.0,0.0
20/03/2024 04:00,19.6,75.5,1014.4,3.6,0.0,0.0
2024-03-20 05:00:00,20.6,71.7,1015.3,3.4,0.0,0.0
2024-03-20 06:00:00,22.5,73.7,1013.1,2.7,0.0,0.2
2024-03-20 07:00:00,25.9,72.1,1010.5,1.9,0.0,2.6
20/03/2024 08:00,26.1,69.6,1014.4,3.6,0.0,4.6
2024-03-20 09:00:00,28.4,63.6,1014.1,5.6,0.0,6.7
2024-03-20 10:00:00,30.0,65.2,1014.2,4.1,0.0,8.7
2024-03-20 11:00:00,30.0,63.5,1012.0,7.8,0.0,9.7
2024-03-20 12:00:00,31.0,61.3,1015.3,3.9,0.0,10.5
20/03/2024 13:00,30.0,62.8,1016.3,2.7,0.0,10.5
2024-03-20 14:00:00,30.1,62.6,1011.2,9.6,0.0,10.3
2024-03-20 15:00:00,28.9,60.6,1012.7,6.9,0.0,9.6
2024-03-20 16:00:00,28.3,59.4,1013.0,10.4,0.0,8.2
2024-03-20 17:00:00,25.0,55.2,1012.3,14.0,0.0,6.7
20/03/2024 18:00,23.4,58.8,1015.1,7.9,0.0,4.8
2024-03-20 19:00:00,20.5,61.6,1015.0,13.4,0.0,1.8
2024-03-20 20:00:00,18.7,62.4,1014.2,24.2,0.0,0
2024-03-20 21:00:00,16.9,63.8,1014.9,23.9,0.0,0.0
2024-03-20 22:00:00,16.2,66.6,1015.4,10.7,0.0,0.0
2024-03-20 23:00:00,15.1,69.0,1015.6,19.9,0.0,0.0
2024-03-21 00:00:00,14.9,72.2,1012.5,4.9,0.0,0.0
2024-03-21 01:00:00,15.0,70.1,1011.3,12.1,0.0,0.0
2024-03-21 02:00:00,14.5,73.9,1014.4,11.4,0.0,0.0
2024-03-21 03:00:00,17.1,74.0,1013.9,5.7,0.0,0.0
21/03/2024 04:00,19.7,75.9,1015.3,2.8,0.0,0.0
2024-03-21 05:00:00,21.4,75.6,1014.4,5.3,0.0,0.0
2024-03-21 06:00:00,22.4,71.0,1013.1,3.4,0.0,0.1
2024-03-21 07:00:00,24.3,73.0,1012.9,4.3,0.0,2.4
2024-03-21 08:00:00,25.6,70.1,1012.5,3.2,0.0,4.8
2024-03-21 09:00:00,27.3,70.9,1012.7,5.0,0.0,6.2
2024-03-21 10:00:00,28.9,71.4,1011.5,5.3,0.0,7.9
2024-03-21 11:00:00,30.0,,1014.3,8.1,0.0,9.9
2024-03-21 12:00:00,30.1,62.7,1012.7,2.2,0.0,10.7
2024-03-21 13:00:00,29.6,56.9,1016.2,9.9,0.0,10.4
21/03/2024 14:00,29.7,58.4,1013.1,8.2,0.0,10.3
2024-03-21 15:00:00,27.1,59.0,1012.3,10.1,0.0,9.6
2024-03-21 16:00:00,26.8,60.7,1012.6,7.1,0.0,8.0
2024-03-21 17:00:00,24.8,59.6,1011.9,8.6,0.0,6.7
2024-03-21 18:00:00,23.2,58.0,1015.1,9.9,0.0,4.5
2024-03-21 19:00:00,21.5,59.6,1013.0,14.9,0.0,2.4
2024-03-21 20:00:00,18.9,62.2,1012.3,15.0,0.0,0.2
2024-03-21 21:00:00,16.8,66.8,1014.0,8.3,0.0,0.0
2024-03-21 22:00:00,16.8,66.4,1011.2,15.4,0.0,0.0
2024-03-21 23:00:00,16.7,69.6,1015.4,9.4,0.0,0.0
2024-03-22 00:00:00,13.1,70.2,1015.2,8.2,0.0,0.0
2024-03-22 01:00:00,15.4,75.4,1014.3,11.7,0.0,0.0
2024-03-22 02:00:00,14.9,72.1,1016.5,9.4,0.0,0.0
2024-03-22 03:00:00,16.7,71.3,1013.5,3.7,0.0,0.0
2024-03-22 04:00:00,18.9,75.6,1015.3,3.8,0.0,0.0
2024-03-22 05:00:00,20.4,73.6,1014.2,6.4,0.0,0.0
2024-03-22 06:00:00,22.7,74.2,1015.6,3.0,0.0,0
2024-03-22 07:00:00,24.9,76.4,1014.7,3.3,0.0,2.6
2024-03-22 08:00:00,26.1,70.2,1019.1,3.3,0.0,4.4
2024-03-22 09:00:00,28.6,70.2,1015.2,3.3,0.2,6.9
2024-03-22 10:00:00,29.8,67.1,1014.7,4.6,0.0,8.2
2024-03-22 11:00:00,30.7,66.3,1016.6,3.8,0.0,9.1
2024-03-22 12:00:00,29.5,63.9,1011.2,4.9,0.0,10.0
2024-03-22 13:00:00,29.5,59.7,1015.3,11.0,0.0,10.6
2024-03-22 14:00:00,29.1,59.3,1013.6,8.7,0.0,10.3
2024-03-22 15:00:00,28.5,61.8,1013.9,5.0,0.0,9.8
2024-03-22 16:00:00,27.2,58.0,1013.0,7.8,0.0,8.0
2024-03-22 17:00:00,24.4,58.4,1013.4,14.3,0.0,6.9
2024-03-22 18:00:00,22.0,61.0,1011.3,14.5,0.0,4.8
2024-03-22 19:00:00,20.3,61.0,1012.8,17.8,0.0,2.6
2024-03-22 20:00:00,18.0,64.2,1013.1,13.9,0.0,0
22/03/2024 21:00,18.0,64.2,1014.2,14.9,0.0,0.0
2024-03-22 22:00:00,15.6,65.9,1013.0,21.6,0.0,0.0
2024-03-22 23:00:00,14.6,72.7,1011.4,11.7,0.0,0.0
2024-03-23 00:00:00,15.1,74.6,1013.1,20.4,0.0,0.0
2024-03-23 01:00:00,15.2,74.1,1016.1,6.6,0.0,0.0
2024-03-23 02:00:00,16.0,74.7,1016.5,9.0,0.0,0.0
2024-03-23 03:00:00,18.7,74.7,1012.4,9.5,0.0,0.0
2024-03-23 04:00:00,19.3,75.7,1014.9,1.8,0.0,0.0
2024-03-23 05:00:00,21.1,74.2,1015.4,5.3,0.0,0.0
23/03/2024 06:00,22.6,77.4,1014.6,3.2,0.0,0.3
2024-03-23 07:00:00,24.6,74.8,1013.4,4.4,0.0,2.9
2024-03-23 08:00:00,27.3,66.9,1011.8,2.4,0.0,4.8
2024-03-23 09:00:00,26.7,68.6,1013.2,3.2,0.0,6.6
2024-03-23 10:00:00,29.2,67.5,1013.0,3.6,0.0,7.7
2024-03-23 11:00:00,30.0,61.8,1015.1,4.2,0.0,9.4
2024-03-23 12:00:00,30.6,64.3,1015.4,5.7,0.0,10.3
2024-03-23 13:00:00,,64.9,1016.9,4.6,0.0,10.4
2024-03-23 14:00:00,28.5,57.7,1015.3,7.8,0.0,10.3
2024-03-23 15:00:00,27.1,59.0,1012.1,8.0,0.0,10.1
2024-03-23 16:00:00,26.2,61.9,1013.9,17.7,0.0,8.0
2024-03-23 17:00:00,25.1,59.9,1011.9,10.6,0.0,7.1
2024-03-23 18:00:00,21.7,62.0,1012.2,15.1,0.0,4.5
2024-03-23 19:00:00,20.0,59.3,1013.1,12.0,0.0,2.5
2024-03-23 20:00:00,18.1,60.5,1016.5,10.0,0.0,0
2024-03-23 21:00:00,17.1,64.0,1014.4,13.5,0.0,0.0
2024-03-23 22:00:00,16.4,67.5,1012.6,12.8,0.0,0.0
2024-03-23 23:00:00,-3.8,71.3,1013.5,17.7,0.0,0.0
2024-03-24 00:00:00,14.6,72.0,1013.6,12.3,0.0,0.0
2024-03-24 01:00:00,14.8,71.9,1014.3,6.1,0.0,0.0
2024-03-24 02:00:00,15.8,74.9,1012.7,5.5,0.0,0.0
2024-03-24 03:00:00,15.2,76.8,1012.0,6.7,0.0,0.0
2024-03-24 04:00:00,19.1,71.4,1014.6,7.4,0.0,0.0
2024-03-24 05:00:00,19.2,75.9,1016.9,3.4,0.0,0.0
2024-03-24 06:00:00,22.4,74.3,1014.1,4.7,0.0,0
2024-03-24 07:00:00,23.8,69.0,1014.8,3.7,0.0,2.0
2024-03-24 08:00:00,26.0,70.6,1012.7,2.7,0.0,4.5
2024-03-24 09:00:00,29.4,65.7,1013.2,2.8,0.0,7.0
2024-03-24 10:00:00,29.3,65.1,1013.3,2.9,1.0,8.2
2024-03-24 11:00:00,30.0,66.8,1014.4,3.3,0.0,9.2
2024-03-24 12:00:00,29.1,64.4,1014.2,6.7,0.0,10.5
2024-03-24 13:00:00,29.0,62.3,1014.0,3.1,0.0,10.6
2024-03-24 14:00:00,28.7,62.8,1014.2,7.6,0.0,10.6
2024-03-24 15:00:00,28.4,60.8,1011.8,13.7,0.0,9.4
2024-03-24 16:00:00,25.3,58.3,1011.7,7.6,0.0,8.5
2024-03-24 17:00:00,24.2,58.0,1016.0,6.8,0.0,6.5
2024-03-24 18:00:00,22.0,66.7,1016.1,11.2,0.0,4.6
2024-03-24 19:00:00,20.6,60.7,1013.2,11.4,0.0,2.0
2024-03-24 20:00:00,18.3,65.4,1015.0,12.6,0.0,0.2
2024-03-24 21:00:00,18.0,63.9,1012.1,16.2,0.0,0.0
2024-03-24 22:00:00,15.8,67.7,1016.4,12.5,0.0,0.0
2024-03-24 23:00:00,14.6,69.0,1014.1,5.9,0.0,0.0
2024-03-25 00:00:00,12.8,69.7,1012.9,11.0,0.0,0.0
2024-03-25 01:00:00,14.1,74.1,1011.8,8.4,0.0,0.0
2024-03-25 02:00:00,14.4,75.3,1015.6,5.2,0.0,0.0
2024-03-25 03:00:00,17.0,76.4,1014.7,7.5,0.0,0.0
2024-03-25 04:00:00,18.9,74.6,1015.9,6.0,0.0,0.0
2024-03-25 05:00:00,18.9,71.3,1014.4,3.8,0.0,0.0
2024-03-25 06:00:00,21.1,74.1,1012.3,4.5,0.0,0.7
2024-03-25 07:00:00,23.0,70.5,1013.1,5.0,0.0,2.5
2024-03-25 08:00:00,25.9,74.9,1012.7,2.7,0.0,4.7
2024-03-25 09:00:00,27.8,68.3,1016.1,3.3,0.0,7.0
25/03/2024 10:00,27.6,70.6,1013.5,4.4,0.0,8.5
2024-03-25 11:00:00,28.4,63.9,1013.4,6.4,0.0,9.2
2024-03-25 12:00:00,29.9,64.7,1012.6,5.3,0.0,10.0
2024-03-25 13:00:00,29.2,62.8,1015.6,8.6,0.0,10.3
2024-03-25 14:00:00,28.5,60.6,1014.6,11.0,0.0,10.1
25/03/2024 15:00,26.4,58.5,1012.7,16.3,0.0,9.2
2024-03-25 16:00:00,26.4,61.0,1015.1,11.4,0.0,7.5
2024-03-25 17:00:00,23.6,58.8,1011.1,17.1,0.0,6.2
2024-03-25 18:00:00,22.0,61.4,1011.6,12.8,0.0,4.3
2024-03-25 19:00:00,19.9,63.2,1012.2,9.8,0.0,2.6
2024-03-25 20:00:00,17.9,64.0,1016.2,9.6,0.0,0
2024-03-25 21:00:00,16.9,65.8,1014.7,20.9,0.0,0.0
2024-03-25 22:00:00,15.8,69.5,1014.2,16.1,0.0,0.0
2024-03-25 23:00:00,14.4,71.1,1012.8,8.2,0.0,0.0
2024-03-26 00:00:00,13.7,68.2,1011.4,16.1,0.0,0.0
2024-03-26 01:00:00,15.7,69.8,1014.9,8.3,0.0,0.0
2024-03-26 02:00:00,15.3,75.8,1015.8,6.6,0.0,0.0
2024-03-26 03:00:00,16.3,76.6,1012.7,5.9,0.0,0.0
2024-03-26 04:00:00,17.1,74.3,1013.9,4.2,0.0,0.0
2024-03-26 05:00:00,20.5,74.4,1015.0,2.5,0.0,0.0
2024-03-26 06:00:00,23.0,74.9,1016.8,3.1,0.0,0
2024-03-26 07:00:00,46.0,71.1,1012.7,3.0,0.0,2.4
2024-03-26 08:00:00,25.8,74.5,1015.6,1.8,0.0,4.7
2024-03-26 09:00:00,27.2,74.7,1012.9,3.4,0.0,6.7
2024-03-26 10:00:00,28.9,67.5,1014.6,4.0,0.0,8.6
2024-03-26 11:00:00,28.8,64.7,1015.3,2.4,0.0,9.4
2024-03-26 12:00:00,28.4,67.7,1014.9,6.0,0.0,9.9
2024-03-26 13:00:00,29.3,59.1,1012.5,7.9,0.0,10.8
2024-03-26 14:00:00,29.0,60.5,1013.0,12.2,0.0,9.7
2024-03-26 15:00:00,27.3,59.1,1013.4,11.0,0.0,9.2
2024-03-26 16:00:00,24.9,59.3,1013.6,6.0,0.0,8.1
2024-03-26 17:00:00,23.0,60.6,1014.2,7.3,0.0,6.5
2024-03-26 18:00:00,21.8,59.7,1012.1,17.7,0.0,4.3
2024-03-26 19:00:00,19.3,63.0,1014.7,11.2,0.0,2.2
2024-03-26 20:00:00,17.4,64.0,1013.7,10.1,0.0,0
2024-03-26 21:00:00,16.7,64.6,1013.6,12.8,0.0,0.0
2024-03-26 22:00:00,15.9,70.0,1012.6,14.2,0.0,0.0
2024-03-26 23:00:00,14.4,69.4,1014.1,7.6,0.0,0.0
2024-03-27 00:00:00,13.8,73.0,1012.4,6.5,0.0,0.0
27/03/2024 01:00,13.2,75.4,1012.2,7.8,0.0,0.0
2024-03-27 02:00:00,16.4,71.5,1014.8,6.2,0.0,0.0
2024-03-27 03:00:00,15.8,76.5,1013.4,7.9,0.0,0.0
2024-03-27 04:00:00,17.2,77.0,1011.2,6.3,0.0,0.0
27/03/2024 05:00,19.0,75.1,1012.6,2.3,0.0,0.0
2024-03-27 06:00:00,22.2,72.6,1016.5,2.4,0.0,0.2
27/03/2024 07:00,24.0,73.5,1012.3,3.0,0.0,2.5
2024-03-27 08:00:00,24.5,68.5,1013.5,1.6,0.0,4.3
2024-03-27 09:00:00,49.6,67.7,1013.5,4.3,0.0,6.5
2024-03-27 10:00:00,29.5,67.3,1012.6,3.4,0.0,8.0
2024-03-27 11:00:00,29.5,68.1,1013.5,5.4,0.0,9.7
2024-03-27 12:00:00,,65.0,1012.0,12.5,0.0,9.7
2024-03-27 13:00:00,28.7,62.8,1012.9,8.9,0.0,10.5
2024-03-27 14:00:00,27.2,62.4,1012.7,9.5,0.0,9.9
2024-03-27 15:00:00,28.0,61.8,1013.1,7.3,0.0,9.6
2024-03-27 16:00:00,25.3,58.3,1011.9,6.5,0.0,7.9
2024-03-27 17:00:00,22.3,59.1,1010.1,9.9,0.0,6.8
2024-03-27 18:00:00,21.9,61.0,1012.4,18.9,0.0,4.7
2024-03-27 19:00:00,19.7,62.5,1013.0,16.5,0.0,2.0
2024-03-27 20:00:00,17.4,63.6,1011.8,16.0,0.0,0
2024-03-27 21:00:00,17.1,68.1,1014.1,15.9,0.0,0.0
2024-03-27 22:00:00,15.2,66.8,1015.9,14.3,0.0,0.0
2024-03-27 23:00:00,15.0,67.7,1013.5,9.3,0.0,0.0
2024-03-28 00:00:00,12.5,71.6,1014.9,10.2,0.0,0.0
2024-03-28 01:00:00,14.2,74.6,1013.8,11.2,0.0,0.0
2024-03-28 02:00:00,14.4,78.9,1013.5,3.4,0.0,0.0
2024-03-28 03:00:00,15.5,78.8,1012.0,2.8,0.0,0.0
28/03/2024 04:00,17.9,76.0,1013.9,6.0,0.0,0.0
2024-03-28 05:00:00,18.7,76.1,1016.1,6.4,0.0,0.0
2024-03-28 06:00:00,19.7,75.5,1014.9,3.4,0.0,0
2024-03-28 07:00:00,24.4,71.1,1013.5,2.6,0.0,2.3
2024-03-28 08:00:00,24.9,71.6,1013.0,2.5,0.0,4.4
28/03/2024 09:00,26.3,71.0,1014.3,1.5,0.0,6.5
2024-03-28 10:00:00,26.7,71.3,1012.8,2.1,0.0,7.9
2024-03-28 11:00:00,28.8,66.5,1011.7,5.5,0.0,9.4
2024-03-28 12:00:00,28.3,62.4,1015.0,5.5,0.0,10.1
2024-03-28 13:00:00,28.6,63.0,1011.4,5.1,0.0,10.2
2024-03-28 14:00:00,27.7,58.5,1012.4,6.4,0.4,10.2
28/03/2024 15:00,28.2,61.4,1014.0,8.3,0.0,9.1
2024-03-28 16:00:00,26.2,62.0,1014.5,13.5,0.0,7.7
2024-03-28 17:00:00,23.5,64.1,1012.3,11.9,0.0,6.5
2024-03-28 18:00:00,22.3,59.3,1015.0,10.9,0.0,4.5
2024-03-28 19:00:00,20.7,61.2,1011.8,11.6,0.0,2.4
2024-03-28 20:00:00,17.7,64.8,1016.0,9.6,0.0,0
2024-03-28 21:00:00,15.3,67.0,1012.1,7.7,0.0,0.0
2024-03-28 22:00:00,14.4,67.9,1013.1,11.7,0.0,0.0
2024-03-28 23:00:00,14.1,69.9,1013.3,14.6,0.0,0.0
2024-03-29 00:00:00,14.1,69.6,1014.9,14.8,0.0,0.0
2024-03-29 01:00:00,13.4,68.3,1011.8,12.3,0.0,0.0
2024-03-29 02:00:00,14.3,74.4,1013.5,9.1,0.0,0.0
2024-03-29 03:00:00,15.4,75.9,1012.3,5.4,0.0,0.0
2024-03-29 04:00:00,17.3,77.9,1012.1,3.8,0.0,0.0
2024-03-29 05:00:00,19.1,77.6,1011.7,5.4,0.0,0.0
2024-03-29 06:00:00,19.8,74.4,1015.1,2.7,0.0,0
2024-03-29 07:00:00,23.0,74.3,1012.0,1.7,0.0,2.3
2024-03-29 08:00:00,26.1,73.9,1012.4,1.5,0.0,4.3
2024-03-29 09:00:00,27.1,68.8,1012.7,4.7,0.0,6.5
2024-03-29 10:00:00,27.6,69.2,1013.3,3.8,0.0,8.2
2024-03-29 11:00:00,29.4,65.5,1015.1,3.4,0.0,9.0
2024-03-29 12:00:00,28.3,64.9,1011.2,4.3,0.0,10.0
2024-03-29 13:00:00,28.5,63.5,1012.4,7.9,0.0,10.3
2024-03-29 14:00:00,26.7,61.6,1013.8,11.2,0.0,10.0
2024-03-29 15:00:00,28.9,58.0,1012.9,8.6,0.0,9.1
2024-03-29 16:00:00,25.2,60.6,1014.4,19.1,0.0,7.9
2024-03-29 17:00:00,24.4,61.5,1011.7,7.8,0.0,6.3
29/03/2024 18:00,21.8,59.5,1013.6,8.2,0.0,4.5
2024-03-29 19:00:00,19.6,65.2,1013.5,25.2,0.0,2.4
2024-03-29 20:00:00,16.6,67.5,1014.3,24.0,0.0,0
2024-03-29 21:00:00,16.2,63.8,1011.0,10.1,0.0,0.0
2024-03-29 22:00:00,13.7,68.1,1012.2,12.5,0.0,0.0
2024-03-29 23:00:00,12.5,70.6,1013.6,12.9,0.0,0.0
2024-03-30 00:00:00,14.1,71.9,1010.7,10.3,0.0,0.0
2024-03-30 01:00:00,13.5,75.3,1009.3,10.5,0.0,0.0
2024-03-30 02:00:00,14.6,73.0,1012.3,7.5,0.0,0.0
30/03/2024 03:00,14.8,78.6,1013.7,5.4,0.0,0.0
2024-03-30 04:00:00,17.3,75.5,1014.7,4.5,0.0,0.0
2024-03-30 05:00:00,18.8,77.4,1010.7,2.2,0.0,0.0
2024-03-30 06:00:00,20.5,77.1,1012.1,3.5,0.0,0.4
2024-03-30 07:00:00,23.3,74.9,1015.6,3.6,1.2,2.3
2024-03-30 08:00:00,23.6,72.9,1011.7,3.0,0.0,4.6
30/03/2024 09:00,26.0,71.3,1011.7,2.2,0.0,6.3
2024-03-30 10:00:00,26.7,70.8,1014.5,2.5,0.0,7.9
2024-03-30 11:00:00,29.0,65.0,1012.2,3.9,0.0,9.0
2024-03-30 12:00:00,28.8,63.9,1012.8,6.2,0.0,9.7
2024-03-30 13:00:00,28.7,60.8,1012.8,12.9,0.0,10.3
2024-03-30 14:00:00,26.8,60.7,1009.8,6.4,0.0,10.2
2024-03-30 15:00:00,25.4,62.1,1012.9,7.7,0.0,9.3
2024-03-30 16:00:00,24.6,57.4,1010.8,5.1,0.0,7.8
2024-03-30 17:00:00,24.1,62.4,1012.2,17.5,0.0,6.3
2024-03-30 18:00:00,20.9,64.0,1015.1,8.8,0.0,4.3
2024-03-30 19:00:00,20.1,63.8,1014.4,12.0,0.0,1.8
2024-03-30 20:00:00,17.1,63.8,1012.0,8.3,0.0,0
30/03/2024 21:00,14.1,66.3,1015.2,8.1,0.0,0.0
2024-03-30 22:00:00,14.1,69.9,1013.1,11.3,0.0,0.0
2024-03-30 23:00:00,13.8,69.1,1014.9,6.6,0.0,0.0
31/03/2024 00:00,13.9,69.5,1013.1,13.0,0.0,0.0
2024-03-31 01:00:00,12.9,72.3,1014.1,10.5,0.0,0.0
31/03/2024 02:00,13.5,76.7,1011.4,12.4,0.0,0.0
2024-03-31 03:00:00,15.9,77.5,1014.8,4.8,0.0,0.0
2024-03-31 04:00:00,17.4,78.4,1013.7,7.6,0.0,0.0
2024-03-31 05:00:00,18.3,77.8,1009.6,3.8,0.0,0.0
2024-03-31 06:00:00,20.7,73.2,1012.2,3.9,0.0,0
2024-03-31 07:00:00,21.9,72.5,1014.4,2.9,0.0,2.1
2024-03-31 08:00:00,25.3,69.7,1013.3,2.9,0.0,4.7
2024-03-31 09:00:00,25.2,70.6,1013.0,3.8,0.0,6.1
2024-03-31 10:00:00,28.5,67.1,1013.5,2.8,0.0,8.0
2024-03-31 11:00:00,27.5,67.0,1008.4,5.0,0.0,8.8
31/03/2024 12:00,28.6,65.3,1011.4,5.3,0.0,9.6
2024-03-31 13:00:00,28.1,59.9,1015.4,3.9,0.0,10.0
2024-03-31 14:00:00,27.5,62.9,1013.8,4.9,0.0,9.6
2024-03-31 15:00:00,25.9,62.0,1013.8,6.3,0.0,8.8
2024-03-31 16:00:00,25.0,59.1,1012.6,9.5,0.0,7.6
2024-03-31 17:00:00,23.5,60.0,1011.6,7.4,0.0,6.3
2024-03-31 18:00:00,21.3,60.8,1015.3,8.5,0.0,4.1
2024-03-31 19:00:00,19.1,61.3,1012.8,11.1,0.0,2.1
2024-03-31 20:00:00,16.8,64.9,1010.3,8.0,0.0,0.2
2024-03-31 21:00:00,14.5,64.5,1013.3,15.1,0.0,0.0
2024-03-31 22:00:00,14.4,66.8,1014.3,24.9,0.0,0.0
2024-03-31 23:00:00,14.2,69.5,1014.8,12.4,0.0,0.0
2024-04-01 00:00:00,13.3,72.2,1013.7,11.2,0.0,0.0
2024-04-01 01:00:00,13.4,72.3,1012.5,5.9,0.0,0.0
2024-04-01 02:00:00,13.5,74.8,1012.7,6.9,0.0,0.0
2024-04-01 03:00:00,15.0,78.3,1013.5,9.6,0.0,0.0
2024-04-01 04:00:00,18.5,76.0,1012.5,5.0,0.0,0.0
2024-04-01 05:00:00,18.8,79.2,1012.7,6.0,0.0,0.0
2024-04-01 06:00:00,21.2,76.4,1010.1,5.0,0.0,0.1
2024-04-01 07:00:00,23.5,72.3,1013.4,1.7,0.0,2.0
2024-04-01 08:00:00,23.6,71.1,1012.8,1.9,0.0,4.1
2024-04-01 09:00:00,25.5,73.9,1015.1,2.4,0.0,6.2
01/04/2024 10:00,27.0,67.1,1013.8,5.4,0.0,7.8
2024-04-01 11:00:00,28.0,65.0,1012.4,9.5,0.0,9.0
2024-04-01 12:00:00,27.5,66.1,1011.3,6.3,0.0,9.5
2024-04-01 13:00:00,27.4,62.6,1014.0,7.1,0.0,10.3
2024-04-01 14:00:00,26.6,62.5,1011.0,13.4,0.0,9.3
2024-04-01 15:00:00,25.2,60.4,1010.7,8.9,0.0,9.4
2024-04-01 16:00:00,24.4,59.9,1012.0,13.5,0.0,7.8
2024-04-01 17:00:00,21.8,64.0,1014.3,11.8,0.0,6.1
2024-04-01 18:00:00,21.4,63.6,1014.8,8.0,0.0,4.0
01/04/2024 19:00,18.4,59.5,1013.1,9.8,0.0,1.9
2024-04-01 20:00:00,18.0,62.2,1014.7,9.5,0.0,0.0
01/04/2024 21:00,16.6,67.0,1014.6,7.9,0.0,0.0
2024-04-01 22:00:00,14.4,64.6,1012.0,10.0,0.0,0.0
2024-04-01 23:00:00,13.4,67.6,1011.4,10.8,0.0,0.0
2024-04-02 00:00:00,13.4,71.0,1014.4,8.1,0.0,0.0
02/04/2024 01:00,11.9,78.9,1011.7,7.9,0.0,0.0
2024-04-02 02:00:00,14.6,77.3,1013.9,6.3,0.0,0.0
2024-04-02 03:00:00,14.9,77.0,1015.4,4.6,0.0,0.0
2024-04-02 04:00:00,15.2,78.9,1013.9,7.6,0.0,0.0
2024-04-02 05:00:00,18.4,74.8,1011.8,4.5,0.0,0.0
2024-04-02 06:00:00,21.0,75.1,1012.3,4.1,0.0,0
2024-04-02 07:00:00,21.8,72.6,1013.4,4.3,0.0,1.9
02/04/2024 08:00,24.0,72.2,1012.0,1.4,0.0,4.2
2024-04-02 09:00:00,25.0,74.2,1012.1,4.6,0.0,5.8
2024-04-02 10:00:00,26.1,67.3,1013.5,4.7,0.0,7.9
2024-04-02 11:00:00,26.8,70.8,1014.1,3.0,0.0,9.2
2024-04-02 12:00:00,28.2,64.6,1013.9,5.0,0.0,9.3
2024-04-02 13:00:00,27.0,65.1,1010.7,7.3,0.0,10.2
2024-04-02 14:00:00,27.4,63.0,1013.6,6.3,0.0,9.8
2024-04-02 15:00:00,25.1,62.8,1012.2,,0.0,8.9
2024-04-02 16:00:00,24.4,59.2,1013.9,7.6,0.0,7.9
2024-04-02 17:00:00,22.0,59.2,1012.4,12.8,0.0,6.3
2024-04-02 18:00:00,20.7,61.8,1011.5,8.1,0.0,4.7
2024-04-02 19:00:00,17.6,64.0,1012.9,22.3,0.0,2.3
2024-04-02 20:00:00,17.9,65.0,1014.5,16.5,0.0,0.2
2024-04-02 21:00:00,15.3,67.9,1012.9,8.6,0.0,0.0
2024-04-02 22:00:00,13.8,71.1,1014.0,11.4,0.0,0.0
2024-04-02 23:00:00,13.0,72.8,1012.6,11.2,0.0,0.0
2024-04-03 00:00:00,11.6,74.5,1010.7,10.7,0.0,0.0
2024-04-03 01:00:00,11.4,77.5,1011.0,20.4,0.0,0.0
2024-04-03 02:00:00,13.4,79.0,1013.6,8.6,0.0,0.0
2024-04-03 03:00:00,15.1,74.5,1013.2,4.0,0.0,0.0
2024-04-03 04:00:00,16.7,77.4,1015.6,7.2,0.0,0.0
2024-04-03 05:00:00,18.1,75.8,1009.5,3.9,0.0,0.0
2024-04-03 06:00:00,20.3,74.7,1014.7,4.3,0.0,0.1
2024-04-03 07:00:00,22.3,76.3,1011.7,3.9,0.0,2.3
2024-04-03 08:00:00,24.2,71.8,1013.4,4.7,0.0,4.1
2024-04-03 09:00:00,25.2,70.4,1012.2,2.6,0.0,5.9
2024-04-03 10:00:00,26.5,71.0,1012.6,4.2,0.0,7.8
2024-04-03 11:00:00,28.9,66.2,1012.4,3.3,0.0,8.5
2024-04-03 12:00:00,28.3,65.5,1009.6,7.2,0.0,9.8
03/04/2024 13:00,26.8,64.5,1015.5,17.4,0.0,10.1
2024-04-03 14:00:00,26.3,65.1,1009.6,6.4,0.0,9.6
2024-04-03 15:00:00,25.6,60.7,1012.8,10.6,0.0,9.2
2024-04-03 16:00:00,24.2,60.9,1012.9,10.4,0.0,7.6
2024-04-03 17:00:00,22.5,61.4,1010.5,7.2,0.0,5.8
2024-04-03 18:00:00,19.9,63.6,1012.2,15.5,0.0,3.9
2024-04-03 19:00:00,19.0,60.8,1012.8,12.9,0.0,2.1
2024-04-03 20:00:00,17.1,65.7,1013.4,6.8,0.0,0
2024-04-03 21:00:00,15.3,69.1,1014.5,11.9,0.0,0.0
2024-04-03 22:00:00,14.5,69.7,1015.2,8.1,0.0,0.0
2024-04-03 23:00:00,12.2,71.5,1013.4,12.0,0.0,0.0
04/04/2024 00:00,13.1,72.3,1011.4,11.7,0.0,0.0
2024-04-04 01:00:00,-5.0,73.3,1010.9,11.2,0.2,0.0
2024-04-04 02:00:00,13.1,74.6,1010.3,5.5,0.4,0.0
2024-04-04 03:00:00,14.7,75.0,1011.4,4.2,0.0,0.0
2024-04-04 04:00:00,16.0,81.6,1015.0,2.9,0.0,0.0
2024-04-04 05:00:00,17.8,78.5,1012.9,4.5,0.0,0.0
2024-04-04 06:00:00,19.3,78.1,1012.7,2.5,0.0,0.2
04/04/2024 07:00,23.4,77.2,1013.1,1.9,0.0,2.0
04/04/2024 08:00,25.2,69.3,1011.9,1.9,0.0,4.2
04/04/2024 09:00,26.8,71.4,1011.4,1.3,0.0,6.0
2024-04-04 10:00:00,26.5,69.1,1013.8,3.1,0.0,7.9
2024-04-04 11:00:00,27.1,67.2,1011.5,2.8,0.0,8.6
2024-04-04 12:00:00,26.0,66.5,1012.1,7.6,0.0,9.5
2024-04-04 13:00:00,27.5,66.1,1012.9,6.7,0.0,10.0
2024-04-04 14:00:00,27.1,59.6,1011.6,5.7,0.0,9.5
2024-04-04 15:00:00,25.7,57.4,1011.9,11.7,0.0,9.1
2024-04-04 16:00:00,23.0,62.1,1013.1,7.3,0.0,7.5
2024-04-04 17:00:00,22.8,59.4,1011.9,8.4,0.0,6.0
2024-04-04 18:00:00,20.0,59.3,1012.8,10.1,0.0,4.6
2024-04-04 19:00:00,16.0,63.8,1014.2,20.5,0.0,2.4
2024-04-04 20:00:00,16.7,66.8,1011.5,21.1,0.0,0.1
2024-04-04 21:00:00,15.4,63.9,1010.9,14.4,0.0,0.0
2024-04-04 22:00:00,14.3,71.9,1011.0,19.3,0.0,0.0
2024-04-04 23:00:00,14.0,67.1,1014.0,6.3,1.6,0.0
2024-04-05 00:00:00,13.3,73.4,1014.0,21.3,0.0,0.0
2024-04-05 01:00:00,13.4,73.8,1011.1,7.8,0.0,0.0
2024-04-05 02:00:00,14.1,72.3,1010.1,5.7,0.0,0.0
2024-04-05 03:00:00,14.0,77.5,1012.0,3.0,0.0,0.0
2024-04-05 04:00:00,15.3,78.7,1012.9,2.6,0.0,0.0
2024-04-05 05:00:00,17.9,80.7,1013.5,2.6,0.0,0.0
2024-04-05 06:00:00,19.4,75.0,1013.5,2.0,0.0,0
2024-04-05 07:00:00,21.9,79.2,1012.5,3.5,0.0,2.1
2024-04-05 08:00:00,22.8,74.0,1011.1,2.4,0.0,4.4
2024-04-05 09:00:00,24.6,69.5,1012.0,2.1,0.0,6.3
2024-04-05 10:00:00,26.2,69.0,1011.2,2.2,1.2,7.0
2024-04-05 11:00:00,26.5,67.6,1011.2,2.9,0.0,8.6
2024-04-05 12:00:00,26.9,65.1,1013.6,5.9,0.0,9.3
2024-04-05 13:00:00,28.0,61.2,1016.1,9.7,0.0,10.0
2024-04-05 14:00:00,26.3,64.6,1013.0,7.0,0.0,9.3
2024-04-05 15:00:00,24.6,64.9,1012.0,5.3,0.0,8.5
2024-04-05 16:00:00,24.5,59.3,1012.8,11.8,0.0,7.0
2024-04-05 17:00:00,21.9,59.5,1012.0,10.3,0.0,5.8
2024-04-05 18:00:00,18.9,65.8,1012.8,7.5,0.0,4.3
2024-04-05 19:00:00,18.1,65.0,1014.0,13.0,0.0,2.1
2024-04-05 20:00:00,16.3,65.5,1013.9,12.0,0.0,0.2
2024-04-05 21:00:00,14.9,69.6,1010.2,12.6,0.0,0.0
2024-04-05 22:00:00,13.3,69.6,,8.8,3.6,0.0
2024-04-05 23:00:00,11.9,69.6,1011.9,11.4,0.0,0.0
2024-04-06 00:00:00,13.1,69.5,1012.5,9.8,0.0,0.0
2024-04-06 01:00:00,12.9,71.9,1014.8,8.5,0.0,0.0
06/04/2024 02:00,14.4,73.8,1013.4,6.1,1.4,0.0
2024-04-06 03:00:00,15.6,73.3,1012.0,11.3,0.0,0.0
2024-04-06 04:00:00,16.2,79.0,1013.2,12.1,0.0,0.0
2024-04-06 05:00:00,17.2,76.0,1014.1,3.2,0.0,0.0
2024-04-06 06:00:00,19.9,76.2,1014.2,3.0,2.4,0
2024-04-06 07:00:00,21.6,77.6,1012.3,1.5,0.0,2.0
2024-04-06 08:00:00,22.0,76.3,1010.3,3.2,0.0,4.2
2024-04-06 09:00:00,25.0,71.9,1012.7,3.0,0.0,6.1
2024-04-06 10:00:00,25.1,71.4,1013.0,2.3,0.0,7.8
2024-04-06 11:00:00,25.5,68.5,1012.1,9.3,0.0,9.1
2024-04-06 12:00:00,27.0,65.6,1012.4,7.7,0.0,9.7
2024-04-06 13:00:00,27.2,64.6,1013.2,8.4,0.0,9.7
2024-04-06 14:00:00,25.8,63.2,1013.2,10.5,0.0,9.3
2024-04-06 15:00:00,25.1,63.1,1013.6,9.9,0.0,8.5
2024-04-06 16:00:00,23.7,59.7,1011.9,11.7,0.0,7.6
2024-04-06 17:00:00,21.2,69.4,1011.6,7.1,0.0,5.8
2024-04-06 18:00:00,20.6,62.3,1014.6,7.4,0.0,4.3
2024-04-06 19:00:00,18.4,66.9,1012.5,10.8,0.0,2.3
2024-04-06 20:00:00,16.0,69.1,1010.3,23.9,0.0,0.2
2024-04-06 21:00:00,14.2,68.6,1015.5,16.5,0.0,0.0
2024-04-06 22:00:00,14.0,69.2,1013.6,12.1,0.0,0.0
2024-04-06 23:00:00,12.9,70.7,1011.7,13.2,2.1,0.0
2024-04-07 00:00:00,12.0,72.8,1011.4,12.2,7.0,0.0
07/04/2024 01:00,13.2,74.6,1014.5,13.2,0.0,0.0
2024-04-07 02:00:00,13.4,73.3,1012.5,8.2,2.2,0.0
2024-04-07 03:00:00,14.3,76.6,1012.6,5.1,0.0,0.0
07/04/2024 04:00,16.0,76.3,1013.9,8.2,0.0,0.0
2024-04-07 05:00:00,16.8,79.5,1012.9,5.7,0.0,0.0
2024-04-07 06:00:00,20.0,74.0,1013.9,1.7,0.0,0
2024-04-07 07:00:00,23.1,75.8,1013.0,1.9,0.0,2.0
2024-04-07 08:00:00,23.8,74.8,1012.8,4.1,0.0,4.1
2024-04-07 09:00:00,24.8,70.9,1010.4,5.6,0.0,6.3
2024-04-07 10:00:00,26.6,70.5,1014.1,3.1,0.0,7.3
07/04/2024 11:00,27.0,69.1,1012.8,5.1,0.0,8.7
2024-04-07 12:00:00,26.5,66.2,1014.0,4.9,0.0,9.6
2024-04-07 13:00:00,26.2,,1012.9,3.0,0.0,9.8
07/04/2024 14:00,25.6,64.3,1016.9,5.4,0.0,9.2
2024-04-07 15:00:00,25.0,62.9,1012.5,10.8,0.0,8.6
2024-04-07 16:00:00,23.5,60.3,,7.3,0.0,7.2
2024-04-07 17:00:00,21.2,60.2,1011.6,8.9,0.0,5.9
2024-04-07 18:00:00,19.3,64.4,1011.8,8.5,0.0,4.0
2024-04-07 19:00:00,18.1,64.5,1014.7,17.6,0.3,1.5
2024-04-07 20:00:00,16.1,63.3,1012.8,9.5,0.0,0
2024-04-07 21:00:00,14.5,65.1,1009.0,10.1,0.0,0.0
2024-04-07 22:00:00,13.2,68.7,1010.4,13.2,0.0,0.0
2024-04-07 23:00:00,12.6,70.1,1013.5,7.0,0.0,0.0
2024-04-08 00:00:00,11.7,72.7,1011.2,13.7,0.0,0.0
2024-04-08 01:00:00,12.0,73.6,1012.3,7.2,0.0,0.0
2024-04-08 02:00:00,12.6,74.6,1012.4,13.9,0.0,0.0
2024-04-08 03:00:00,14.8,75.5,1010.9,4.6,0.0,0.0
2024-04-08 04:00:00,16.2,77.5,1012.0,5.2,0.0,0.0
2024-04-08 05:00:00,17.6,77.7,1011.9,3.6,0.0,0.0
2024-04-08 06:00:00,19.1,78.8,1012.7,5.6,0.0,0.2
2024-04-08 07:00:00,21.0,78.3,1010.9,1.3,0.0,2.1
2024-04-08 08:00:00,23.5,71.7,1015.4,2.4,0.0,4.3
2024-04-08 09:00:00,24.5,75.7,1012.6,4.0,0.0,6.0
2024-04-08 10:00:00,26.1,67.5,1011.8,1.2,0.0,7.7
2024-04-08 11:00:00,26.1,72.0,1013.7,5.5,0.0,8.8
2024-04-08 12:00:00,26.7,69.9,1012.9,8.8,0.0,9.4
2024-04-08 13:00:00,27.4,65.0,1013.8,10.0,0.0,9.2
2024-04-08 14:00:00,25.3,65.8,1013.0,7.4,0.0,9.1
08/04/2024 15:00,25.0,63.1,1013.6,9.5,0.0,8.8
2024-04-08 16:00:00,21.3,62.5,1009.6,7.2,0.0,7.9
2024-04-08 17:00:00,20.3,64.4,1010.0,7.6,2.4,6.3
2024-04-08 18:00:00,19.1,65.6,1012.3,7.4,0.0,3.9
2024-04-08 19:00:00,17.1,64.6,1012.4,14.3,0.0,2.4
08/04/2024 20:00,15.4,68.6,1014.0,10.1,0.0,0.1
2024-04-08 21:00:00,12.5,66.4,1013.3,9.6,0.0,0.0
2024-04-08 22:00:00,13.6,65.4,1013.7,8.7,0.0,0.0
2024-04-08 23:00:00,12.9,70.5,1010.5,13.2,0.0,0.0
2024-04-09 00:00:00,11.2,71.0,1011.9,10.2,0.0,0.0
2024-04-09 01:00:00,12.7,73.8,1015.2,6.2,0.0,0.0
2024-04-09 02:00:00,12.6,77.8,1013.1,8.3,0.0,0.0
2024-04-09 03:00:00,13.8,76.9,1008.9,5.8,0.0,0.0
2024-04-09 04:00:00,15.4,77.7,1010.6,4.2,4.8,0.0
2024-04-09 05:00:00,17.8,75.9,1012.5,5.9,0.0,0.0
2024-04-09 06:00:00,19.0,76.8,1012.1,5.4,0.0,0.5
2024-04-09 07:00:00,21.2,78.5,1011.8,2.5,0.0,2.3
2024-04-09 08:00:00,23.1,71.2,1014.8,1.3,0.0,4.1
2024-04-09 09:00:00,24.3,72.8,1010.6,2.1,0.0,5.6
2024-04-09 10:00:00,24.6,69.1,1011.3,1.7,0.0,7.3
2024-04-09 11:00:00,25.7,67.6,1013.3,2.3,0.0,8.5
2024-04-09 12:00:00,26.5,65.9,1015.7,9.9,0.0,9.1
2024-04-09 13:00:00,26.6,63.9,1007.8,8.2,0.0,9.4
2024-04-09 14:00:00,25.2,67.4,1014.8,10.9,0.0,9.0
2024-04-09 15:00:00,24.0,,1013.1,5.9,0.0,8.8
2024-04-09 16:00:00,23.4,60.7,1012.7,7.6,0.0,7.7
2024-04-09 17:00:00,20.5,64.5,1011.1,16.6,0.0,6.1
2024-04-09 18:00:00,20.0,62.8,1012.8,14.8,0.0,3.7
2024-04-09 19:00:00,17.6,63.6,1009.9,6.5,0.0,1.9
2024-04-09 20:00:00,15.0,68.0,1012.2,13.4,0.0,0
2024-04-09 21:00:00,14.9,65.5,1009.9,10.0,0.0,0.0
2024-04-09 22:00:00,11.9,69.9,1013.5,5.5,0.0,0.0
2024-04-09 23:00:00,12.6,73.9,1010.8,11.8,0.0,0.0
2024-04-10 00:00:00,11.5,74.9,1009.7,6.2,0.0,0.0
2024-04-10 01:00:00,12.0,-5,1013.0,13.4,0.0,0.0
2024-04-10 02:00:00,12.1,78.9,1011.1,8.4,0.0,0.0
2024-04-10 03:00:00,14.5,77.9,1015.1,3.2,0.0,0.0
2024-04-10 04:00:00,16.2,75.5,1012.5,5.7,0.0,0.0
2024-04-10 05:00:00,17.8,78.6,1012.4,3.1,0.0,0.0
2024-04-10 06:00:00,20.0,74.8,1011.7,3.7,0.0,0
2024-04-10 07:00:00,20.1,76.5,1014.7,5.1,0.0,2.1
2024-04-10 08:00:00,23.5,75.6,1014.2,2.5,0.0,4.2
2024-04-10 09:00:00,23.3,73.8,1013.9,4.6,0.0,5.8
2024-04-10 10:00:00,24.3,72.9,1013.4,2.5,0.0,7.1
2024-04-10 11:00:00,26.0,68.8,1013.7,4.0,0.7,8.2
2024-04-10 12:00:00,26.9,66.6,1013.4,6.0,0.0,9.4
2024-04-10 13:00:00,26.1,65.8,1014.1,5.4,0.0,9.6
2024-04-10 14:00:00,25.6,67.6,1010.2,5.0,0.0,9.0
2024-04-10 15:00:00,24.6,61.1,1013.4,11.8,0.0,8.5
2024-04-10 16:00:00,22.4,67.0,1014.7,9.2,0.0,7.8
2024-04-10 17:00:00,20.6,64.1,1015.8,5.9,0.0,6.2
2024-04-10 18:00:00,18.9,62.7,1012.8,8.0,0.0,4.0
2024-04-10 19:00:00,17.0,65.6,1012.3,7.0,0.0,2.4
2024-04-10 20:00:00,15.2,69.2,1012.3,10.4,0.0,0
2024-04-10 21:00:00,15.4,64.3,1011.7,14.3,0.0,0.0
2024-04-10 22:00:00,11.1,69.5,1012.0,9.3,0.0,0.0
2024-04-10 23:00:00,12.0,73.0,1012.4,12.9,0.0,0.0
2024-04-11 00:00:00,13.2,73.8,1009.9,9.6,0.0,0.0
2024-04-11 01:00:00,11.6,76.2,1012.4,19.5,0.0,0.0
2024-04-11 02:00:00,13.1,77.9,1011.5,7.8,0.0,0.0
2024-04-11 03:00:00,14.0,78.6,1009.3,5.2,0.0,0.0
2024-04-11 04:00:00,14.9,78.3,1011.3,8.4,0.0,0.0
2024-04-11 05:00:00,17.9,77.1,1014.1,6.1,0.0,0.0
2024-04-11 06:00:00,18.5,-5,1010.1,2.2,0.0,0
2024-04-11 07:00:00,18.9,76.5,1012.1,2.2,0.0,2.0
11/04/2024 08:00,22.4,74.7,1011.1,1.5,0.0,4.4
2024-04-11 09:00:00,24.1,73.1,1013.0,2.5,0.0,5.7
2024-04-11 10:00:00,23.7,72.9,1013.5,3.6,0.0,6.8
2024-04-11 11:00:00,26.0,69.4,1014.2,2.2,1.2,8.2
2024-04-11 12:00:00,25.3,64.1,1013.9,4.1,0.0,9.2
2024-04-11 13:00:00,24.4,64.8,1010.9,6.5,0.0,9.2
2024-04-11 14:00:00,25.1,61.8,1013.2,9.6,0.0,9.2
2024-04-11 15:00:00,23.4,66.2,1011.3,6.1,0.0,8.1
2024-04-11 16:00:00,22.6,62.2,1012.3,16.6,0.0,7.5
2024-04-11 17:00:00,22.0,65.2,1011.0,12.7,0.0,5.8
2024-04-11 18:00:00,18.0,64.4,1012.1,13.0,0.0,3.8
2024-04-11 19:00:00,17.1,65.6,1012.4,11.2,0.0,1.9
2024-04-11 20:00:00,15.3,66.9,1013.1,12.5,0.0,0
2024-04-11 21:00:00,13.5,68.1,1013.6,9.9,0.0,0.0
2024-04-11 22:00:00,12.5,67.3,1011.3,12.5,0.0,0.0
2024-04-11 23:00:00,12.3,70.0,1012.6,11.7,0.0,0.0
2024-04-12 00:00:00,11.2,74.6,1011.8,9.9,0.0,0.0
2024-04-12 01:00:00,11.0,73.0,1014.8,15.2,0.0,0.0
2024-04-12 02:00:00,11.6,75.8,1011.6,5.9,0.0,0.0
2024-04-12 03:00:00,13.7,78.1,1014.9,3.6,0.0,0.0
2024-04-12 04:00:00,,80.2,1012.2,9.6,0.0,0.0
2024-04-12 05:00:00,17.1,78.6,1008.5,2.2,0.0,0.0
2024-04-12 06:00:00,19.1,77.9,1012.5,2.6,0.0,0
2024-04-12 07:00:00,20.3,76.8,1012.5,2.4,0.0,2.1
2024-04-12 08:00:00,22.4,73.6,1010.3,2.3,0.0,3.9
2024-04-12 09:00:00,23.6,73.9,1012.7,2.8,0.0,5.6
2024-04-12 10:00:00,24.2,72.1,1011.6,2.1,0.0,7.4
12/04/2024 11:00,24.7,70.5,1009.8,2.7,0.0,8.6
2024-04-12 12:00:00,26.5,67.8,1012.6,4.1,0.0,9.2
2024-04-12 13:00:00,25.8,69.4,1011.7,4.4,0.0,9.3
2024-04-12 14:00:00,24.8,62.9,1010.2,8.2,0.0,9.1
2024-04-12 15:00:00,23.8,65.6,1011.0,6.1,0.0,8.2
2024-04-12 16:00:00,23.1,65.0,1011.5,9.0,0.0,7.1
2024-04-12 17:00:00,21.3,66.0,1012.0,8.0,0.0,5.4
2024-04-12 18:00:00,20.1,61.4,1011.9,12.1,0.0,4.2
2024-04-12 19:00:00,15.5,65.5,1011.3,12.1,0.0,2.2
2024-04-12 20:00:00,15.7,67.7,1012.0,9.7,0.0,0
2024-04-12 21:00:00,13.2,67.0,1009.5,9.1,0.0,0.0
2024-04-12 22:00:00,12.5,73.4,1010.4,8.8,0.0,0.0
2024-04-12 23:00:00,-6.1,72.2,1011.5,10.3,0.0,0.0
2024-04-13 00:00:00,11.8,78.0,1012.5,12.4,0.0,0.0
2024-04-13 01:00:00,11.9,74.8,1010.4,8.8,0.0,0.0
2024-04-13 02:00:00,12.2,79.9,1010.0,5.9,0.0,0.0
2024-04-13 03:00:00,13.7,76.6,1010.2,3.1,0.0,0.0
2024-04-13 04:00:00,13.5,80.9,1011.8,5.7,0.0,0.0
13/04/2024 05:00,16.4,76.6,1011.7,3.5,0.0,0.0
2024-04-13 06:00:00,17.4,79.8,1012.7,2.8,0.0,0.2
2024-04-13 07:00:00,19.8,76.9,1009.5,3.7,0.0,1.9
2024-04-13 08:00:00,22.1,75.6,1012.9,2.8,0.0,4.3
2024-04-13 09:00:00,23.5,73.6,1010.7,1.8,1.3,5.6
2024-04-13 10:00:00,24.2,70.0,1010.7,4.2,0.0,7.5
2024-04-13 11:00:00,26.4,71.2,1011.8,6.6,0.0,8.4
2024-04-13 12:00:00,25.8,65.8,1011.9,7.5,1.4,9.2
2024-04-13 13:00:00,25.8,68.4,1011.6,5.3,0.0,8.7
2024-04-13 14:00:00,25.3,63.2,1010.1,5.5,0.0,9.6
2024-04-13 15:00:00,22.7,60.2,1010.0,8.7,0.0,8.4
2024-04-13 16:00:00,22.3,64.4,1008.1,16.4,0.0,7.3
2024-04-13 17:00:00,20.8,65.3,1013.2,7.7,0.0,5.9
2024-04-13 18:00:00,17.8,65.3,1011.5,,0.0,3.9
2024-04-13 19:00:00,15.8,66.7,1014.6,6.3,0.0,2.0
2024-04-13 20:00:00,14.0,66.1,1010.7,15.9,0.0,0.0
2024-04-13 21:00:00,13.1,69.3,1013.3,8.8,0.0,0.0
2024-04-13 22:00:00,11.3,71.9,1012.3,4.0,0.0,0.0
2024-04-13 23:00:00,11.4,73.4,1012.0,7.9,0.0,0.0
2024-04-14 00:00:00,12.7,75.0,1009.9,8.4,0.0,0.0
2024-04-14 01:00:00,10.6,77.4,1010.0,7.7,0.0,0.0
2024-04-14 02:00:00,12.1,79.9,1013.4,,0.0,0.0
2024-04-14 03:00:00,13.7,78.5,1011.0,6.5,0.0,0.0
2024-04-14 04:00:00,,78.4,1012.4,5.2,0.0,0.0
2024-04-14 05:00:00,17.3,77.8,1012.2,6.1,0.0,0.0
2024-04-14 06:00:00,18.2,76.2,1013.2,2.6,0.0,0.0
2024-04-14 07:00:00,18.9,74.6,1011.1,5.0,0.0,1.5
2024-04-14 08:00:00,21.9,76.7,1010.4,2.6,0.0,4.0
2024-04-14 09:00:00,23.6,73.5,1010.4,4.5,0.0,5.7
2024-04-14 10:00:00,24.2,70.5,1010.7,2.3,0.0,7.4
2024-04-14 11:00:00,,69.3,1008.7,4.3,0.0,8.4
2024-04-14 12:00:00,25.4,66.8,1012.9,5.6,0.0,9.0
2024-04-14 13:00:00,24.6,65.2,1012.2,3.8,0.0,9.1
2024-04-14 14:00:00,24.0,65.0,1013.5,4.4,0.0,9.3
2024-04-14 15:00:00,23.1,65.8,1011.2,7.3,0.0,8.4
2024-04-14 16:00:00,20.5,64.2,1011.5,14.1,0.0,6.9
2024-04-14 17:00:00,18.8,64.2,1011.6,13.0,0.0,5.3
2024-04-14 18:00:00,17.5,60.7,1011.5,10.2,0.0,3.9
2024-04-14 19:00:00,17.4,70.2,1009.8,16.9,0.0,1.8
2024-04-14 20:00:00,15.1,66.5,1013.8,12.4,0.0,0.2
2024-04-14 21:00:00,12.5,70.6,1010.3,15.0,0.0,0.0
2024-04-14 22:00:00,12.3,73.0,1011.0,14.2,0.0,0.0
2024-04-14 23:00:00,11.4,73.1,1012.8,5.5,0.0,0.0
2024-04-15 00:00:00,10.6,76.6,1012.9,6.6,0.0,0.0
2024-04-15 01:00:00,11.2,76.9,1011.4,7.0,0.0,0.0
2024-04-15 02:00:00,12.8,76.9,1013.8,8.2,0.0,0.0
2024-04-15 03:00:00,12.8,80.0,1010.2,5.1,0.0,0.0
2024-04-15 04:00:00,14.4,81.9,1013.2,3.8,0.0,0.0
2024-04-15 05:00:00,16.6,77.6,1010.8,4.2,6.1,0.0
2024-04-15 06:00:00,18.4,82.3,1010.1,2.5,0.0,0
2024-04-15 07:00:00,19.0,74.9,1013.0,2.1,0.0,2.0
2024-04-15 08:00:00,21.6,74.2,1014.4,2.1,0.0,4.5
2024-04-15 09:00:00,23.7,72.5,1012.3,2.3,0.0,5.9
2024-04-15 10:00:00,24.0,-5,1014.0,4.2,0.0,7.0
2024-04-15 11:00:00,24.3,69.2,1012.5,3.3,0.0,7.9
2024-04-15 12:00:00,24.9,66.3,1009.4,7.6,0.0,8.5
2024-04-15 13:00:00,23.9,66.4,1010.8,6.3,0.0,8.9
2024-04-15 14:00:00,24.9,65.3,1011.8,3.5,0.0,9.0
2024-04-15 15:00:00,22.8,64.1,1011.7,5.8,0.0,8.3
2024-04-15 16:00:00,21.5,62.2,1012.8,9.8,0.0,7.3
2024-04-15 17:00:00,18.9,66.4,1012.8,8.5,0.0,5.7
2024-04-15 18:00:00,18.9,62.0,1009.8,12.7,0.0,3.7
2024-04-15 19:00:00,15.4,68.7,1011.5,22.8,5.0,2.2
2024-04-15 20:00:00,14.6,67.0,1008.8,19.8,0.0,0.0
2024-04-15 21:00:00,14.1,69.3,1011.2,18.7,0.0,0.0
2024-04-15 22:00:00,11.5,73.4,1012.4,14.5,0.0,0.0
2024-04-15 23:00:00,10.5,72.4,1012.4,11.6,0.0,0.0
2024-04-16 00:00:00,10.4,76.7,1011.0,11.0,0.0,0.0
2024-04-16 01:00:00,10.2,76.3,1012.7,5.4,0.0,0.0
2024-04-16 02:00:00,12.9,78.8,1012.7,8.6,0.0,0.0
2024-04-16 03:00:00,13.0,82.7,1010.4,6.5,0.0,0.0
2024-04-16 04:00:00,13.6,80.1,1008.5,3.8,0.0,0.0
2024-04-16 05:00:00,14.4,79.2,1012.7,5.4,0.0,0.0
2024-04-16 06:00:00,17.6,79.4,1011.3,3.9,0.0,0
16/04/2024 07:00,19.2,74.8,1011.2,2.7,0.0,2.0
2024-04-16 08:00:00,21.4,77.9,1011.1,1.6,0.0,3.6
2024-04-16 09:00:00,23.2,77.2,1012.4,1.7,0.0,5.9
2024-04-16 10:00:00,24.0,73.6,1012.8,3.1,0.0,7.1
16/04/2024 11:00,24.3,69.2,1011.1,4.1,0.0,8.3
2024-04-16 12:00:00,24.0,70.2,1013.1,3.6,0.0,8.5
2024-04-16 13:00:00,24.6,69.1,1010.4,5.7,0.0,8.7
2024-04-16 14:00:00,23.2,68.1,1013.0,8.3,0.0,8.3
2024-04-16 15:00:00,21.8,65.6,1010.2,6.2,0.3,8.1
2024-04-16 16:00:00,21.1,67.6,1010.6,9.4,0.0,6.9
2024-04-16 17:00:00,19.4,64.3,1014.5,17.4,0.0,5.7
2024-04-16 18:00:00,18.2,64.5,1011.4,14.1,0.0,3.7
2024-04-16 19:00:00,15.1,67.5,1013.0,7.9,0.0,1.8
2024-04-16 20:00:00,14.7,70.3,1010.5,12.7,0.0,0
2024-04-16 21:00:00,12.7,69.4,1015.4,6.2,0.0,0.0
2024-04-16 22:00:00,11.2,71.5,1011.5,13.3,0.0,0.0
2024-04-16 23:00:00,10.2,72.3,1011.1,26.9,0.0,0.0
17/04/2024 00:00,10.0,74.8,1011.2,6.4,0.0,0.0
2024-04-17 01:00:00,11.8,77.6,1012.0,11.6,0.0,0.0
2024-04-17 02:00:00,11.9,80.8,1012.6,4.3,0.0,0.0
2024-04-17 03:00:00,11.8,81.2,1012.7,4.5,0.0,0.0
2024-04-17 04:00:00,14.5,84.1,1011.3,4.0,0.0,0.0
2024-04-17 05:00:00,14.4,79.3,1010.9,2.6,0.0,0.0
2024-04-17 06:00:00,18.0,81.9,1010.9,5.2,0.0,0
2024-04-17 07:00:00,19.7,76.5,1013.8,2.0,0.0,1.9
2024-04-17 08:00:00,21.7,75.2,1009.6,1.5,0.0,3.9
2024-04-17 09:00:00,23.3,73.6,1009.8,2.1,0.0,5.6
2024-04-17 10:00:00,24.5,72.9,1013.5,2.2,0.0,6.8
2024-04-17 11:00:00,24.6,68.3,1010.6,3.8,0.0,7.8
2024-04-17 12:00:00,24.1,67.7,1011.2,5.1,0.0,8.7
2024-04-17 13:00:00,24.5,68.0,1012.9,8.5,0.0,9.1
2024-04-17 14:00:00,23.7,62.8,1013.9,13.2,0.0,8.7
2024-04-17 15:00:00,22.2,62.4,1010.3,8.7,0.0,7.8
2024-04-17 16:00:00,20.8,63.3,1011.1,8.9,0.0,7.1
2024-04-17 17:00:00,18.8,68.4,1010.7,17.1,0.0,5.6
2024-04-17 18:00:00,17.8,63.1,1012.3,12.0,3.5,3.7
2024-04-17 19:00:00,16.1,67.4,1013.1,12.5,0.0,2.0
2024-04-17 20:00:00,14.6,67.3,1011.5,15.7,0.0,0
2024-04-17 21:00:00,12.6,67.2,1012.4,11.8,0.0,0.0
2024-04-17 22:00:00,11.9,71.0,1011.3,14.4,0.0,0.0
17/04/2024 23:00,10.2,73.5,1012.1,17.6,0.0,0.0
2024-04-18 00:00:00,9.7,76.2,1009.6,9.8,0.0,0.0
18/04/2024 01:00,11.7,76.8,1012.5,9.6,0.0,0.0
2024-04-18 02:00:00,10.6,79.3,1012.1,7.2,0.0,0.0
2024-04-18 03:00:00,11.9,81.1,1009.6,9.6,0.0,0.0
2024-04-18 04:00:00,14.2,86.3,1012.0,2.3,3.8,0.0
2024-04-18 05:00:00,15.2,80.6,1015.3,4.8,0.0,0.0
2024-04-18 06:00:00,18.4,80.1,1012.1,1.8,0.0,0.1
2024-04-18 07:00:00,18.6,79.8,1009.2,3.6,0.0,2.2
2024-04-18 08:00:00,21.0,76.8,1008.8,2.6,0.0,3.6
2024-04-18 09:00:00,23.4,73.7,1011.1,1.9,0.0,5.1
2024-04-18 10:00:00,23.5,71.8,1013.3,3.4,0.0,6.9
2024-04-18 11:00:00,23.6,69.6,1014.7,5.1,0.0,8.1
2024-04-18 12:00:00,23.5,69.3,1012.5,4.2,0.0,8.8
2024-04-18 13:00:00,23.9,67.8,1011.6,4.7,0.0,9.0
2024-04-18 14:00:00,23.4,64.2,1013.2,12.6,0.0,8.3
2024-04-18 15:00:00,22.6,63.9,1013.1,4.5,0.0,8.5
2024-04-18 16:00:00,20.9,62.3,1011.1,8.9,0.0,6.8
2024-04-18 17:00:00,18.7,64.5,1012.9,27.3,0.0,5.1
2024-04-18 18:00:00,18.7,64.7,1013.3,9.3,0.0,3.9
2024-04-18 19:00:00,14.5,67.4,1010.0,14.3,0.0,1.9
2024-04-18 20:00:00,13.3,69.5,1011.2,5.5,0.0,0
2024-04-18 21:00:00,12.3,70.7,1011.9,5.3,0.0,0.0
2024-04-18 22:00:00,11.9,72.6,1011.6,11.9,0.0,0.0
2024-04-18 23:00:00,11.8,73.1,1007.3,10.5,0.0,0.0
19/04/2024 00:00,11.0,74.8,1010.3,6.1,0.0,0.0
2024-04-19 01:00:00,12.7,75.3,1009.3,10.8,0.0,0.0
2024-04-19 02:00:00,10.3,78.0,1008.3,4.6,0.0,0.0
2024-04-19 03:00:00,13.2,79.7,1013.6,6.4,0.0,0.0
2024-04-19 04:00:00,13.7,77.1,1014.1,5.9,0.0,0.0
2024-04-19 05:00:00,15.2,80.1,1010.6,6.9,0.0,0.0
2024-04-19 06:00:00,39.5,82.7,1010.4,2.4,1.7,0.6
2024-04-19 07:00:00,19.6,77.3,1008.9,2.9,0.0,2.3
2024-04-19 08:00:00,21.0,78.5,1010.5,2.3,0.0,3.3
2024-04-19 09:00:00,22.0,76.0,1010.2,2.4,0.0,5.4
2024-04-19 10:00:00,23.6,72.4,1012.2,2.6,0.0,6.8
2024-04-19 11:00:00,23.1,71.8,1010.0,2.9,0.0,8.2
19/04/2024 12:00,23.0,69.4,1011.4,7.5,0.0,9.0
19/04/2024 13:00,23.7,67.8,1012.1,10.0,0.0,8.9
2024-04-19 14:00:00,23.0,65.3,1011.9,3.9,9.6,8.1
2024-04-19 15:00:00,22.9,64.0,1012.1,15.0,0.0,7.7
2024-04-19 16:00:00,19.5,62.2,1011.1,8.7,0.0,7.0
2024-04-19 17:00:00,19.1,63.3,1012.0,19.8,0.0,5.3
2024-04-19 18:00:00,15.9,66.7,1010.1,18.8,0.0,3.5
2024-04-19 19:00:00,15.1,67.2,1013.8,15.6,0.0,1.6
2024-04-19 20:00:00,14.4,73.2,1009.4,8.5,0.0,0
2024-04-19 21:00:00,12.9,70.0,1012.2,11.6,0.0,0.0
2024-04-19 22:00:00,11.9,71.0,1011.9,15.6,0.0,0.0
2024-04-19 23:00:00,10.8,77.1,1013.6,13.0,0.0,0.0
2024-04-20 00:00:00,10.2,74.9,1012.1,10.4,0.0,0.0
2024-04-20 01:00:00,10.9,79.9,1012.3,7.5,0.0,0.0
2024-04-20 02:00:00,11.5,81.7,1011.0,11.3,0.0,0.0
2024-04-20 03:00:00,12.7,82.3,1009.9,5.4,0.0,0.0
2024-04-20 04:00:00,14.1,81.1,1009.8,7.0,0.0,0.0
2024-04-20 05:00:00,15.6,79.4,1008.1,6.7,0.0,0.0
2024-04-20 06:00:00,17.2,76.7,1007.4,3.0,0.0,0.1
2024-04-20 07:00:00,18.7,77.6,1011.3,1.3,0.0,2.2
2024-04-20 08:00:00,20.5,77.5,1011.5,2.3,0.0,4.1
2024-04-20 09:00:00,23.5,74.5,1011.8,3.4,0.0,5.8
2024-04-20 10:00:00,24.4,73.7,1013.2,2.1,0.0,7.0
2024-04-20 11:00:00,22.8,71.6,1011.3,3.1,0.0,8.0
2024-04-20 12:00:00,23.9,69.7,1009.9,4.4,0.0,8.5
2024-04-20 13:00:00,24.8,67.4,1011.5,4.8,0.0,8.7
2024-04-20 14:00:00,23.5,63.3,1011.7,7.0,0.0,8.4
2024-04-20 15:00:00,20.6,66.8,1010.7,10.0,0.0,7.8
2024-04-20 16:00:00,20.3,64.5,1014.0,4.8,1.0,7.0
2024-04-20 17:00:00,17.7,67.6,1009.7,9.5,0.0,5.2
2024-04-20 18:00:00,17.0,62.9,1011.0,14.2,0.0,3.5
20/04/2024 19:00,14.7,67.0,1010.3,16.7,0.0,2.4
2024-04-20 20:00:00,14.2,69.9,1011.8,16.6,0.0,0.2
2024-04-20 21:00:00,11.5,69.1,1012.4,9.5,0.0,0.0
2024-04-20 22:00:00,11.7,71.3,1014.0,12.2,0.0,0.0
2024-04-20 23:00:00,10.2,76.5,1011.7,12.0,0.0,0.0
2024-04-21 00:00:00,9.9,77.3,1009.7,11.3,0.0,0.0
2024-04-21 01:00:00,10.7,79.7,1010.9,7.6,0.0,0.0
2024-04-21 02:00:00,11.8,82.2,1011.3,7.7,0.0,0.0
2024-04-21 03:00:00,13.5,80.6,1009.9,4.8,0.0,0.0
2024-04-21 04:00:00,12.5,79.2,1008.6,4.3,0.0,0.0
2024-04-21 05:00:00,14.9,80.8,1011.5,6.4,0.0,0.0
2024-04-21 06:00:00,16.5,82.4,1011.4,2.9,0.0,0
21/04/2024 07:00,17.5,78.8,1013.2,2.1,0.0,2.0
2024-04-21 08:00:00,21.0,78.5,1011.5,2.8,0.0,3.9
2024-04-21 09:00:00,22.1,76.1,1013.0,1.8,0.0,5.3
2024-04-21 10:00:00,22.4,74.5,1010.5,3.4,0.0,6.7
2024-04-21 11:00:00,23.7,68.6,1009.8,3.0,0.0,7.8
21/04/2024 12:00,23.6,67.2,,7.5,0.0,8.2
2024-04-21 13:00:00,24.0,66.7,1010.8,7.8,0.0,8.4
2024-04-21 14:00:00,22.7,67.6,1011.9,15.0,0.0,8.8
2024-04-21 15:00:00,22.2,65.7,1010.2,6.8,0.0,7.3
2024-04-21 16:00:00,20.3,67.2,1009.2,9.9,0.0,7.0
2024-04-21 17:00:00,19.5,63.3,1009.9,12.0,0.0,5.3
2024-04-21 18:00:00,18.1,60.5,1010.3,6.5,0.0,3.7
2024-04-21 19:00:00,15.8,63.5,1012.4,10.9,0.0,2.1
2024-04-21 20:00:00,13.7,68.8,1009.1,9.9,0.0,0.2
21/04/2024 21:00,12.8,68.2,1009.7,11.5,0.0,0.0
2024-04-21 22:00:00,11.9,73.8,1008.1,8.2,0.0,0.0
2024-04-21 23:00:00,9.5,78.1,1009.7,10.1,0.0,0.0
2024-04-22 00:00:00,9.4,77.4,1010.9,10.4,0.0,0.0
2024-04-22 01:00:00,10.7,75.6,1011.9,12.9,0.0,0.0
2024-04-22 02:00:00,10.5,76.5,1012.8,3.6,0.0,0.0
2024-04-22 03:00:00,11.7,77.7,1012.0,3.4,0.0,0.0
2024-04-22 04:00:00,15.2,81.7,1010.3,2.9,0.0,0.0
2024-04-22 05:00:00,15.1,81.3,1013.1,4.9,0.0,0.0
2024-04-22 06:00:00,16.6,75.7,1010.8,4.4,0.0,0.2
2024-04-22 07:00:00,19.3,83.1,1012.1,1.8,0.0,2.1
2024-04-22 08:00:00,20.6,74.5,1010.3,1.6,0.0,4.1
2024-04-22 09:00:00,21.0,73.5,1010.3,1.8,0.0,5.2
2024-04-22 10:00:00,23.7,73.7,1009.4,2.1,0.0,6.6
2024-04-22 11:00:00,23.5,68.9,1012.6,3.4,0.0,7.3
2024-04-22 12:00:00,5.2,70.4,1009.4,5.9,0.0,8.1
2024-04-22 13:00:00,22.9,68.7,1009.9,3.1,0.0,8.5
2024-04-22 14:00:00,23.2,66.7,1011.5,7.8,0.0,8.6
2024-04-22 15:00:00,22.1,67.8,1013.4,8.3,0.0,7.5
2024-04-22 16:00:00,19.6,64.6,1008.8,6.0,0.0,6.3
2024-04-22 17:00:00,19.0,61.0,1011.6,12.6,0.0,5.0
2024-04-22 18:00:00,16.6,66.9,1007.8,15.4,0.0,3.9
2024-04-22 19:00:00,15.2,70.4,1012.1,13.6,0.0,1.4
2024-04-22 20:00:00,14.1,71.2,1011.9,10.8,0.0,0
2024-04-22 21:00:00,11.2,71.9,1011.1,14.6,0.0,0.0
2024-04-22 22:00:00,11.0,72.3,1013.6,9.3,0.0,0.0
2024-04-22 23:00:00,10.0,75.5,1011.1,8.4,0.0,0.0
2024-04-23 00:00:00,9.9,75.2,1013.3,14.0,0.0,0.0
2024-04-23 01:00:00,9.6,78.4,1011.3,6.5,0.0,0.0
23/04/2024 02:00,11.1,80.2,1013.1,5.9,0.0,0.0
2024-04-23 03:00:00,12.0,78.5,1010.7,7.3,0.0,0.0
2024-04-23 04:00:00,11.5,77.8,1012.1,4.6,0.0,0.0
2024-04-23 05:00:00,14.5,78.5,1013.9,2.5,0.0,0.0
2024-04-23 06:00:00,16.5,79.5,1010.2,3.5,0.0,0.2
2024-04-23 07:00:00,18.4,83.2,1011.9,2.0,0.0,1.8
2024-04-23 08:00:00,19.6,72.8,1012.8,2.1,0.0,3.8
2024-04-23 09:00:00,20.5,73.4,1008.5,1.9,0.0,5.3
2024-04-23 10:00:00,21.9,72.9,1011.8,2.0,0.0,6.5
2024-04-23 11:00:00,22.8,72.7,1009.0,4.8,0.0,7.5
2024-04-23 12:00:00,22.6,71.1,1010.3,5.1,0.0,8.5
2024-04-23 13:00:00,23.3,69.4,1009.0,5.5,0.0,8.5
2024-04-23 14:00:00,22.2,66.9,1009.2,4.7,0.0,8.1
2024-04-23 15:00:00,20.7,68.8,1008.8,7.9,0.0,7.5
2024-04-23 16:00:00,18.9,65.2,1012.3,5.7,0.0,6.9
2024-04-23 17:00:00,18.8,64.3,1011.2,10.1,0.0,5.3
2024-04-23 18:00:00,15.8,66.2,1008.2,7.1,0.0,3.5
2024-04-23 19:00:00,14.9,65.3,1009.7,12.3,0.0,2.3
2024-04-23 20:00:00,12.2,69.2,1013.1,23.6,0.0,0.2
2024-04-23 21:00:00,11.5,69.5,1011.8,10.3,0.0,0.0
2024-04-23 22:00:00,11.6,72.3,1011.4,19.0,0.0,0.0
23/04/2024 23:00,10.6,76.3,1012.0,8.0,0.0,0.0
2024-04-24 00:00:00,9.3,76.6,1010.7,13.8,0.0,0.0
2024-04-24 01:00:00,9.9,77.8,1011.4,8.1,0.0,0.0
2024-04-24 02:00:00,10.8,78.1,1009.3,6.3,0.0,0.0
24/04/2024 03:00,11.8,83.1,1013.5,7.4,0.0,0.0
2024-04-24 04:00:00,13.4,79.0,1010.9,3.1,0.0,0.0
2024-04-24 05:00:00,15.6,80.7,1008.7,2.7,0.0,0.0
2024-04-24 06:00:00,15.0,81.5,1009.8,3.3,0.0,0
2024-04-24 07:00:00,18.3,78.9,1007.8,3.8,0.0,1.8
2024-04-24 08:00:00,19.2,78.9,1012.2,1.8,0.0,3.4
2024-04-24 09:00:00,21.1,80.1,1012.1,1.8,3.5,5.3
2024-04-24 10:00:00,22.9,76.3,1011.0,1.8,0.0,6.8
2024-04-24 11:00:00,22.7,72.5,1011.0,3.7,0.0,7.8
2024-04-24 12:00:00,3.9,69.2,1008.3,4.1,0.0,8.1
2024-04-24 13:00:00,22.6,70.7,1012.5,4.9,0.0,8.3
2024-04-24 14:00:00,22.8,66.0,1011.5,3.7,0.0,8.3
2024-04-24 15:00:00,20.5,65.7,1008.7,9.5,0.0,7.8
2024-04-24 16:00:00,19.7,66.6,1012.3,7.4,0.0,7.1
2024-04-24 17:00:00,18.9,64.5,1009.6,18.9,0.0,5.2
2024-04-24 18:00:00,16.2,65.2,1012.8,17.7,0.0,3.7
2024-04-24 19:00:00,15.7,63.7,1010.8,13.5,0.0,1.9
2024-04-24 20:00:00,14.7,70.3,1012.9,9.3,0.0,0
2024-04-24 21:00:00,10.4,74.9,1011.8,17.1,0.0,0.0
2024-04-24 22:00:00,9.6,70.4,1011.9,9.0,0.0,0.0
2024-04-24 23:00:00,8.9,76.5,1009.4,15.7,0.0,0.0
2024-04-25 00:00:00,8.3,76.9,1012.5,6.9,0.0,0.0
2024-04-25 01:00:00,9.7,75.1,1013.1,9.3,0.0,0.0
2024-04-25 02:00:00,10.4,81.4,1012.0,4.9,0.0,0.0
2024-04-25 03:00:00,11.5,82.6,1012.6,4.4,0.0,0.0
2024-04-25 04:00:00,13.6,84.2,1010.8,5.1,0.1,0.0
2024-04-25 05:00:00,13.6,82.9,1010.5,4.2,0.0,0.0
2024-04-25 06:00:00,16.6,78.5,1011.0,2.3,0.0,0.3
2024-04-25 07:00:00,17.7,78.9,1010.1,1.9,0.0,1.9
2024-04-25 08:00:00,20.7,78.6,1012.4,1.7,0.0,3.8
2024-04-25 09:00:00,22.0,77.8,1012.0,1.3,0.0,5.2
2024-04-25 10:00:00,23.4,70.9,1011.5,3.1,0.0,6.4
2024-04-25 11:00:00,22.3,72.1,1011.5,4.7,0.0,7.5
2024-04-25 12:00:00,22.8,70.6,1010.4,4.7,0.0,8.3
2024-04-25 13:00:00,23.7,68.2,1009.3,8.5,0.0,8.3
2024-04-25 14:00:00,21.4,68.9,1012.7,7.8,0.0,8.0
2024-04-25 15:00:00,20.8,63.9,1013.0,10.2,0.0,7.2
2024-04-25 16:00:00,20.7,65.9,1010.3,12.9,0.0,6.2
2024-04-25 17:00:00,19.3,66.8,1010.8,15.2,0.0,5.3
25/04/2024 18:00,14.5,66.6,1007.7,9.6,0.0,3.7
2024-04-25 19:00:00,15.2,67.0,1012.9,9.9,0.0,2.0
2024-04-25 20:00:00,13.3,70.5,1012.3,12.5,0.0,0
2024-04-25 21:00:00,10.8,69.4,1012.2,15.3,0.0,0.0
2024-04-25 22:00:00,11.0,71.7,1010.8,13.1,0.0,0.0
2024-04-25 23:00:00,9.1,78.4,1010.9,11.5,0.0,0.0
2024-04-26 00:00:00,9.6,,1010.3,11.6,0.0,0.0
2024-04-26 01:00:00,9.8,80.5,1013.2,8.8,0.0,0.0
2024-04-26 02:00:00,9.0,79.5,1011.8,7.2,0.0,0.0
2024-04-26 03:00:00,10.9,81.6,1009.7,7.3,0.0,0.0
2024-04-26 04:00:00,11.5,81.5,1009.6,7.4,0.0,0.0
2024-04-26 05:00:00,15.4,78.9,1012.8,3.6,0.0,0.0
2024-04-26 06:00:00,14.9,79.5,1008.9,2.3,0.0,0
2024-04-26 07:00:00,18.2,80.8,1011.8,1.4,0.0,2.0
2024-04-26 08:00:00,20.3,78.2,1011.6,2.7,0.0,3.7
2024-04-26 09:00:00,19.6,79.9,1010.9,3.4,2.9,5.0
2024-04-26 10:00:00,21.9,75.0,1013.0,2.9,0.0,5.8
2024-04-26 11:00:00,22.8,73.0,1011.0,3.4,0.0,7.5
2024-04-26 12:00:00,22.5,70.2,1011.8,4.4,0.0,7.8
2024-04-26 13:00:00,21.5,69.4,1009.8,4.6,0.0,8.1
2024-04-26 14:00:00,22.3,65.7,1010.0,5.1,0.0,7.9
2024-04-26 15:00:00,20.5,64.4,1011.8,6.0,0.0,7.6
2024-04-26 16:00:00,18.8,65.9,1011.5,9.0,0.0,6.1
2024-04-26 17:00:00,17.2,69.3,1010.5,13.5,0.0,5.6
2024-04-26 18:00:00,16.1,66.1,1009.1,4.2,0.0,3.5
2024-04-26 19:00:00,13.3,66.6,1011.7,11.1,0.0,1.9
2024-04-26 20:00:00,12.7,68.3,1008.1,23.2,0.0,0
2024-04-26 21:00:00,11.3,74.0,1011.3,11.9,0.0,0.0
2024-04-26 22:00:00,11.1,76.3,1011.7,9.7,0.0,0.0
2024-04-26 23:00:00,8.7,74.3,1008.6,7.6,0.0,0.0
2024-04-27 00:00:00,7.9,79.0,1010.5,7.2,0.0,0.0
2024-04-27 01:00:00,9.7,80.0,1012.7,12.5,0.0,0.0
2024-04-27 02:00:00,9.7,83.1,1009.3,3.6,0.0,0.0
2024-04-27 03:00:00,10.9,77.4,1010.5,7.4,0.0,0.0
2024-04-27 04:00:00,12.2,81.0,1010.6,5.2,0.0,0.0
2024-04-27 05:00:00,14.7,81.9,1008.9,3.1,0.0,0.0
2024-04-27 06:00:00,15.4,80.8,1010.3,2.4,0.0,0
2024-04-27 07:00:00,18.3,83.0,1012.1,1.5,0.0,2.0
2024-04-27 08:00:00,19.8,76.4,1011.7,3.0,0.0,3.4
2024-04-27 09:00:00,21.0,76.5,1010.8,2.3,0.0,5.0
2024-04-27 10:00:00,20.3,73.9,1013.4,2.8,0.0,6.6
2024-04-27 11:00:00,21.8,71.9,1009.0,2.3,0.0,7.4
2024-04-27 12:00:00,22.1,73.4,1011.8,9.4,0.0,8.1
2024-04-27 13:00:00,20.7,72.0,1012.0,4.7,0.0,8.5
2024-04-27 14:00:00,21.7,64.6,1011.8,5.7,3.8,7.8
2024-04-27 15:00:00,19.3,68.6,1010.2,4.9,0.0,7.6
2024-04-27 16:00:00,20.0,65.2,1011.6,9.7,0.0,6.4
2024-04-27 17:00:00,17.5,67.3,1008.4,6.7,0.0,5.1
2024-04-27 18:00:00,43.5,67.9,1010.9,16.6,0.0,3.5
2024-04-27 19:00:00,13.8,69.0,1010.7,5.9,0.0,1.3
2024-04-27 20:00:00,12.1,68.7,1010.9,10.6,0.0,0
2024-04-27 21:00:00,10.4,72.7,1011.3,11.2,0.0,0.0
2024-04-27 22:00:00,11.0,73.7,1010.9,11.1,0.0,0.0
2024-04-27 23:00:00,8.5,75.1,1011.5,8.8,0.0,0.0
2024-04-28 00:00:00,8.7,78.1,1010.2,4.5,0.0,0.0
2024-04-28 01:00:00,9.6,78.1,1010.1,6.9,0.0,0.0
28/04/2024 02:00,8.2,78.4,1009.6,10.3,0.0,0.0
2024-04-28 03:00:00,10.2,83.3,1010.4,7.0,0.0,0.0
2024-04-28 04:00:00,12.2,82.4,1010.7,4.8,0.0,0.0
28/04/2024 05:00,14.8,83.1,1013.5,2.8,0.0,0.0
2024-04-28 06:00:00,15.7,80.7,1011.9,3.0,0.0,0.2
2024-04-28 07:00:00,16.5,78.6,1006.7,4.0,0.0,1.7
2024-04-28 08:00:00,19.2,110,1008.8,2.3,0.0,3.7
2024-04-28 09:00:00,19.8,77.0,1011.3,3.1,0.0,5.4
2024-04-28 10:00:00,21.2,75.8,1009.5,2.2,0.0,6.1
2024-04-28 11:00:00,23.1,72.5,1008.9,2.9,0.0,7.2
2024-04-28 12:00:00,22.6,70.4,1011.0,5.5,0.0,7.7
2024-04-28 13:00:00,22.5,71.1,1011.2,5.2,0.0,8.3
2024-04-28 14:00:00,20.5,69.7,1011.4,6.9,0.8,8.1
2024-04-28 15:00:00,20.6,66.0,1010.9,8.7,0.0,7.2
2024-04-28 16:00:00,18.8,67.9,1012.9,6.6,0.0,6.4
2024-04-28 17:00:00,17.7,66.7,1007.2,11.9,0.0,4.9
2024-04-28 18:00:00,16.2,63.0,1010.8,14.4,0.0,3.7
2024-04-28 19:00:00,16.1,68.4,1009.3,18.2,0.0,1.7
2024-04-28 20:00:00,12.4,69.8,1010.6,11.6,0.0,0
2024-04-28 21:00:00,10.5,69.9,1010.7,12.5,0.0,0.0
2024-04-28 22:00:00,9.3,72.2,1011.1,13.4,0.0,0.0
28/04/2024 23:00,8.9,76.3,1010.1,8.9,6.8,0.0
2024-04-29 00:00:00,9.2,77.6,1011.9,8.5,0.0,0.0
2024-04-29 01:00:00,9.0,81.6,1011.5,8.1,0.0,0.0
2024-04-29 02:00:00,10.7,80.7,1013.8,6.7,0.0,0.0
2024-04-29 03:00:00,10.3,79.7,1012.9,3.6,0.0,0.0
2024-04-29 04:00:00,11.9,83.8,1008.5,4.9,0.0,0.0
2024-04-29 05:00:00,13.3,84.1,1009.8,3.7,0.0,0.0
2024-04-29 06:00:00,15.0,81.0,1009.3,3.2,0.0,0
2024-04-29 07:00:00,17.2,83.2,1010.7,2.3,0.0,1.6
2024-04-29 08:00:00,18.8,76.6,1011.4,2.4,0.0,3.8
2024-04-29 09:00:00,19.1,77.7,1009.3,1.8,0.0,5.0
2024-04-29 10:00:00,20.2,79.9,1009.4,2.2,0.0,5.5
2024-04-29 11:00:00,22.1,74.3,1014.6,2.8,0.0,7.3
2024-04-29 12:00:00,23.0,70.0,1013.5,3.4,0.0,7.5
2024-04-29 13:00:00,21.7,63.5,1009.4,9.4,0.0,8.0
2024-04-29 14:00:00,20.9,66.8,1009.0,4.7,0.0,7.9
2024-04-29 15:00:00,20.7,67.7,1011.7,10.2,0.0,7.5
2024-04-29 16:00:00,19.5,69.1,1013.1,6.1,0.0,6.8
2024-04-29 17:00:00,18.3,65.6,1012.9,8.0,0.0,5.0
2024-04-29 18:00:00,15.4,66.5,1010.2,6.0,0.0,3.5
2024-04-29 19:00:00,13.7,70.8,1013.1,11.7,0.0,1.9
2024-04-29 20:00:00,13.1,69.2,1011.4,7.2,0.0,0
2024-04-29 21:00:00,10.3,71.3,1011.0,17.4,0.0,0.0
2024-04-29 22:00:00,11.9,73.9,1008.5,12.3,0.0,0.0
2024-04-29 23:00:00,9.2,72.1,1010.2,7.2,0.0,0.0
2024-04-30 00:00:00,8.6,79.5,1012.9,9.1,0.0,0.0
2024-04-30 01:00:00,8.7,82.0,1011.3,10.2,0.0,0.0
2024-04-30 02:00:00,8.9,80.1,1011.4,4.0,0.0,0.0
2024-04-30 03:00:00,11.9,77.2,1009.0,6.6,0.0,0.0
2024-04-30 04:00:00,12.4,83.1,1010.1,5.4,0.0,0.0
2024-04-30 05:00:00,13.7,83.2,1010.8,3.7,0.0,0.0
2024-04-30 06:00:00,15.7,81.1,1009.8,1.2,0.0,0
2024-04-30 07:00:00,18.1,80.3,1013.0,3.2,0.0,1.6
2024-04-30 08:00:00,20.1,78.9,1010.6,1.5,0.0,3.3
2024-04-30 09:00:00,19.1,80.4,1013.4,1.8,0.0,4.4
2024-04-30 10:00:00,20.5,76.4,1010.2,2.7,0.0,6.3
2024-04-30 11:00:00,20.9,71.9,1012.2,3.0,0.0,6.9
2024-04-30 12:00:00,21.5,73.8,1009.6,6.5,0.0,8.1
2024-04-30 13:00:00,21.1,69.0,1010.0,7.1,0.0,8.0
2024-04-30 14:00:00,21.6,68.0,1012.9,6.4,0.0,7.2
2024-04-30 15:00:00,18.7,69.0,1010.5,18.7,0.0,7.7
30/04/2024 16:00,18.6,65.8,1011.4,9.9,0.0,6.5
2024-04-30 17:00:00,16.8,65.4,1010.5,8.6,0.0,5.0
2024-04-30 18:00:00,14.2,70.3,1010.8,9.8,0.0,3.9
2024-04-30 19:00:00,14.0,67.5,1012.1,6.6,0.0,1.8
2024-04-30 20:00:00,11.9,74.1,1012.7,,0.0,0
2024-04-30 21:00:00,10.8,70.9,1008.1,13.0,0.0,0.0
2024-04-30 22:00:00,10.2,75.9,1009.1,12.4,0.0,0.0
2024-04-30 23:00:00,8.8,79.9,1011.3,7.3,0.0,0.0
2024-05-01 00:00:00,8.9,78.7,1010.4,11.2,0.0,0.0
2024-05-01 01:00:00,8.8,78.6,1009.5,7.9,0.0,0.0
2024-05-01 02:00:00,9.3,81.8,1010.5,7.0,0.0,0.0
2024-05-01 03:00:00,11.3,79.2,1010.4,7.8,0.0,0.0
2024-05-01 04:00:00,11.9,83.9,1010.5,3.1,0.0,0.0
2024-05-01 05:00:00,14.1,81.0,1011.7,5.0,0.0,0.0
2024-05-01 06:00:00,14.1,81.0,1009.8,3.0,0.0,0
2024-05-01 07:00:00,17.2,76.5,1010.3,4.7,2.6,1.9
2024-05-01 08:00:00,17.2,79.5,1010.2,2.1,0.0,3.5
2024-05-01 09:00:00,19.2,77.5,1009.9,2.2,3.1,4.9
2024-05-01 10:00:00,21.2,75.1,1008.9,2.9,0.0,6.1
2024-05-01 11:00:00,22.3,71.5,1009.1,4.1,0.0,6.9
2024-05-01 12:00:00,22.3,72.1,1009.9,6.1,0.0,8.1
2024-05-01 13:00:00,21.5,69.3,1009.6,7.6,0.0,7.3
01/05/2024 14:00,19.8,68.9,1010.5,7.0,0.0,7.7
2024-05-01 15:00:00,19.8,70.0,1012.1,6.6,0.0,6.5
2024-05-01 16:00:00,18.0,68.7,1009.6,16.5,0.0,6.7
2024-05-01 17:00:00,17.3,67.2,1009.4,8.8,0.0,4.6
2024-05-01 18:00:00,14.3,70.1,1008.9,12.6,0.0,3.4
2024-05-01 19:00:00,12.8,69.6,1008.2,12.1,0.0,2.1
2024-05-01 20:00:00,11.3,69.1,1011.5,11.5,0.0,0.1
2024-05-01 21:00:00,11.0,70.5,1008.6,14.5,0.0,0.0
2024-05-01 22:00:00,9.8,76.0,1010.5,17.1,0.0,0.0
2024-05-01 23:00:00,7.7,77.8,1011.6,14.3,0.0,0.0
2024-05-02 00:00:00,8.0,79.0,1012.0,14.0,0.0,0.0
2024-05-02 01:00:00,9.4,79.0,1013.9,8.2,0.0,0.0
2024-05-02 02:00:00,7.6,83.8,1010.6,3.6,0.0,0.0
2024-05-02 03:00:00,10.4,84.2,1009.4,6.7,0.0,0.0
2024-05-02 04:00:00,13.1,82.9,1009.2,3.5,0.0,0.0
2024-05-02 05:00:00,13.3,84.1,1011.6,4.0,0.0,0.0
2024-05-02 06:00:00,14.1,82.2,1008.7,5.6,0.0,0
2024-05-02 07:00:00,17.1,78.8,1010.6,2.4,0.0,1.6
2024-05-02 08:00:00,18.2,80.4,1011.9,1.5,0.0,3.4
2024-05-02 09:00:00,20.4,74.6,1009.7,1.7,0.0,5.0
2024-05-02 10:00:00,19.4,74.7,1009.3,2.5,0.0,6.1
2024-05-02 11:00:00,20.4,75.9,1008.3,6.2,0.0,7.3
2024-05-02 12:00:00,,70.5,1009.3,4.9,0.0,7.8
2024-05-02 13:00:00,21.4,69.5,1011.4,6.4,0.0,7.8
2024-05-02 14:00:00,19.8,68.7,1009.5,15.5,0.0,8.1
2024-05-02 15:00:00,19.3,65.6,1009.4,10.7,0.0,6.9
2024-05-02 16:00:00,17.7,67.7,1011.7,12.8,0.0,6.0
2024-05-02 17:00:00,17.3,70.1,1012.7,5.2,0.0,5.5
2024-05-02 18:00:00,14.8,68.9,1011.7,16.5,0.0,3.1
2024-05-02 19:00:00,13.2,71.4,1010.3,9.9,0.0,1.6
2024-05-02 20:00:00,12.7,68.1,1012.9,11.8,0.0,0
2024-05-02 21:00:00,10.2,71.6,1009.7,11.6,0.5,0.0
2024-05-02 22:00:00,9.2,73.7,1011.7,7.9,0.0,0.0
2024-05-02 23:00:00,9.0,77.7,1011.3,6.4,0.0,0.0
2024-05-03 00:00:00,8.9,79.4,1013.6,11.6,0.0,0.0
2024-05-03 01:00:00,9.5,77.2,1011.7,11.3,0.0,0.0
2024-05-03 02:00:00,8.8,79.2,1010.7,11.1,0.0,0.0
2024-05-03 03:00:00,11.0,83.9,1010.4,9.7,0.0,0.0
2024-05-03 04:00:00,11.9,82.3,1009.1,3.9,0.0,0.0
2024-05-03 05:00:00,11.7,86.5,1010.1,2.9,0.0,0.0
2024-05-03 06:00:00,14.5,81.6,1011.4,3.8,0.0,0.2
2024-05-03 07:00:00,15.9,82.3,1008.8,2.1,0.0,1.7
2024-05-03 08:00:00,18.3,80.0,1011.3,2.8,0.0,3.4
2024-05-03 09:00:00,18.4,76.7,1009.7,3.9,0.0,4.9
2024-05-03 10:00:00,20.1,77.1,1010.6,5.1,0.0,5.9
2024-05-03 11:00:00,20.3,73.5,1012.0,3.4,0.0,7.1
2024-05-03 12:00:00,22.4,67.8,1012.8,6.1,0.0,7.7
2024-05-03 13:00:00,20.1,66.6,1009.6,5.4,0.0,7.8
2024-05-03 14:00:00,19.8,72.1,1009.4,4.7,0.0,7.5
2024-05-03 15:00:00,19.7,68.6,1008.6,9.6,0.0,7.1
2024-05-03 16:00:00,17.4,67.5,1008.9,8.6,0.0,6.3
2024-05-03 17:00:00,16.4,66.2,1011.0,12.1,0.0,4.8
2024-05-03 18:00:00,14.0,68.0,1011.2,17.7,0.0,3.1
2024-05-03 19:00:00,13.3,74.2,1010.8,5.1,0.0,1.5
2024-05-03 20:00:00,11.0,71.4,1008.2,16.2,0.0,0
2024-05-03 21:00:00,10.0,73.5,1007.9,12.5,0.0,0.0
03/05/2024 22:00,10.2,75.2,1010.1,11.6,0.0,0.0
2024-05-03 23:00:00,8.6,75.4,1009.7,11.3,0.0,0.0
2024-05-04 00:00:00,8.9,,1009.0,10.4,0.0,0.0
2024-05-04 01:00:00,8.7,78.7,1010.3,10.3,0.0,0.0
2024-05-04 02:00:00,9.6,79.5,1008.3,3.2,0.0,0.0
2024-05-04 03:00:00,10.2,,1010.5,3.7,0.0,0.0
2024-05-04 04:00:00,11.5,83.0,1010.5,5.9,0.0,0.0
2024-05-04 05:00:00,12.0,84.4,1009.4,2.2,3.2,0.0
2024-05-04 06:00:00,,82.1,1010.9,6.7,0.0,0.3
2024-05-04 07:00:00,16.3,82.8,1011.4,1.0,0.0,1.9
2024-05-04 08:00:00,18.2,79.1,1011.9,2.5,0.0,3.2
2024-05-04 09:00:00,19.8,78.5,1010.7,2.0,0.0,4.9
2024-05-04 10:00:00,20.0,79.0,1008.1,2.2,0.0,6.2
2024-05-04 11:00:00,19.7,74.6,1011.6,3.7,0.0,7.1
2024-05-04 12:00:00,19.9,75.2,1010.4,3.5,0.0,7.1
2024-05-04 13:00:00,20.6,71.6,1010.4,5.8,0.0,7.3
2024-05-04 14:00:00,19.7,67.1,1008.7,4.9,0.0,7.2
2024-05-04 15:00:00,18.2,68.9,1009.8,6.2,0.0,6.6
2024-05-04 16:00:00,17.2,65.9,1010.3,7.5,0.0,5.9
2024-05-04 17:00:00,15.8,66.7,1011.9,8.3,0.0,4.9
2024-05-04 18:00:00,15.5,67.3,1011.0,11.2,0.0,3.3
2024-05-04 19:00:00,12.9,68.9,1010.3,24.2,0.0,1.8
2024-05-04 20:00:00,11.7,73.4,1009.4,24.7,0.0,0.2
2024-05-04 21:00:00,8.7,72.5,1009.1,5.5,0.0,0.0
2024-05-04 22:00:00,8.8,75.9,1009.6,11.7,0.0,0.0
2024-05-04 23:00:00,8.2,76.4,1010.3,11.4,0.0,0.0
2024-05-05 00:00:00,9.1,79.0,1010.0,7.8,0.0,0.0
2024-05-05 01:00:00,8.4,80.1,1011.3,17.2,0.0,0.0
2024-05-05 02:00:00,9.1,81.0,1013.3,5.5,0.0,0.0
2024-05-05 03:00:00,10.0,79.6,1009.8,4.9,0.0,0.0
2024-05-05 04:00:00,11.1,82.3,1010.9,5.1,1.2,0.0
2024-05-05 05:00:00,12.5,80.4,1011.2,4.0,0.0,0.0
2024-05-05 06:00:00,15.3,83.2,1010.2,2.1,0.0,0
2024-05-05 07:00:00,16.0,83.6,1007.7,2.2,0.0,1.5
2024-05-05 08:00:00,17.8,80.7,1009.6,1.7,0.0,3.3
2024-05-05 09:00:00,19.5,76.6,1010.4,1.8,0.0,4.6
2024-05-05 10:00:00,19.6,77.2,1011.1,3.0,0.0,5.7
2024-05-05 11:00:00,19.9,71.9,1012.0,3.4,0.0,7.2
2024-05-05 12:00:00,20.5,73.4,1010.5,3.4,0.0,7.8
2024-05-05 13:00:00,19.8,71.8,1007.4,5.0,0.0,7.5
2024-05-05 14:00:00,20.3,68.3,1010.6,14.0,0.0,7.1
2024-05-05 15:00:00,19.0,67.6,1011.2,8.0,0.0,6.7
2024-05-05 16:00:00,18.3,69.4,1010.6,9.6,0.0,6.0
2024-05-05 17:00:00,15.8,67.9,1010.3,8.9,0.0,4.5
2024-05-05 18:00:00,15.1,69.5,1010.0,5.7,0.0,3.6
2024-05-05 19:00:00,12.5,68.4,1011.5,10.0,0.0,1.7
2024-05-05 20:00:00,11.8,73.5,1008.5,18.3,0.0,0.2
2024-05-05 21:00:00,9.9,,1010.2,15.1,0.0,0.0
2024-05-05 22:00:00,8.3,71.9,1011.6,10.1,0.0,0.0
2024-05-05 23:00:00,8.0,78.7,1009.8,13.7,0.0,0.0
2024-05-06 00:00:00,6.7,78.9,1010.9,18.7,0.0,0.0
2024-05-06 01:00:00,8.3,82.4,1012.1,6.8,0.0,0.0
2024-05-06 02:00:00,9.3,81.0,1008.5,7.3,1.0,0.0
2024-05-06 03:00:00,9.7,82.2,1010.9,4.8,0.0,0.0
2024-05-06 04:00:00,10.4,82.5,1011.0,7.2,0.0,0.0
2024-05-06 05:00:00,12.1,85.0,1009.8,5.0,0.0,0.0
2024-05-06 06:00:00,14.3,81.1,1009.8,2.5,0.0,0.3
2024-05-06 07:00:00,16.1,82.1,1007.3,2.6,0.0,1.8
2024-05-06 08:00:00,16.4,77.8,1010.9,2.1,0.0,3.6
2024-05-06 09:00:00,19.1,80.3,1010.9,4.8,0.0,4.6
2024-05-06 10:00:00,20.7,74.9,1010.3,2.4,0.0,6.0
2024-05-06 11:00:00,21.5,75.8,1009.9,7.8,0.0,6.6
2024-05-06 12:00:00,21.1,72.1,1013.9,2.2,0.0,7.7
2024-05-06 13:00:00,19.1,73.9,1010.0,3.9,0.0,7.1
2024-05-06 14:00:00,19.1,71.3,1009.8,8.2,0.0,7.3
2024-05-06 15:00:00,17.6,69.4,1010.2,7.1,0.0,6.9
2024-05-06 16:00:00,17.9,64.9,1009.0,10.6,0.0,6.0
2024-05-06 17:00:00,15.8,66.1,1009.9,13.3,0.0,4.7
2024-05-06 18:00:00,12.9,68.3,1008.4,8.4,0.0,3.3
2024-05-06 19:00:00,11.7,72.1,1008.6,16.2,0.0,1.5
2024-05-06 20:00:00,12.2,69.8,1012.5,8.6,0.0,0
2024-05-06 21:00:00,9.0,73.8,1010.2,8.3,0.0,0.0
2024-05-06 22:00:00,8.8,73.9,1009.3,6.6,0.0,0.0
2024-05-06 23:00:00,8.7,81.0,1006.9,11.0,0.0,0.0
2024-05-07 00:00:00,7.7,81.5,1007.3,8.8,0.0,0.0
2024-05-07 01:00:00,8.4,79.3,1009.8,6.4,0.0,0.0
2024-05-07 02:00:00,8.1,82.7,1010.0,7.1,0.0,0.0
2024-05-07 03:00:00,10.5,83.0,1011.8,4.8,0.0,0.0
2024-05-07 04:00:00,11.8,81.4,1012.0,5.2,0.0,0.0
2024-05-07 05:00:00,12.7,81.6,1011.7,2.2,0.0,0.0
2024-05-07 06:00:00,14.7,83.4,1009.4,3.6,0.0,0
2024-05-07 07:00:00,16.1,82.8,1011.0,1.8,0.0,1.2
2024-05-07 08:00:00,17.8,77.8,1009.7,2.0,0.0,3.2
2024-05-07 09:00:00,17.8,79.8,1009.6,2.1,0.0,4.5
2024-05-07 10:00:00,21.3,75.3,1013.0,2.7,0.0,5.7
2024-05-07 11:00:00,20.8,74.9,1013.9,7.7,0.0,6.7
07/05/2024 12:00,20.4,70.1,1012.3,3.8,0.0,7.2
2024-05-07 13:00:00,18.4,71.6,1009.1,3.3,0.0,7.6
07/05/2024 14:00,18.7,68.4,1010.8,6.3,0.0,7.4
2024-05-07 15:00:00,18.4,66.3,1012.9,6.9,0.0,6.7
2024-05-07 16:00:00,17.3,68.5,1008.9,11.3,0.0,6.1
2024-05-07 17:00:00,16.1,69.7,1011.2,11.1,0.0,4.8
2024-05-07 18:00:00,13.8,70.8,1008.5,14.6,0.0,3.2
2024-05-07 19:00:00,13.2,66.9,1009.6,11.7,0.0,1.6
2024-05-07 20:00:00,11.1,73.7,1010.4,9.8,0.0,0
2024-05-07 21:00:00,9.4,74.0,1008.0,14.3,0.0,0.0
2024-05-07 22:00:00,8.3,76.9,1008.7,6.3,0.0,0.0
2024-05-07 23:00:00,35.4,80.9,1010.6,10.3,0.0,0.0
2024-05-08 00:00:00,8.0,80.8,1009.3,14.1,0.0,0.0
2024-05-08 01:00:00,7.6,79.8,1011.0,10.3,0.0,0.0
2024-05-08 02:00:00,7.7,81.2,1011.6,10.0,0.0,0.0
2024-05-08 03:00:00,9.3,86.7,1008.8,3.4,0.0,0.0
2024-05-08 04:00:00,11.2,85.8,1010.4,4.2,0.0,0.0
2024-05-08 05:00:00,10.9,83.1,1010.1,5.3,0.0,0.0
2024-05-08 06:00:00,14.1,83.5,1009.6,2.3,0.0,0.7
2024-05-08 07:00:00,14.7,79.3,1007.1,2.0,0.0,1.7
2024-05-08 08:00:00,16.8,83.0,1010.1,2.2,0.0,3.5
2024-05-08 09:00:00,18.8,79.6,1011.0,3.6,10.0,4.2
2024-05-08 10:00:00,19.0,75.8,1007.5,1.5,0.0,6.1
2024-05-08 11:00:00,19.6,73.0,1010.2,1.9,0.0,7.0
2024-05-08 12:00:00,19.6,74.2,1009.8,3.5,0.0,7.7
2024-05-08 13:00:00,19.5,72.2,1009.0,6.7,0.0,7.7
2024-05-08 14:00:00,19.4,67.7,1011.2,4.1,0.0,7.3
2024-05-08 15:00:00,19.0,68.0,1010.9,7.9,0.0,6.2
2024-05-08 16:00:00,16.7,71.8,1011.1,8.6,0.0,5.9
2024-05-08 17:00:00,15.8,,1013.8,8.6,0.0,5.0
2024-05-08 18:00:00,13.7,68.0,1008.9,9.3,0.0,3.4
08/05/2024 19:00,12.7,70.3,1009.5,12.1,0.0,2.0
2024-05-08 20:00:00,9.6,71.5,1009.8,9.3,0.0,0
2024-05-08 21:00:00,8.2,75.8,1010.7,18.4,0.0,0.0
08/05/2024 22:00,8.7,73.7,1008.7,9.8,0.0,0.0
2024-05-08 23:00:00,8.7,77.7,1009.1,9.2,0.0,0.0
2024-05-09 00:00:00,7.6,79.8,1007.7,6.0,0.0,0.0
2024-05-09 01:00:00,8.5,79.4,1009.2,8.1,0.0,0.0
2024-05-09 02:00:00,7.4,85.7,1010.7,11.4,0.0,0.0
2024-05-09 03:00:00,10.3,82.3,1009.1,4.1,0.0,0.0
2024-05-09 04:00:00,9.5,91.0,1010.4,3.4,0.0,0.0
2024-05-09 05:00:00,11.8,83.8,1009.7,3.4,0.0,0.0
2024-05-09 06:00:00,13.3,86.6,1010.2,2.0,0.0,0.2
2024-05-09 07:00:00,15.5,81.0,1011.3,2.8,0.0,1.6
2024-05-09 08:00:00,15.6,81.6,1009.5,1.7,0.0,3.5
2024-05-09 09:00:00,17.1,79.7,1009.6,3.3,0.0,4.6
2024-05-09 10:00:00,18.5,78.1,1009.3,2.0,0.0,5.5
2024-05-09 11:00:00,19.1,76.3,1009.3,3.7,0.0,6.8
2024-05-09 12:00:00,19.1,75.8,1007.8,3.0,2.5,7.1
2024-05-09 13:00:00,19.8,70.4,1007.1,9.4,0.0,7.5
2024-05-09 14:00:00,19.7,71.1,1009.1,3.7,0.0,6.9
2024-05-09 15:00:00,19.6,66.7,1011.5,7.7,0.0,6.7
2024-05-09 16:00:00,16.3,68.6,1011.5,8.4,0.0,5.5
2024-05-09 17:00:00,15.6,66.8,1006.8,12.4,0.0,4.9
2024-05-09 18:00:00,14.1,70.5,1007.8,13.5,0.0,3.6
2024-05-09 19:00:00,12.0,71.8,1010.4,10.4,0.0,1.5
2024-05-09 20:00:00,10.0,74.4,1012.4,9.9,0.0,0.0
2024-05-09 21:00:00,8.3,74.1,1010.1,22.1,0.0,0.0
2024-05-09 22:00:00,7.2,75.0,1009.2,8.9,0.0,0.0
2024-05-09 23:00:00,9.3,76.0,1010.3,6.8,2.9,0.0
2024-05-10 00:00:00,6.8,80.8,1009.8,6.0,0.0,0.0
2024-05-10 01:00:00,7.2,81.1,1008.9,6.8,0.0,0.0
10/05/2024 02:00,8.1,80.9,1006.2,9.1,0.0,0.0
2024-05-10 03:00:00,9.4,79.6,1009.5,5.4,0.0,0.0
2024-05-10 04:00:00,9.2,83.0,1008.8,3.3,0.0,0.0
2024-05-10 05:00:00,12.1,82.2,1010.2,4.3,0.0,0.0
2024-05-10 06:00:00,13.2,85.4,1010.2,3.9,0.0,0
2024-05-10 07:00:00,14.6,84.4,1011.7,2.1,0.0,1.7
2024-05-10 08:00:00,15.7,81.4,1009.3,2.9,0.0,3.6
2024-05-10 09:00:00,17.3,82.9,1010.1,2.5,0.0,4.6
2024-05-10 10:00:00,18.9,78.3,1009.8,2.8,0.0,6.3
2024-05-10 11:00:00,18.7,78.4,1012.7,3.4,0.0,6.8
2024-05-10 12:00:00,19.2,76.1,1008.8,4.3,0.0,7.0
2024-05-10 13:00:00,18.9,73.2,1008.3,5.8,0.0,7.4
2024-05-10 14:00:00,19.5,70.5,1011.7,11.8,0.0,6.8
2024-05-10 15:00:00,18.6,69.1,1009.3,15.1,0.0,6.5
2024-05-10 16:00:00,17.2,66.1,1009.7,4.8,0.0,6.1
2024-05-10 17:00:00,14.6,69.6,1009.9,24.4,0.0,4.8
2024-05-10 18:00:00,15.2,69.0,1009.2,11.7,0.0,3.2
2024-05-10 19:00:00,11.3,73.2,1011.2,12.8,0.0,1.0
10/05/2024 20:00,11.9,69.0,1011.4,13.3,0.0,0.1
2024-05-10 21:00:00,8.3,77.0,1011.2,9.8,0.0,0.0
2024-05-10 22:00:00,8.7,75.5,1011.0,8.0,0.0,0.0
2024-05-10 23:00:00,6.5,76.0,1008.7,8.6,0.0,0.0
2024-05-11 00:00:00,6.4,78.1,1010.0,11.0,0.0,0.0
2024-05-11 01:00:00,6.2,81.8,1007.7,14.1,0.0,0.0
2024-05-11 02:00:00,8.5,83.4,1009.7,5.2,0.0,0.0
2024-05-11 03:00:00,9.7,83.3,1008.5,4.9,0.0,0.0
2024-05-11 04:00:00,10.9,86.4,1008.4,6.6,0.0,0.0
2024-05-11 05:00:00,10.5,82.5,1008.8,4.0,0.0,0.0
2024-05-11 06:00:00,11.4,87.0,1011.3,2.1,0.0,0.0
2024-05-11 07:00:00,15.8,83.5,1010.4,2.1,0.0,1.7
2024-05-11 08:00:00,16.6,77.3,1008.4,1.1,0.0,3.2
2024-05-11 09:00:00,18.2,77.8,1009.8,2.5,0.0,4.7
2024-05-11 10:00:00,17.8,78.1,1009.4,3.0,0.0,5.6
2024-05-11 11:00:00,18.4,78.7,1009.6,2.9,0.0,6.5
2024-05-11 12:00:00,19.2,72.6,1010.1,4.7,0.0,7.1
2024-05-11 13:00:00,19.4,75.1,1009.3,4.2,0.0,7.8
2024-05-11 14:00:00,19.8,74.0,1011.3,8.3,0.0,7.3
11/05/2024 15:00,16.6,67.4,1009.6,4.8,0.0,6.8
11/05/2024 16:00,17.6,71.0,1012.0,8.9,0.0,6.0
2024-05-11 17:00:00,14.4,66.1,1008.9,10.2,0.0,4.5
2024-05-11 18:00:00,12.7,67.0,1010.9,12.2,0.0,3.6
11/05/2024 19:00,12.0,70.5,1010.2,5.4,0.0,1.6
2024-05-11 20:00:00,10.8,72.1,1011.1,16.4,0.0,0.6
2024-05-11 21:00:00,9.9,76.6,1010.9,10.2,0.0,0.0
2024-05-11 22:00:00,8.0,73.0,1009.7,11.4,0.0,0.0
2024-05-11 23:00:00,8.0,81.2,1009.9,8.2,0.0,0.0
2024-05-12 00:00:00,6.4,79.8,1012.7,6.0,0.0,0.0
2024-05-12 01:00:00,8.0,80.4,1009.8,5.9,0.0,0.0
2024-05-12 02:00:00,9.4,80.4,1011.6,6.6,0.0,0.0
2024-05-12 03:00:00,8.3,83.5,1009.1,11.0,0.0,0.0
2024-05-12 04:00:00,38.3,83.4,1006.1,7.8,0.0,0.0
2024-05-12 05:00:00,11.7,83.9,1009.6,3.9,0.0,0.0
2024-05-12 06:00:00,12.5,88.6,1009.7,3.9,0.0,0.5
2024-05-12 07:00:00,14.0,82.7,1010.0,6.7,0.0,1.3
2024-05-12 08:00:00,16.8,80.9,1013.2,1.4,0.0,3.3
2024-05-12 09:00:00,17.2,81.0,1009.3,1.8,0.0,4.1
2024-05-12 10:00:00,19.1,76.2,1010.0,2.9,0.0,5.6
2024-05-12 11:00:00,18.9,75.7,1008.2,2.1,0.0,6.8
2024-05-12 12:00:00,18.3,74.8,1011.2,2.4,0.0,6.7
2024-05-12 13:00:00,18.6,74.3,1011.6,4.1,0.3,7.5
2024-05-12 14:00:00,18.6,70.7,1012.9,12.3,0.0,6.7
2024-05-12 15:00:00,18.0,71.9,1008.1,10.0,0.0,6.4
2024-05-12 16:00:00,15.9,69.8,1011.2,,0.0,5.8
2024-05-12 17:00:00,16.4,70.4,1008.2,16.3,0.0,4.4
2024-05-12 18:00:00,12.9,67.4,1006.8,17.3,0.0,3.6
2024-05-12 19:00:00,11.6,71.2,1009.3,10.8,0.0,2.2
2024-05-12 20:00:00,10.6,73.4,1010.1,6.1,0.0,0
2024-05-12 21:00:00,8.9,72.7,1012.6,15.0,0.0,0.0
2024-05-12 22:00:00,8.7,75.5,1007.9,11.6,0.0,0.0
2024-05-12 23:00:00,7.0,75.4,1009.0,9.4,0.0,0.0
2024-05-13 00:00:00,6.3,79.2,1009.2,10.4,0.0,0.0
2024-05-13 01:00:00,6.7,80.5,1009.0,5.7,0.0,0.0
2024-05-13 02:00:00,7.1,86.5,1009.6,7.8,0.0,0.0
2024-05-13 03:00:00,8.4,86.6,1010.9,4.2,0.0,0.0
2024-05-13 04:00:00,10.0,86.9,1008.0,2.6,0.0,0.0
2024-05-13 05:00:00,12.0,82.5,1010.0,3.4,0.0,0.0
2024-05-13 06:00:00,12.5,81.7,1008.4,3.0,0.0,0
2024-05-13 07:00:00,13.7,81.0,1010.4,4.9,0.0,1.5
2024-05-13 08:00:00,15.2,83.7,1010.0,1.8,0.0,3.5
2024-05-13 09:00:00,17.3,81.3,1005.7,2.6,0.0,4.4
2024-05-13 10:00:00,18.3,79.4,1009.2,1.9,0.0,5.8
2024-05-13 11:00:00,19.1,78.5,1008.9,4.3,0.0,6.2
2024-05-13 12:00:00,19.5,74.5,1010.4,4.7,0.0,6.7
2024-05-13 13:00:00,17.7,73.9,1013.2,6.7,0.0,7.3
2024-05-13 14:00:00,18.4,68.8,1009.3,6.2,0.0,7.0
2024-05-13 15:00:00,17.7,69.8,1007.2,8.2,0.0,6.5
2024-05-13 16:00:00,15.8,71.6,1008.8,7.4,0.0,5.6
13/05/2024 17:00,14.6,72.8,1012.3,15.5,0.0,4.4
2024-05-13 18:00:00,12.0,72.1,1013.5,12.1,0.0,3.4
2024-05-13 19:00:00,10.3,69.5,1008.6,11.4,0.0,1.6
2024-05-13 20:00:00,9.3,72.7,1009.3,21.7,0.0,0
2024-05-13 21:00:00,9.3,73.3,1009.2,14.2,0.0,0.0
2024-05-13 22:00:00,8.2,76.0,1010.1,16.6,0.0,0.0
2024-05-13 23:00:00,6.5,80.2,1013.0,6.4,0.0,0.0
2024-05-14 00:00:00,6.4,79.2,1010.8,10.0,0.0,0.0
2024-05-14 01:00:00,7.8,83.4,1011.7,11.0,0.0,0.0
2024-05-14 02:00:00,6.6,84.6,1010.3,5.7,0.0,0.0
2024-05-14 03:00:00,,81.1,1009.7,5.0,0.0,0.0
2024-05-14 04:00:00,9.2,85.1,1010.1,3.4,0.0,0.0
2024-05-14 05:00:00,11.3,82.4,1009.6,4.8,0.0,0.0
2024-05-14 06:00:00,13.2,83.5,1009.9,3.5,0.0,0
2024-05-14 07:00:00,15.8,83.6,1010.2,3.0,0.0,1.9
2024-05-14 08:00:00,15.2,81.2,1009.5,1.6,0.0,2.8
2024-05-14 09:00:00,17.5,80.2,1007.6,6.5,0.0,4.6
2024-05-14 10:00:00,18.4,78.3,1010.3,6.4,0.0,5.2
2024-05-14 11:00:00,18.7,77.0,1008.1,11.6,0.0,6.6
2024-05-14 12:00:00,18.1,78.7,1008.2,4.8,0.0,7.0
2024-05-14 13:00:00,18.4,73.0,1010.8,3.9,0.0,7.1
2024-05-14 14:00:00,19.0,71.3,1008.1,5.9,0.0,6.8
2024-05-14 15:00:00,18.8,68.6,1007.0,6.0,0.0,7.0
2024-05-14 16:00:00,15.2,71.1,1008.9,7.2,0.0,5.4
2024-05-14 17:00:00,14.2,70.5,1009.9,18.0,0.0,4.0
2024-05-14 18:00:00,12.4,71.0,1007.9,,0.0,2.8
2024-05-14 19:00:00,10.7,71.8,1009.5,8.9,0.0,1.1
2024-05-14 20:00:00,9.9,72.2,1009.2,11.1,0.0,0.3
2024-05-14 21:00:00,7.1,0,1009.3,16.9,0.0,0.0
2024-05-14 22:00:00,9.2,74.5,1009.6,12.4,0.0,0.0
14/05/2024 23:00,7.0,80.5,1009.7,9.1,5.7,0.0
2024-05-15 00:00:00,7.0,79.3,1010.7,10.9,0.0,0.0
2024-05-15 01:00:00,7.5,85.6,1009.0,12.2,0.0,0.0
2024-05-15 02:00:00,8.2,84.2,1008.4,7.1,0.0,0.0
2024-05-15 03:00:00,9.6,81.2,1011.0,10.7,0.0,0.0
2024-05-15 04:00:00,10.6,83.8,1012.2,3.5,0.0,0.0
2024-05-15 05:00:00,11.1,88.4,1008.8,4.3,0.0,0.0
2024-05-15 06:00:00,12.3,81.7,1007.3,3.1,0.0,0.3
2024-05-15 07:00:00,13.7,85.9,1012.3,1.0,0.0,1.4
2024-05-15 08:00:00,14.3,81.1,1009.2,0.8,0.0,3.1
2024-05-15 09:00:00,17.0,79.5,1009.3,3.9,0.0,4.7
2024-05-15 10:00:00,18.8,81.5,1012.5,2.6,0.0,5.9
2024-05-15 11:00:00,19.2,75.5,1007.5,4.5,0.0,6.0
2024-05-15 12:00:00,19.7,72.6,1012.1,4.6,0.0,6.4
2024-05-15 13:00:00,17.9,72.7,1009.1,5.0,0.0,7.5
15/05/2024 14:00,17.8,72.4,1011.1,9.5,0.0,7.0
2024-05-15 15:00:00,17.3,,1010.9,8.2,0.0,6.9
2024-05-15 16:00:00,15.2,70.3,1009.1,10.7,0.0,5.3
2024-05-15 17:00:00,14.2,68.2,1009.8,12.7,0.0,4.2
2024-05-15 18:00:00,13.4,71.6,1008.8,7.3,0.0,2.9
2024-05-15 19:00:00,11.6,71.0,1009.4,20.6,0.0,1.5
2024-05-15 20:00:00,9.5,72.5,1012.4,8.4,0.0,0
2024-05-15 21:00:00,9.5,72.5,1008.0,16.4,0.0,0.0
2024-05-15 22:00:00,7.3,73.1,1011.4,9.0,0.0,0.0
2024-05-15 23:00:00,6.9,82.2,1010.4,10.9,0.0,0.0
2024-05-16 00:00:00,6.4,81.6,1008.8,8.4,0.0,0.0
2024-05-16 01:00:00,7.4,80.0,1011.2,11.2,0.0,0.0
2024-05-16 02:00:00,7.0,83.2,1009.4,4.5,0.0,0.0
2024-05-16 03:00:00,8.1,84.5,1011.6,9.2,0.0,0.0
2024-05-16 04:00:00,10.3,84.0,1008.9,4.9,0.0,0.0
2024-05-16 05:00:00,10.4,85.1,1010.9,2.7,0.0,0.0
2024-05-16 06:00:00,12.8,82.7,1009.8,2.8,0.0,0.7
2024-05-16 07:00:00,14.6,86.0,1010.5,1.5,0.0,1.6
2024-05-16 08:00:00,14.7,83.4,1009.0,2.7,0.0,3.6
2024-05-16 09:00:00,16.9,78.1,1008.8,2.0,0.0,4.7
2024-05-16 10:00:00,17.1,77.8,1009.4,3.5,0.0,5.2
2024-05-16 11:00:00,18.0,80.4,1012.0,3.6,0.0,6.3
2024-05-16 12:00:00,19.0,73.9,1009.1,4.5,0.0,6.9
2024-05-16 13:00:00,17.7,73.6,1008.9,5.9,0.0,7.0
2024-05-16 14:00:00,17.4,74.0,1008.6,12.6,1.6,6.8
2024-05-16 15:00:00,16.4,70.1,1008.3,6.7,0.0,6.2
2024-05-16 16:00:00,16.6,70.0,1011.9,14.0,0.0,5.8
2024-05-16 17:00:00,13.8,73.3,1009.9,6.9,0.0,4.4
16/05/2024 18:00,12.3,68.7,1010.8,10.0,0.0,3.0
2024-05-16 19:00:00,10.7,71.2,1011.7,13.2,2.2,1.5
2024-05-16 20:00:00,9.6,72.9,1011.1,8.6,0.0,0.6
2024-05-16 21:00:00,8.5,71.1,1010.5,9.9,0.0,0.0
2024-05-16 22:00:00,7.9,75.6,1008.1,7.5,0.0,0.0
2024-05-16 23:00:00,8.0,77.9,1009.9,9.8,0.0,0.0
2024-05-17 00:00:00,6.1,79.7,1008.3,5.2,0.0,0.0
2024-05-17 01:00:00,6.4,82.8,1012.1,10.5,0.0,0.0
2024-05-17 02:00:00,6.9,83.6,1008.0,7.5,0.0,0.0
2024-05-17 03:00:00,8.2,85.2,1010.7,6.1,0.0,0.0
2024-05-17 04:00:00,9.3,84.4,1008.2,2.9,0.0,0.0
2024-05-17 05:00:00,9.6,84.7,1009.1,2.3,0.0,0.0
2024-05-17 06:00:00,12.5,87.1,1009.1,4.1,0.0,0
2024-05-17 07:00:00,14.1,81.2,1011.1,1.6,0.0,1.6
2024-05-17 08:00:00,16.1,,1010.0,1.7,0.0,2.6
2024-05-17 09:00:00,15.9,80.9,1009.6,2.3,0.0,4.6
2024-05-17 10:00:00,17.1,80.1,1011.1,2.5,0.0,5.4
2024-05-17 11:00:00,18.9,74.3,1009.5,5.5,0.0,6.5
2024-05-17 12:00:00,17.8,72.1,1010.4,3.0,0.0,6.5
2024-05-17 13:00:00,17.5,73.6,1010.7,4.4,0.0,6.9
2024-05-17 14:00:00,18.4,70.2,1011.3,6.5,0.0,7.0
2024-05-17 15:00:00,16.0,70.7,1009.8,5.0,0.0,6.2
2024-05-17 16:00:00,14.5,71.6,1010.1,23.0,0.0,5.2
2024-05-17 17:00:00,13.2,71.6,1007.9,12.9,0.0,4.1
2024-05-17 18:00:00,11.7,73.6,1009.3,9.0,0.0,2.7
2024-05-17 19:00:00,10.0,76.1,1009.1,7.9,0.0,1.5
17/05/2024 20:00,9.2,75.1,1006.4,15.8,0.0,0
2024-05-17 21:00:00,9.4,77.9,1008.4,16.3,0.0,0.0
2024-05-17 22:00:00,7.0,75.5,1009.5,9.2,0.0,0.0
2024-05-17 23:00:00,6.5,81.9,1007.1,12.1,0.0,0.0
2024-05-18 00:00:00,6.8,79.7,1010.1,8.5,0.0,0.0
2024-05-18 01:00:00,6.6,80.6,1009.9,9.0,0.0,0.0
2024-05-18 02:00:00,6.3,83.0,1006.4,10.2,0.0,0.0
2024-05-18 03:00:00,7.8,87.5,1007.7,3.9,0.0,0.0
2024-05-18 04:00:00,9.5,81.6,1010.9,3.4,0.0,0.0
2024-05-18 05:00:00,11.3,84.4,1008.9,3.3,0.0,0.0
2024-05-18 06:00:00,10.9,89.6,1009.3,3.3,0.0,0.3
2024-05-18 07:00:00,13.9,84.2,1008.5,2.6,8.5,1.7
2024-05-18 08:00:00,15.5,81.8,1008.2,3.1,0.0,2.8
2024-05-18 09:00:00,17.0,78.7,1009.6,2.0,0.0,4.6
2024-05-18 10:00:00,17.7,80.5,1009.2,3.9,0.0,5.5
2024-05-18 11:00:00,18.3,77.8,1008.7,5.7,0.0,6.1
2024-05-18 12:00:00,18.1,72.3,1007.9,3.0,0.0,7.1
2024-05-18 13:00:00,16.5,74.5,1007.0,6.4,0.0,7.3
2024-05-18 14:00:00,18.5,70.2,1009.5,6.8,0.0,7.1
2024-05-18 15:00:00,16.6,76.9,1009.9,8.5,0.0,6.3
2024-05-18 16:00:00,15.0,73.1,1007.8,14.9,0.0,5.5
2024-05-18 17:00:00,13.8,68.6,1008.8,10.5,0.0,4.4
2024-05-18 18:00:00,11.9,74.9,1008.3,15.0,0.0,2.7
18/05/2024 19:00,9.2,72.4,1007.1,10.8,0.0,1.5
2024-05-18 20:00:00,9.5,72.6,1009.8,10.7,0.0,0
2024-05-18 21:00:00,8.5,76.3,1007.1,11.0,0.0,0.0
2024-05-18 22:00:00,7.7,74.3,1009.4,17.0,0.0,0.0
2024-05-18 23:00:00,7.0,80.0,1008.6,12.1,0.0,0.0
2024-05-19 00:00:00,5.7,78.8,1010.8,9.9,0.0,0.0
2024-05-19 01:00:00,7.1,81.4,1008.3,9.6,0.0,0.0
2024-05-19 02:00:00,7.6,84.8,1012.5,7.3,0.0,0.0
2024-05-19 03:00:00,7.1,82.2,1008.4,4.7,0.0,0.0
2024-05-19 04:00:00,9.1,84.1,1005.9,4.4,0.0,0.0
2024-05-19 05:00:00,12.3,84.9,1006.6,3.3,0.0,0.0
2024-05-19 06:00:00,12.9,86.4,1007.8,3.6,0.0,0.2
2024-05-19 07:00:00,12.6,86.9,1009.6,3.6,0.0,1.2
2024-05-19 08:00:00,15.5,80.5,1011.2,2.9,0.0,2.9
2024-05-19 09:00:00,37.6,83.3,1006.9,1.9,3.9,4.1
2024-05-19 10:00:00,18.0,75.6,1007.8,3.6,6.5,5.3
2024-05-19 11:00:00,17.2,75.5,1008.1,5.1,0.0,6.1
2024-05-19 12:00:00,17.2,76.3,1010.8,4.3,3.0,7.2
2024-05-19 13:00:00,17.2,73.4,1008.6,7.3,0.0,7.1
2024-05-19 14:00:00,16.7,71.4,1007.5,4.2,0.0,6.6
19/05/2024 15:00,15.3,71.9,1009.9,7.3,0.0,6.0
2024-05-19 16:00:00,14.3,73.7,1009.5,,0.0,5.8
2024-05-19 17:00:00,14.9,69.6,1010.3,9.3,0.0,4.9
2024-05-19 18:00:00,12.0,71.4,1008.6,9.5,5.7,3.0
2024-05-19 19:00:00,11.1,68.9,1010.3,17.0,0.0,1.3
2024-05-19 20:00:00,8.3,77.3,1010.8,7.1,0.0,0.1
2024-05-19 21:00:00,7.6,75.9,1008.3,13.1,0.0,0.0
19/05/2024 22:00,6.6,79.4,1010.2,4.9,0.0,0.0
2024-05-19 23:00:00,7.6,79.9,1008.7,9.6,0.0,0.0
2024-05-20 00:00:00,5.8,80.2,1007.1,18.2,0.0,0.0
2024-05-20 01:00:00,6.7,85.5,1011.9,12.0,11.5,0.0
2024-05-20 02:00:00,6.8,86.8,1009.2,5.7,0.0,0.0
2024-05-20 03:00:00,8.4,81.4,1009.0,4.6,0.0,0.0
2024-05-20 04:00:00,10.0,84.7,1011.5,3.6,0.0,0.0
2024-05-20 05:00:00,9.3,85.9,1009.6,3.3,0.0,0.0
2024-05-20 06:00:00,11.0,84.1,1009.3,2.9,0.0,0.2
2024-05-20 07:00:00,13.5,84.7,1006.8,2.0,0.0,1.5
2024-05-20 08:00:00,15.2,82.6,1009.5,1.9,0.0,3.2
2024-05-20 09:00:00,16.1,78.2,1008.0,1.5,0.0,3.8
2024-05-20 10:00:00,16.9,75.9,1009.7,3.5,0.0,5.2
2024-05-20 11:00:00,18.3,77.0,1012.0,3.1,0.0,6.1
2024-05-20 12:00:00,17.6,73.2,1009.0,8.4,3.6,6.8
2024-05-20 13:00:00,18.0,73.2,1007.5,5.2,0.0,6.3
2024-05-20 14:00:00,16.4,72.0,1009.7,5.9,0.0,7.0
2024-05-20 15:00:00,15.8,72.3,1008.2,5.8,0.0,6.1
2024-05-20 16:00:00,14.5,70.2,1011.0,8.9,0.0,5.5
2024-05-20 17:00:00,13.5,71.2,1006.5,8.5,0.0,4.4
2024-05-20 18:00:00,12.7,69.0,1011.8,8.5,0.0,3.0
20/05/2024 19:00,9.2,78.1,1008.4,11.0,0.0,1.7
2024-05-20 20:00:00,8.4,75.7,1010.5,14.9,0.0,0.1
2024-05-20 21:00:00,7.3,76.1,1010.0,11.4,0.0,0.0
2024-05-20 22:00:00,6.7,78.2,1008.5,11.6,3.7,0.0
2024-05-20 23:00:00,7.0,78.9,1008.3,7.5,2.3,0.0
2024-05-21 00:00:00,,84.3,1009.1,8.1,0.0,0.0
2024-05-21 01:00:00,5.3,84.9,1008.9,10.5,0.0,0.0
2024-05-21 02:00:00,7.3,86.0,1009.7,8.6,0.0,0.0
2024-05-21 03:00:00,6.1,86.7,1010.4,4.8,0.0,0.0
2024-05-21 04:00:00,9.3,86.1,1009.0,2.6,0.0,0.0
21/05/2024 05:00,9.1,86.2,1010.6,3.6,0.0,0.0
21/05/2024 06:00,11.9,85.3,1009.8,2.5,0.0,0
2024-05-21 07:00:00,13.5,82.2,1008.8,1.2,0.0,1.1
2024-05-21 08:00:00,16.0,81.9,1010.6,2.5,0.0,2.9
2024-05-21 09:00:00,16.5,84.7,1008.0,2.0,0.0,4.2
2024-05-21 10:00:00,16.9,79.8,1009.0,2.3,0.0,5.7
2024-05-21 11:00:00,18.8,79.2,1010.9,5.5,0.0,6.0
21/05/2024 12:00,18.5,77.2,1006.6,5.4,0.0,6.8
2024-05-21 13:00:00,16.4,72.8,1009.5,8.6,0.0,6.4
2024-05-21 14:00:00,16.4,73.5,1010.9,6.0,0.0,6.9
2024-05-21 15:00:00,16.0,72.2,1010.3,11.2,0.0,6.0
2024-05-21 16:00:00,13.5,73.7,1010.7,8.3,0.0,5.2
2024-05-21 17:00:00,12.9,69.9,1009.8,11.1,0.0,4.1
21/05/2024 18:00,11.8,71.7,1009.8,11.5,0.0,2.9
2024-05-21 19:00:00,10.3,74.1,1008.5,13.0,0.0,1.4
2024-05-21 20:00:00,8.5,75.5,1009.2,13.4,0.0,0
2024-05-21 21:00:00,7.1,74.5,1009.1,6.8,0.0,0.0
2024-05-21 22:00:00,5.5,77.1,1011.0,9.5,0.0,0.0
2024-05-21 23:00:00,5.7,78.3,1010.3,8.5,0.0,0.0
2024-05-22 00:00:00,5.5,82.9,1013.3,7.9,0.0,0.0
2024-05-22 01:00:00,5.9,84.9,1009.7,3.9,0.0,0.0
2024-05-22 02:00:00,6.8,82.5,1010.9,8.0,0.0,0.0
2024-05-22 03:00:00,6.8,86.5,1007.7,4.2,0.0,0.0
2024-05-22 04:00:00,8.2,85.2,1006.3,3.4,0.0,0.0
2024-05-22 05:00:00,10.6,86.3,1010.2,3.5,0.0,0.0
2024-05-22 06:00:00,11.7,86.6,1006.9,3.2,0.0,0
2024-05-22 07:00:00,13.6,83.9,1007.3,3.2,0.0,1.4
2024-05-22 08:00:00,14.7,81.5,1007.7,2.5,0.0,3.1
2024-05-22 09:00:00,15.9,78.1,1008.9,2.4,0.0,4.1
2024-05-22 10:00:00,15.8,81.7,1012.2,3.7,0.0,5.2
2024-05-22 11:00:00,17.0,76.4,1008.4,2.3,0.0,6.0
2024-05-22 12:00:00,16.6,77.2,1009.3,8.2,0.0,6.3
2024-05-22 13:00:00,17.0,72.7,1008.4,3.9,0.0,6.6
2024-05-22 14:00:00,16.7,76.4,1008.8,11.3,0.0,6.8
2024-05-22 15:00:00,15.1,72.0,1010.2,9.7,0.0,5.7
22/05/2024 16:00,14.7,73.4,1008.6,12.6,0.0,4.8
2024-05-22 17:00:00,12.7,71.3,1010.0,7.7,0.0,3.6
2024-05-22 18:00:00,13.0,68.7,1009.3,15.2,4.4,2.7
2024-05-22 19:00:00,10.5,68.8,1008.3,10.6,0.0,1.2
2024-05-22 20:00:00,8.9,72.8,1010.7,11.6,0.0,0
2024-05-22 21:00:00,8.1,79.4,1008.6,10.5,0.0,0.0
2024-05-22 22:00:00,7.0,77.2,1007.9,11.5,6.0,0.0
2024-05-22 23:00:00,5.3,76.5,1008.1,9.3,0.0,0.0
2024-05-23 00:00:00,5.2,80.4,1007.3,16.3,0.0,0.0
2024-05-23 01:00:00,5.7,83.9,1009.8,21.8,0.0,0.0
2024-05-23 02:00:00,5.9,83.2,1008.2,6.5,0.0,0.0
2024-05-23 03:00:00,7.4,86.2,1008.0,7.1,0.0,0.0
2024-05-23 04:00:00,9.0,86.7,1007.2,6.7,0.0,0.0
2024-05-23 05:00:00,10.2,83.7,1007.6,4.3,0.0,0.0
2024-05-23 06:00:00,11.1,85.1,1007.7,2.5,0.0,0.1
2024-05-23 07:00:00,13.1,86.0,1008.8,1.2,0.0,1.1
23/05/2024 08:00,14.9,80.5,1008.3,1.1,0.0,2.8
2024-05-23 09:00:00,16.1,80.4,1008.1,2.3,0.0,4.1
2024-05-23 10:00:00,15.8,79.5,1010.5,3.7,0.7,5.1
2024-05-23 11:00:00,16.8,76.3,1006.0,2.9,0.0,6.2
2024-05-23 12:00:00,16.3,78.3,1008.4,7.4,3.1,6.7
2024-05-23 13:00:00,17.3,70.1,1007.7,5.3,0.0,6.3
2024-05-23 14:00:00,17.3,72.3,1007.8,5.7,0.0,6.4
2024-05-23 15:00:00,15.4,69.5,1006.5,11.1,0.0,6.0
2024-05-23 16:00:00,14.4,71.9,1008.4,12.2,0.0,5.1
2024-05-23 17:00:00,12.7,71.4,1011.5,16.6,0.0,4.4
2024-05-23 18:00:00,11.3,75.5,1009.9,14.1,0.0,3.3
2024-05-23 19:00:00,11.4,69.9,1010.6,9.7,0.0,1.3
2024-05-23 20:00:00,8.3,,1009.5,6.7,0.0,0
2024-05-23 21:00:00,8.5,78.3,1008.6,20.6,0.0,0.0
2024-05-23 22:00:00,7.1,77.5,1009.3,8.7,0.0,0.0
2024-05-23 23:00:00,5.6,80.6,1008.8,7.9,6.5,0.0
2024-05-24 00:00:00,5.0,82.7,1010.7,8.6,0.0,0.0
2024-05-24 01:00:00,6.2,83.5,1007.6,9.9,0.0,0.0
24/05/2024 02:00,5.4,86.8,1009.4,7.5,0.0,0.0
2024-05-24 03:00:00,7.2,85.8,1008.1,5.0,0.0,0.0
2024-05-24 04:00:00,8.8,85.9,1008.1,5.7,0.0,0.0
2024-05-24 05:00:00,9.1,85.6,1010.7,4.8,0.0,0.0
2024-05-24 06:00:00,12.5,82.2,1007.5,2.4,0.0,0.2
2024-05-24 07:00:00,13.5,87.6,1009.0,2.3,0.0,1.3
2024-05-24 08:00:00,14.9,78.8,1012.1,1.8,0.0,2.5
24/05/2024 09:00,15.3,81.1,1009.7,1.6,0.0,3.9
2024-05-24 10:00:00,43.0,81.5,1009.8,2.3,0.0,4.9
2024-05-24 11:00:00,17.7,80.3,1009.0,5.3,0.0,5.9
2024-05-24 12:00:00,16.6,73.6,1006.9,3.3,0.0,6.3
2024-05-24 13:00:00,18.3,76.9,1007.4,6.8,0.0,6.3
2024-05-24 14:00:00,37.9,73.4,1008.4,4.6,0.0,6.3
2024-05-24 15:00:00,16.8,73.0,1010.9,10.6,0.0,5.4
2024-05-24 16:00:00,14.1,72.8,1010.6,12.8,0.0,5.2
24/05/2024 17:00,12.8,69.3,1007.6,11.6,0.0,4.3
2024-05-24 18:00:00,11.1,70.3,1010.8,7.8,0.0,2.9
2024-05-24 19:00:00,9.8,71.9,1009.7,15.1,0.0,1.6
2024-05-24 20:00:00,9.1,75.7,1010.9,11.3,0.0,0
2024-05-24 21:00:00,7.0,76.0,1011.7,6.8,0.0,0.0
2024-05-24 22:00:00,6.0,77.7,1010.0,8.8,0.0,0.0
2024-05-24 23:00:00,5.4,80.8,1007.3,16.7,0.1,0.0
2024-05-25 00:00:00,,81.8,1012.6,14.1,0.0,0.0
2024-05-25 01:00:00,5.7,81.2,1009.6,8.5,0.0,0.0
2024-05-25 02:00:00,6.5,87.4,1008.5,5.4,0.0,0.0
2024-05-25 03:00:00,7.1,85.9,1009.3,3.5,0.0,0.0
2024-05-25 04:00:00,8.1,84.0,1009.7,6.5,0.0,0.0
2024-05-25 05:00:00,9.1,88.2,1009.4,3.1,0.0,0.0
2024-05-25 06:00:00,10.4,83.3,1008.6,7.3,0.0,0
2024-05-25 07:00:00,14.0,85.0,1008.8,3.6,0.0,1.4
2024-05-25 08:00:00,14.2,85.2,1008.0,1.4,0.0,2.9
2024-05-25 09:00:00,15.0,83.8,1007.9,2.9,0.0,3.7
2024-05-25 10:00:00,17.0,81.3,1007.6,3.4,0.0,5.0
2024-05-25 11:00:00,16.7,78.0,1010.1,2.0,0.0,5.9
2024-05-25 12:00:00,17.4,77.2,1005.6,4.9,0.0,6.2
2024-05-25 13:00:00,16.6,75.0,1008.2,10.1,0.0,6.3
2024-05-25 14:00:00,16.9,72.7,1009.7,2.5,0.0,6.5
2024-05-25 15:00:00,16.2,70.5,1011.6,10.4,0.0,5.9
2024-05-25 16:00:00,12.4,73.8,1009.5,10.5,0.0,5.1
2024-05-25 17:00:00,11.6,72.3,1007.9,7.5,0.0,4.0
2024-05-25 18:00:00,10.3,73.9,1012.8,24.8,0.0,2.8
2024-05-25 19:00:00,9.5,73.3,1008.1,7.9,4.4,1.2
2024-05-25 20:00:00,8.3,73.7,1009.7,12.0,7.3,0.2
2024-05-25 21:00:00,8.2,76.2,1011.9,14.6,0.0,0.0
2024-05-25 22:00:00,5.8,78.9,1009.8,7.6,0.0,0.0
2024-05-25 23:00:00,,79.4,1008.1,4.4,0.0,0.0
2024-05-26 00:00:00,6.9,83.8,1007.4,9.8,0.0,0.0
2024-05-26 01:00:00,5.1,83.9,1008.0,6.9,0.0,0.0
2024-05-26 02:00:00,6.3,85.5,1006.9,5.8,0.0,0.0
2024-05-26 03:00:00,6.2,85.8,1011.5,8.4,0.0,0.0
2024-05-26 04:00:00,9.3,87.7,1008.0,3.8,0.0,0.0
2024-05-26 05:00:00,10.2,84.7,1011.2,3.7,0.0,0.0
2024-05-26 06:00:00,9.6,86.4,1007.1,2.5,0.0,0
2024-05-26 07:00:00,13.4,81.9,1007.5,2.8,0.0,1.5
26/05/2024 08:00,13.1,84.0,1009.4,2.1,0.0,2.7
2024-05-26 09:00:00,15.5,83.4,1007.3,3.2,0.0,4.1
2024-05-26 10:00:00,15.5,78.9,1008.3,2.5,0.0,5.2
2024-05-26 11:00:00,16.2,78.2,1008.1,4.4,0.0,6.0
2024-05-26 12:00:00,17.0,76.7,1010.8,5.1,1.4,6.0
2024-05-26 13:00:00,15.8,73.1,1007.6,4.8,0.0,6.5
2024-05-26 14:00:00,15.4,75.7,1009.2,6.3,0.0,6.1
2024-05-26 15:00:00,14.5,70.9,1009.4,5.4,0.0,5.8
2024-05-26 16:00:00,13.3,70.6,1009.7,7.0,0.0,4.9
2024-05-26 17:00:00,11.9,75.3,1009.5,10.6,0.0,3.3
2024-05-26 18:00:00,10.9,73.2,1006.4,8.0,5.1,2.9
2024-05-26 19:00:00,9.6,72.5,1008.2,7.5,0.0,1.7
2024-05-26 20:00:00,8.9,70.2,1010.2,32.3,0.0,0
26/05/2024 21:00,7.0,77.8,1005.3,11.2,4.8,0.0
2024-05-26 22:00:00,6.8,75.4,1007.8,11.1,0.0,0.0
2024-05-26 23:00:00,5.8,82.6,1010.3,5.4,0.0,0.0
2024-05-27 00:00:00,5.9,80.7,1012.0,13.0,3.9,0.0
2024-05-27 01:00:00,,88.0,1010.4,4.8,0.0,0.0
2024-05-27 02:00:00,6.3,85.9,1008.4,6.4,0.0,0.0
2024-05-27 03:00:00,7.5,82.9,1009.4,3.3,0.0,0.0
2024-05-27 04:00:00,7.6,87.1,1008.5,5.0,0.0,0.0
2024-05-27 05:00:00,7.4,86.6,1009.0,4.9,0.0,0.0
2024-05-27 06:00:00,9.5,88.0,1008.2,2.5,0.0,0.2
2024-05-27 07:00:00,11.9,88.5,1010.7,2.0,0.0,1.8
2024-05-27 08:00:00,14.1,83.6,1011.4,1.6,0.0,2.7
2024-05-27 09:00:00,14.7,105,1012.6,1.7,0.0,4.0
2024-05-27 10:00:00,16.0,80.3,1004.7,2.6,0.0,4.9
2024-05-27 11:00:00,16.6,77.0,1007.3,5.7,0.0,5.6
2024-05-27 12:00:00,15.1,76.6,1008.8,3.6,0.0,6.1
2024-05-27 13:00:00,16.2,74.6,1010.3,5.8,0.0,6.4
2024-05-27 14:00:00,15.3,73.4,1009.3,7.2,0.0,6.2
2024-05-27 15:00:00,14.5,70.8,1009.0,8.0,6.2,5.9
2024-05-27 16:00:00,13.3,71.3,1009.3,11.5,0.0,4.8
2024-05-27 17:00:00,11.3,73.0,1009.9,7.9,0.0,4.3
2024-05-27 18:00:00,11.6,70.2,1009.7,7.0,0.0,2.2
2024-05-27 19:00:00,9.7,74.9,1011.5,14.6,0.0,1.0
27/05/2024 20:00,6.7,76.4,1007.1,11.3,0.0,0.2
2024-05-27 21:00:00,7.8,78.0,1007.4,7.9,0.0,0.0
2024-05-27 22:00:00,5.7,76.7,1008.0,6.3,0.0,0.0
2024-05-27 23:00:00,6.4,81.4,1009.2,13.2,0.0,0.0
2024-05-28 00:00:00,5.0,79.5,1009.9,6.3,0.0,0.0
28/05/2024 01:00,6.2,83.7,1007.8,8.6,0.0,0.0
2024-05-28 02:00:00,6.3,87.9,1008.2,3.6,0.0,0.0
2024-05-28 03:00:00,6.5,87.7,1009.0,4.4,0.0,0.0
2024-05-28 04:00:00,7.7,86.0,1011.2,5.2,0.0,0.0
2024-05-28 05:00:00,8.7,83.7,1009.6,2.6,0.0,0.0
2024-05-28 06:00:00,10.1,89.5,1012.1,2.8,0.0,0.2
2024-05-28 07:00:00,11.7,88.3,1010.3,3.0,0.1,1.1
2024-05-28 08:00:00,13.8,84.6,1010.0,1.4,0.0,3.0
2024-05-28 09:00:00,14.1,83.5,1009.2,4.3,0.0,3.7
2024-05-28 10:00:00,15.7,80.7,1007.0,3.5,0.3,5.1
2024-05-28 11:00:00,15.3,79.1,1010.6,5.7,0.0,5.6
2024-05-28 12:00:00,15.6,76.9,1008.7,3.9,0.0,6.2
2024-05-28 13:00:00,15.8,75.7,1010.5,7.5,0.0,6.3
2024-05-28 14:00:00,14.3,75.9,1009.0,7.7,0.0,6.3
2024-05-28 15:00:00,14.9,71.9,1010.0,7.4,0.0,5.6
2024-05-28 16:00:00,14.1,74.0,1010.6,14.3,0.0,5.2
2024-05-28 17:00:00,12.7,71.2,1007.8,10.9,0.0,3.8
2024-05-28 18:00:00,10.4,73.6,1008.6,13.0,0.0,3.0
2024-05-28 19:00:00,9.7,75.7,1008.6,16.8,0.0,1.3
2024-05-28 20:00:00,7.5,73.1,1012.1,10.8,0.0,0
2024-05-28 21:00:00,7.2,73.3,1012.1,13.6,0.0,0.0
2024-05-28 22:00:00,5.2,77.8,1008.6,8.9,1.7,0.0
2024-05-28 23:00:00,5.4,79.0,1007.7,11.5,0.0,0.0
2024-05-29 00:00:00,4.7,80.6,1007.9,8.3,0.0,0.0
2024-05-29 01:00:00,5.0,83.8,1007.8,11.1,1.8,0.0
2024-05-29 02:00:00,5.1,84.0,1007.8,8.1,0.0,0.0
2024-05-29 03:00:00,6.6,85.6,1009.4,5.2,0.0,0.0
2024-05-29 04:00:00,7.1,83.8,1009.6,7.5,0.8,0.0
2024-05-29 05:00:00,,85.6,1007.8,2.8,0.0,0.0
2024-05-29 06:00:00,11.0,84.0,1010.2,2.2,0.0,0.1
2024-05-29 07:00:00,11.5,84.9,1008.8,3.0,0.0,1.5
2024-05-29 08:00:00,12.0,84.2,1008.7,3.4,4.1,2.7
2024-05-29 09:00:00,15.0,82.3,1009.1,2.5,0.0,4.1
2024-05-29 10:00:00,14.9,81.6,1010.6,5.4,0.0,4.7
2024-05-29 11:00:00,17.4,81.0,1008.2,3.4,0.0,5.8
2024-05-29 12:00:00,15.7,78.2,1008.5,4.1,0.0,5.8
2024-05-29 13:00:00,,76.0,1009.5,8.6,0.0,6.1
2024-05-29 14:00:00,15.0,71.0,1008.4,8.0,2.3,6.0
2024-05-29 15:00:00,15.2,72.2,1011.0,7.2,0.0,5.5
2024-05-29 16:00:00,13.0,75.3,1009.6,11.5,0.0,5.0
2024-05-29 17:00:00,11.6,,1006.9,8.8,0.0,3.9
2024-05-29 18:00:00,9.6,73.9,1010.0,20.6,1.2,2.6
2024-05-29 19:00:00,9.4,73.9,1007.2,13.1,0.0,1.7
2024-05-29 20:00:00,6.3,74.7,1009.5,12.7,0.0,0.3
2024-05-29 21:00:00,6.8,75.9,1006.9,13.6,0.0,0.0
2024-05-29 22:00:00,5.3,81.1,1009.9,9.6,0.0,0.0
2024-05-29 23:00:00,5.5,77.0,1010.7,13.3,0.0,0.0
2024-05-30 00:00:00,5.2,80.7,1009.5,7.0,0.0,0.0
2024-05-30 01:00:00,3.3,86.2,1008.0,8.3,0.0,0.0
2024-05-30 02:00:00,6.0,86.1,1010.6,8.7,0.0,0.0
2024-05-30 03:00:00,6.6,85.0,1006.6,7.8,0.0,0.0
2024-05-30 04:00:00,7.3,88.0,1010.9,9.7,0.0,0.0
2024-05-30 05:00:00,9.3,89.7,1008.4,3.3,0.0,0.0
2024-05-30 06:00:00,11.2,86.5,1008.2,3.2,0.0,0.2
2024-05-30 07:00:00,11.5,81.6,1006.8,3.6,2.7,1.3
2024-05-30 08:00:00,13.2,85.7,1008.8,1.2,0.0,2.5
2024-05-30 09:00:00,13.4,85.1,1009.0,2.7,0.0,4.0
2024-05-30 10:00:00,14.5,80.5,1009.7,4.7,0.0,4.7
2024-05-30 11:00:00,16.8,78.7,1007.8,5.4,0.0,5.5
2024-05-30 12:00:00,16.0,78.0,1007.6,9.7,0.0,5.7
2024-05-30 13:00:00,15.5,79.1,1010.0,7.1,0.0,6.5
2024-05-30 14:00:00,15.1,72.4,1009.8,4.1,0.0,5.9
2024-05-30 15:00:00,14.7,72.0,1009.3,7.6,0.0,6.1
2024-05-30 16:00:00,13.1,71.5,1008.1,14.7,0.0,4.8
2024-05-30 17:00:00,12.8,68.4,1006.2,7.4,0.0,4.0
2024-05-30 18:00:00,9.5,68.4,1009.2,11.1,5.0,2.5
2024-05-30 19:00:00,10.1,71.7,1007.4,16.2,4.4,1.3
2024-05-30 20:00:00,6.3,77.2,1011.0,13.1,0.0,0
2024-05-30 21:00:00,7.0,75.0,1009.1,9.0,0.0,0.0
2024-05-30 22:00:00,4.9,78.9,1011.6,6.3,0.0,0.0
2024-05-30 23:00:00,5.6,76.9,1008.0,12.4,0.0,0.0
2024-05-31 00:00:00,3.9,82.3,1009.6,12.6,0.0,0.0
2024-05-31 01:00:00,5.1,83.3,1008.5,9.4,0.0,0.0
2024-05-31 02:00:00,5.9,85.1,1008.1,11.0,4.5,0.0
2024-05-31 03:00:00,7.3,86.8,1007.6,4.5,0.0,0.0
2024-05-31 04:00:00,6.0,86.5,1009.4,6.2,0.0,0.0
2024-05-31 05:00:00,8.5,86.1,1010.7,4.6,0.0,0.0
2024-05-31 06:00:00,11.1,88.7,1008.6,3.2,4.4,0.2
31/05/2024 07:00,11.2,88.4,1007.7,2.2,3.0,1.6
2024-05-31 08:00:00,12.6,84.8,1010.6,2.6,3.5,2.6
2024-05-31 09:00:00,14.7,80.5,1009.1,2.4,0.0,3.4
2024-05-31 10:00:00,14.6,78.3,1008.4,3.6,0.0,4.7
2024-05-31 11:00:00,16.4,77.9,1011.4,6.7,6.1,5.8
2024-05-31 12:00:00,16.9,,1008.5,5.9,0.0,5.7
2024-05-31 13:00:00,16.4,77.0,1007.0,4.9,0.0,6.1
2024-05-31 14:00:00,14.2,75.7,1007.0,9.2,0.0,5.7
2024-05-31 15:00:00,13.1,71.7,1012.9,13.5,1.1,5.7
2024-05-31 16:00:00,12.0,75.5,1006.9,7.4,0.0,4.6
2024-05-31 17:00:00,11.8,73.8,1006.5,22.2,0.0,3.5
2024-05-31 18:00:00,11.0,71.7,1009.0,9.1,0.0,2.7
2024-05-31 19:00:00,8.3,,1006.2,8.3,0.0,1.4
2024-05-31 20:00:00,7.2,76.4,1010.9,20.4,0.0,0
2024-05-31 21:00:00,6.3,76.1,1010.8,8.8,0.0,0.0
2024-05-31 22:00:00,6.6,77.2,1008.0,18.6,0.0,0.0
2024-05-31 23:00:00,4.6,80.4,1009.4,10.9,0.0,0.0
2024-06-01 00:00:00,,84.3,1005.9,13.0,0.0,0.0
2024-06-01 01:00:00,4.4,87.6,1007.9,8.1,0.0,0.0
2024-06-01 02:00:00,6.2,84.8,1008.3,10.0,0.0,0.0
01/06/2024 03:00,7.3,88.8,1008.4,7.6,0.0,0.0
2024-06-01 04:00:00,7.6,86.7,1007.5,3.4,0.0,0.0
2024-06-01 05:00:00,9.1,89.9,1008.5,4.0,6.0,0.0
2024-06-01 06:00:00,9.6,90.4,1008.2,5.5,0.0,0
2024-06-01 07:00:00,11.6,85.4,1009.3,4.4,0.0,1.6
2024-06-01 08:00:00,13.4,86.1,1010.3,3.6,1.2,2.7
2024-06-01 09:00:00,14.0,84.8,1005.5,3.0,0.0,3.8
2024-06-01 10:00:00,13.9,84.0,1011.0,3.8,0.6,4.5
2024-06-01 11:00:00,14.8,81.6,1007.6,2.7,0.0,5.4
2024-06-01 12:00:00,14.8,78.6,1007.3,5.3,0.0,6.0
2024-06-01 13:00:00,15.0,71.6,1010.2,4.6,0.0,5.9
2024-06-01 14:00:00,16.0,71.4,1007.4,5.4,0.0,6.2
2024-06-01 15:00:00,14.0,69.7,1007.1,15.8,0.0,5.6
2024-06-01 16:00:00,13.1,74.2,1009.2,7.3,0.0,4.5
2024-06-01 17:00:00,10.8,73.3,1006.0,6.8,0.0,3.8
2024-06-01 18:00:00,10.4,71.4,1006.0,12.3,0.0,2.9
2024-06-01 19:00:00,9.7,75.5,1008.9,11.0,0.0,0.9
01/06/2024 20:00,7.7,76.8,1008.2,17.3,0.0,0.1
2024-06-01 21:00:00,6.8,76.4,1010.9,13.3,3.9,0.0
2024-06-01 22:00:00,5.8,79.7,1009.0,14.9,0.0,0.0
2024-06-01 23:00:00,4.4,81.8,1006.9,10.5,0.0,0.0
2024-06-02 00:00:00,5.4,79.7,1009.5,5.2,0.0,0.0
2024-06-02 01:00:00,4.9,83.3,1008.8,4.8,0.0,0.0
2024-06-02 02:00:00,5.7,84.6,1009.8,6.4,0.0,0.0
2024-06-02 03:00:00,5.7,89.4,1009.7,4.1,0.0,0.0
2024-06-02 04:00:00,7.2,84.1,1007.5,10.0,0.0,0.0
2024-06-02 05:00:00,9.1,90.1,1006.6,5.5,0.0,0.0
2024-06-02 06:00:00,9.9,86.4,1006.9,2.1,0.0,0
2024-06-02 07:00:00,10.7,87.0,1006.6,2.2,0.0,1.1
2024-06-02 08:00:00,12.2,85.9,1009.5,2.8,0.0,2.8
2024-06-02 09:00:00,14.3,83.3,1010.0,1.4,0.0,4.1
02/06/2024 10:00,15.0,76.0,1008.2,2.3,0.0,5.0
2024-06-02 11:00:00,16.1,79.1,1006.6,4.9,0.0,5.4
2024-06-02 12:00:00,14.0,76.7,1009.8,6.7,0.0,6.1
2024-06-02 13:00:00,15.9,76.1,1005.8,7.1,0.1,5.8
2024-06-02 14:00:00,15.5,76.4,1010.2,7.8,0.0,6.1
2024-06-02 15:00:00,14.1,73.0,1010.9,6.9,0.0,5.3
2024-06-02 16:00:00,14.3,73.5,1011.2,5.0,0.0,4.7
2024-06-02 17:00:00,12.6,73.9,1007.8,13.2,0.0,4.3
2024-06-02 18:00:00,9.7,73.1,1008.2,14.3,0.0,2.9
2024-06-02 19:00:00,8.2,74.4,1010.7,11.7,0.4,1.2
2024-06-02 20:00:00,8.0,75.5,1007.5,7.0,0.0,0.1
2024-06-02 21:00:00,6.4,77.9,1010.2,9.8,0.0,0.0
2024-06-02 22:00:00,4.7,80.2,1007.6,7.1,0.0,0.0
2024-06-02 23:00:00,4.4,83.7,1012.0,12.6,0.0,0.0
2024-06-03 00:00:00,4.7,83.1,1008.3,20.3,0.0,0.0
2024-06-03 01:00:00,5.5,79.4,1008.8,5.4,0.0,0.0
2024-06-03 02:00:00,4.0,89.7,1009.8,5.7,0.0,0.0
2024-06-03 03:00:00,5.6,87.0,1007.4,3.2,0.0,0.0
2024-06-03 04:00:00,8.1,85.5,1010.4,5.3,0.0,0.0
2024-06-03 05:00:00,8.1,87.1,1006.2,3.1,0.0,0.0
2024-06-03 06:00:00,9.2,86.6,1008.4,2.3,0.0,0
2024-06-03 07:00:00,11.3,85.1,1010.0,3.1,1.6,1.0
2024-06-03 08:00:00,11.3,86.9,1010.7,2.2,0.0,3.1
2024-06-03 09:00:00,14.0,82.2,1010.6,2.9,0.0,4.0
03/06/2024 10:00,14.9,80.2,1007.6,2.4,0.0,4.8
2024-06-03 11:00:00,16.2,79.6,1011.0,3.8,0.0,5.8
03/06/2024 12:00,15.9,76.6,1008.7,7.0,0.0,5.5
2024-06-03 13:00:00,15.0,75.6,1006.2,10.6,0.0,6.3
2024-06-03 14:00:00,14.8,76.6,1006.7,,0.0,5.8
2024-06-03 15:00:00,13.4,73.7,1009.2,10.9,0.0,5.2
2024-06-03 16:00:00,13.3,74.4,1010.1,10.6,2.3,4.9
2024-06-03 17:00:00,11.2,72.1,1006.0,10.4,0.2,3.5
2024-06-03 18:00:00,9.5,72.2,1007.1,18.4,0.0,2.6
2024-06-03 19:00:00,8.4,74.1,1009.9,7.0,0.0,1.4
2024-06-03 20:00:00,7.3,71.9,1008.5,13.4,0.0,0.2
2024-06-03 21:00:00,6.0,75.7,1007.6,11.6,0.0,0.0
2024-06-03 22:00:00,6.0,80.0,1006.4,6.0,0.0,0.0
2024-06-03 23:00:00,4.8,84.0,1006.2,12.4,0.0,0.0
2024-06-04 00:00:00,2.9,85.9,1008.7,13.5,0.0,0.0
2024-06-04 01:00:00,4.6,86.4,1006.6,10.5,0.0,0.0
2024-06-04 02:00:00,5.7,88.2,1009.7,8.4,0.0,0.0
2024-06-04 03:00:00,5.6,91.1,1005.4,6.3,0.0,0.0
2024-06-04 04:00:00,7.9,87.0,1008.6,9.1,0.0,0.0
2024-06-04 05:00:00,8.7,86.7,1008.3,2.3,0.0,0.0
2024-06-04 06:00:00,10.3,86.9,1005.9,2.4,0.0,0.0
2024-06-04 07:00:00,9.6,86.6,1007.8,2.9,0.0,1.3
2024-06-04 08:00:00,12.1,83.7,1010.7,1.6,4.8,2.6
2024-06-04 09:00:00,13.1,84.3,1009.1,2.2,0.0,3.9
2024-06-04 10:00:00,13.5,83.6,1011.3,3.0,0.0,4.6
2024-06-04 11:00:00,14.3,82.6,1006.0,1.9,0.0,5.2
2024-06-04 12:00:00,15.8,76.3,1008.2,6.8,0.0,5.7
2024-06-04 13:00:00,14.6,78.0,1008.7,3.8,0.0,5.8
2024-06-04 14:00:00,,75.6,1008.8,7.3,11.6,6.2
2024-06-04 15:00:00,12.6,74.3,1008.3,7.8,0.0,5.0
2024-06-04 16:00:00,12.3,75.0,1009.0,7.5,0.0,4.6
2024-06-04 17:00:00,11.3,70.1,1008.6,22.0,0.0,3.9
2024-06-04 18:00:00,8.9,75.6,1005.7,7.4,5.9,2.3
2024-06-04 19:00:00,8.4,72.9,1008.5,7.8,0.0,1.5
2024-06-04 20:00:00,7.2,78.1,1013.3,11.4,0.0,0
2024-06-04 21:00:00,5.1,79.0,1008.7,16.5,0.0,0.0
2024-06-04 22:00:00,4.0,82.1,1010.3,7.7,0.0,0.0
2024-06-04 23:00:00,4.2,81.9,1008.8,16.2,0.0,0.0
2024-06-05 00:00:00,4.7,82.3,1005.6,9.6,0.0,0.0
2024-06-05 01:00:00,3.5,87.7,1007.4,7.4,0.0,0.0
2024-06-05 02:00:00,4.6,86.2,1008.1,8.8,0.0,0.0
2024-06-05 03:00:00,5.8,86.1,1008.4,9.3,5.5,0.0
2024-06-05 04:00:00,7.9,90.5,1010.7,2.3,0.0,0.0
2024-06-05 05:00:00,9.6,85.1,1009.7,4.2,0.0,0.0
2024-06-05 06:00:00,9.9,88.5,1008.9,4.3,0.0,0.2
2024-06-05 07:00:00,9.7,91.0,1007.0,2.4,0.0,1.5
2024-06-05 08:00:00,12.5,84.3,1007.0,1.9,0.0,2.9
2024-06-05 09:00:00,13.7,84.7,1007.8,3.3,0.0,3.8
2024-06-05 10:00:00,13.7,82.2,1008.7,2.1,0.0,4.1
2024-06-05 11:00:00,14.4,81.8,1010.7,2.1,0.0,5.4
2024-06-05 12:00:00,14.8,76.1,1011.2,5.3,0.0,5.5
2024-06-05 13:00:00,15.1,74.1,1006.8,7.0,0.0,5.8
2024-06-05 14:00:00,14.3,76.2,1006.8,5.7,1.3,5.9
2024-06-05 15:00:00,13.1,73.8,1009.6,6.9,0.0,5.5
2024-06-05 16:00:00,12.8,72.2,1007.9,9.3,0.0,4.4
2024-06-05 17:00:00,11.2,74.1,1007.7,15.5,0.0,3.3
2024-06-05 18:00:00,10.2,72.4,1010.3,10.7,0.0,2.4
2024-06-05 19:00:00,7.4,77.3,1009.3,15.2,0.0,1.4
2024-06-05 20:00:00,7.0,73.4,1006.4,13.3,0.0,0.4
2024-06-05 21:00:00,27.6,76.4,1008.7,11.1,0.0,0.0
2024-06-05 22:00:00,3.6,78.1,1007.4,9.5,0.0,0.0
2024-06-05 23:00:00,3.5,80.4,1006.7,12.1,0.0,0.0
06/06/2024 00:00,2.4,84.4,1004.8,9.3,0.0,0.0
2024-06-06 01:00:00,3.6,85.6,1006.1,6.5,0.0,0.0
2024-06-06 02:00:00,3.3,88.0,1010.0,5.2,0.0,0.0
2024-06-06 03:00:00,6.4,87.2,1009.6,3.1,0.0,0.0
2024-06-06 04:00:00,7.1,89.1,1010.2,4.6,0.0,0.0
2024-06-06 05:00:00,8.0,91.4,1007.7,4.9,4.3,0.0
2024-06-06 06:00:00,10.2,87.6,1004.7,2.2,0.0,0.5
2024-06-06 07:00:00,10.7,85.9,1005.2,2.2,0.0,1.2
2024-06-06 08:00:00,12.7,83.0,1007.3,3.0,10.1,2.5
2024-06-06 09:00:00,12.5,84.4,1008.6,1.6,0.0,4.1
2024-06-06 10:00:00,13.1,80.1,1008.9,3.0,0.0,4.4
2024-06-06 11:00:00,15.2,81.3,1007.9,3.7,0.0,5.1
2024-06-06 12:00:00,14.7,78.9,1012.5,5.3,2.8,5.7
2024-06-06 13:00:00,15.3,75.5,1010.1,5.4,0.0,5.9
2024-06-06 14:00:00,13.8,73.1,1008.5,4.8,0.0,5.8
2024-06-06 15:00:00,13.5,72.5,1008.7,7.7,0.0,5.3
2024-06-06 16:00:00,12.3,72.4,1007.1,6.0,0.0,4.5
2024-06-06 17:00:00,9.9,71.1,1010.4,13.9,0.3,3.6
06/06/2024 18:00,10.1,73.0,1011.1,7.4,2.6,2.9
2024-06-06 19:00:00,7.7,79.9,1009.2,19.1,0.0,1.0
2024-06-06 20:00:00,6.5,74.6,1007.8,22.9,0.0,0
2024-06-06 21:00:00,4.4,77.6,1005.3,11.8,0.0,0.0
2024-06-06 22:00:00,4.7,,1007.9,9.0,0.0,0.0
2024-06-06 23:00:00,3.9,82.9,1008.7,12.3,0.0,0.0
2024-06-07 00:00:00,4.6,86.5,1009.6,9.3,0.0,0.0
2024-06-07 01:00:00,5.1,82.5,1006.8,10.7,0.1,0.0
2024-06-07 02:00:00,4.9,86.6,1010.0,5.5,0.0,0.0
2024-06-07 03:00:00,5.9,86.1,1008.0,4.0,0.0,0.0
2024-06-07 04:00:00,7.5,105,1007.2,5.9,0.0,0.0
2024-06-07 05:00:00,8.5,88.8,1009.3,4.1,0.0,0.0
07/06/2024 06:00,8.0,87.0,1005.4,2.7,6.5,0
2024-06-07 07:00:00,9.7,86.0,1011.2,,0.0,1.5
07/06/2024 08:00,12.1,87.0,1008.8,2.2,0.0,2.6
2024-06-07 09:00:00,13.9,82.3,1008.7,3.4,0.0,3.5
2024-06-07 10:00:00,14.1,81.9,1009.9,2.4,0.0,4.6
2024-06-07 11:00:00,13.5,78.4,1008.6,2.6,0.0,5.1
2024-06-07 12:00:00,15.5,79.6,1007.1,4.5,0.0,5.8
2024-06-07 13:00:00,15.4,74.2,1009.4,8.6,0.0,6.0
2024-06-07 14:00:00,12.9,73.8,1004.8,4.0,0.0,5.7
2024-06-07 15:00:00,12.8,73.1,1008.4,8.7,0.0,5.5
2024-06-07 16:00:00,11.7,73.0,1008.6,18.9,0.0,5.1
2024-06-07 17:00:00,10.5,72.8,1007.4,4.7,0.0,3.7
2024-06-07 18:00:00,9.6,71.4,1005.8,5.8,0.0,2.7
2024-06-07 19:00:00,,73.9,1008.4,6.8,0.0,1.5
2024-06-07 20:00:00,5.2,76.6,1010.1,23.5,0.0,0
2024-06-07 21:00:00,4.4,77.8,1005.0,16.0,0.0,0.0
2024-06-07 22:00:00,2.9,80.0,1010.8,10.5,3.8,0.0
2024-06-07 23:00:00,5.3,81.2,1007.5,17.4,0.0,0.0
2024-06-08 00:00:00,4.9,83.8,1007.6,9.1,0.0,0.0
2024-06-08 01:00:00,3.0,85.1,1010.8,21.7,0.0,0.0
2024-06-08 02:00:00,3.9,88.9,1010.4,8.7,0.0,0.0
08/06/2024 03:00,4.9,86.8,1008.3,6.7,0.0,0.0
2024-06-08 04:00:00,5.8,88.5,1008.3,3.4,0.0,0.0
08/06/2024 05:00,6.5,90.9,1008.6,1.9,0.0,0.0
08/06/2024 06:00,9.0,86.1,1007.8,2.9,0.0,0
2024-06-08 07:00:00,10.5,86.2,1007.8,2.1,0.0,1.1
2024-06-08 08:00:00,11.4,85.0,1011.6,1.5,0.0,2.7
2024-06-08 09:00:00,12.9,83.9,1008.2,2.8,7.7,3.6
08/06/2024 10:00,14.7,83.0,1008.0,2.3,0.0,4.6
2024-06-08 11:00:00,16.3,77.3,1008.6,3.7,0.0,5.0
2024-06-08 12:00:00,15.8,74.6,1008.5,4.0,0.0,5.6
2024-06-08 13:00:00,15.0,72.3,1008.5,9.9,0.0,5.8
2024-06-08 14:00:00,14.2,74.3,1008.9,10.2,8.1,5.3
2024-06-08 15:00:00,12.5,74.7,1006.7,8.4,0.0,5.5
2024-06-08 16:00:00,11.2,77.0,1007.7,9.2,1.9,5.1
2024-06-08 17:00:00,11.3,73.6,1010.1,10.6,0.0,3.9
2024-06-08 18:00:00,10.7,71.5,1009.4,14.4,0.0,3.0
08/06/2024 19:00,7.4,73.7,1008.6,10.0,0.0,1.0
2024-06-08 20:00:00,6.2,78.1,1008.7,13.3,0.0,0
2024-06-08 21:00:00,4.4,80.0,1009.6,19.8,0.0,0.0
2024-06-08 22:00:00,5.9,80.5,1005.3,6.4,0.0,0.0
2024-06-08 23:00:00,2.1,82.5,1010.2,7.6,0.0,0.0
2024-06-09 00:00:00,3.8,83.4,1005.0,9.5,0.0,0.0
2024-06-09 01:00:00,3.4,88.0,1009.2,9.8,4.1,0.0
2024-06-09 02:00:00,4.5,89.2,1008.8,4.5,1.0,0.0
2024-06-09 03:00:00,5.7,88.8,1007.6,6.9,0.0,0.0
2024-06-09 04:00:00,6.7,89.6,1009.7,4.9,0.0,0.0
2024-06-09 05:00:00,7.8,91.5,1007.7,4.7,0.0,0.0
2024-06-09 06:00:00,9.4,89.0,1011.3,2.2,0.0,0.0
2024-06-09 07:00:00,10.8,88.9,1008.3,1.2,0.0,1.2
2024-06-09 08:00:00,11.4,85.0,1009.1,4.2,0.8,2.7
2024-06-09 09:00:00,13.0,84.0,1010.7,3.8,0.0,4.1
2024-06-09 10:00:00,13.9,83.1,1010.4,3.1,0.0,4.3
2024-06-09 11:00:00,15.2,78.5,1008.6,5.7,0.0,5.2
2024-06-09 12:00:00,14.2,80.0,1008.6,5.5,0.0,6.1
2024-06-09 13:00:00,14.9,77.0,1009.8,7.0,0.0,5.7
2024-06-09 14:00:00,14.6,77.3,1009.4,8.1,4.6,5.9
2024-06-09 15:00:00,12.9,74.2,1007.5,6.3,0.0,5.3
2024-06-09 16:00:00,11.7,71.0,1009.3,14.3,0.0,4.5
09/06/2024 17:00,10.1,74.0,1011.5,12.4,0.0,4.2
2024-06-09 18:00:00,9.5,75.1,1006.3,12.5,0.0,3.0
2024-06-09 19:00:00,7.6,77.1,1008.3,10.2,0.0,1.4
2024-06-09 20:00:00,6.6,76.7,1007.6,24.0,0.0,0
2024-06-09 21:00:00,5.5,79.7,1009.6,6.0,0.0,0.0
2024-06-09 22:00:00,4.5,78.3,1007.9,16.0,0.0,0.0
2024-06-09 23:00:00,3.7,81.1,1010.0,8.1,0.0,0.0
2024-06-10 00:00:00,2.9,84.9,1008.9,16.0,1.5,0.0
10/06/2024 01:00,2.8,85.6,1011.8,8.2,0.0,0.0
2024-06-10 02:00:00,4.2,87.2,1007.3,8.6,4.3,0.0
2024-06-10 03:00:00,5.1,85.9,1010.4,4.1,0.0,0.0
2024-06-10 04:00:00,6.3,90.8,1009.8,6.3,0.0,0.0
2024-06-10 05:00:00,7.2,89.7,1009.4,3.0,2.3,0.0
2024-06-10 06:00:00,9.9,86.5,1005.6,4.0,1.1,0.3
2024-06-10 07:00:00,9.8,86.2,1006.0,2.6,0.0,1.2
2024-06-10 08:00:00,11.8,87.5,1010.0,2.4,1.0,2.4
2024-06-10 09:00:00,12.7,80.7,1006.1,2.5,0.0,3.5
2024-06-10 10:00:00,13.7,83.5,1008.8,3.6,0.0,4.6
2024-06-10 11:00:00,14.5,81.8,1009.5,2.7,3.5,5.2
2024-06-10 12:00:00,14.1,73.6,1009.1,5.6,0.0,5.1
2024-06-10 13:00:00,12.8,79.4,1007.1,6.4,0.0,5.2
2024-06-10 14:00:00,14.4,73.8,1008.3,3.5,6.8,5.7
2024-06-10 15:00:00,12.7,76.5,1005.8,8.3,0.0,5.0
2024-06-10 16:00:00,11.7,0,1008.4,9.4,0.0,4.3
2024-06-10 17:00:00,11.3,72.9,1011.7,4.3,0.0,3.6
2024-06-10 18:00:00,10.0,72.8,1010.3,11.1,0.0,2.8
2024-06-10 19:00:00,7.6,74.7,1005.6,9.9,0.0,1.3
2024-06-10 20:00:00,5.2,80.9,1007.4,14.5,0.0,0
2024-06-10 21:00:00,3.8,79.0,1007.4,6.8,0.0,0.0
2024-06-10 22:00:00,4.6,80.1,1010.6,10.1,0.0,0.0
2024-06-10 23:00:00,2.7,80.6,1009.3,8.3,0.0,0.0
2024-06-11 00:00:00,2.5,84.9,1007.6,6.9,0.0,0.0
2024-06-11 01:00:00,3.2,83.8,1008.7,15.5,7.7,0.0
2024-06-11 02:00:00,4.3,87.5,1009.5,8.6,0.0,0.0
2024-06-11 03:00:00,5.3,87.9,1007.9,3.5,0.0,0.0
2024-06-11 04:00:00,6.9,90.3,1010.2,5.7,0.0,0.0
11/06/2024 05:00,7.5,91.2,1008.0,3.4,0.0,0.0
11/06/2024 06:00,9.1,88.4,1008.0,2.2,0.0,0
2024-06-11 07:00:00,10.0,85.5,1007.6,3.1,0.0,1.4
2024-06-11 08:00:00,11.0,85.4,1007.9,2.7,0.0,2.5
2024-06-11 09:00:00,13.0,85.4,1009.9,2.2,0.0,3.6
2024-06-11 10:00:00,12.0,83.1,1008.1,2.4,0.0,4.3
2024-06-11 11:00:00,14.7,77.5,1007.8,2.6,0.0,4.8
2024-06-11 12:00:00,14.0,77.7,1006.4,5.0,0.0,5.6
2024-06-11 13:00:00,14.8,75.8,1011.5,5.9,0.0,5.4
2024-06-11 14:00:00,14.4,73.4,1007.1,8.6,0.0,5.6
2024-06-11 15:00:00,11.7,75.2,1006.7,11.8,9.4,5.2
2024-06-11 16:00:00,12.8,75.5,1007.8,19.2,2.1,4.6
2024-06-11 17:00:00,9.9,74.8,1011.3,8.7,0.0,3.9
2024-06-11 18:00:00,8.8,74.7,1009.5,16.3,0.0,2.6
2024-06-11 19:00:00,8.3,75.4,1005.5,8.2,0.0,1.2
2024-06-11 20:00:00,6.9,76.0,1007.0,12.2,0.0,0.0
2024-06-11 21:00:00,5.0,78.4,1009.2,11.3,0.8,0.0
11/06/2024 22:00,4.8,79.6,1007.8,8.0,0.0,0.0
2024-06-11 23:00:00,3.8,83.0,1008.9,11.3,14.3,0.0
2024-06-12 00:00:00,3.5,84.4,1009.6,13.3,0.0,0.0
2024-06-12 01:00:00,3.5,85.7,1009.1,4.6,0.0,0.0
2024-06-12 02:00:00,3.5,87.7,1010.4,5.9,0.0,0.0
2024-06-12 03:00:00,4.2,89.6,1007.9,6.5,0.0,0.0
12/06/2024 04:00,7.5,89.1,1007.0,5.8,0.0,0.0
2024-06-12 05:00:00,7.4,88.1,1007.6,6.6,1.9,0.0
2024-06-12 06:00:00,7.6,88.1,1006.2,2.2,0.0,0.3
2024-06-12 07:00:00,10.8,85.8,1006.5,5.6,0.0,1.3
2024-06-12 08:00:00,11.0,86.9,1006.5,1.8,0.0,2.8
2024-06-12 09:00:00,12.0,85.2,1007.6,3.7,0.0,3.5
2024-06-12 10:00:00,14.0,81.8,1007.4,3.9,0.0,4.4
2024-06-12 11:00:00,14.1,79.5,1007.9,3.0,0.0,5.3
2024-06-12 12:00:00,12.8,81.0,1008.2,9.3,0.0,5.2
2024-06-12 13:00:00,13.9,,1010.6,4.3,2.3,5.7
2024-06-12 14:00:00,13.1,75.9,1006.9,7.1,0.0,5.1
2024-06-12 15:00:00,13.3,73.9,1008.2,9.0,0.0,5.2
2024-06-12 16:00:00,11.5,74.3,1011.9,15.0,0.0,4.5
2024-06-12 17:00:00,11.1,73.2,1008.7,17.5,0.0,3.4
2024-06-12 18:00:00,9.0,76.8,1006.1,8.3,0.0,2.5
12/06/2024 19:00,7.1,78.3,1005.4,20.2,0.0,1.4
2024-06-12 20:00:00,5.4,75.9,1009.3,23.8,0.0,0.3
2024-06-12 21:00:00,5.2,79.9,1008.7,18.6,0.0,0.0
2024-06-12 22:00:00,4.6,79.8,1009.9,13.5,0.0,0.0
2024-06-12 23:00:00,2.6,78.4,1012.1,9.9,0.5,0.0
2024-06-13 00:00:00,4.4,85.4,1006.8,7.8,0.0,0.0
2024-06-13 01:00:00,3.3,87.6,1010.0,4.4,0.0,0.0
2024-06-13 02:00:00,3.8,85.7,1009.2,6.2,0.0,0.0
2024-06-13 03:00:00,4.3,89.5,1005.6,5.1,0.0,0.0
2024-06-13 04:00:00,6.1,90.4,1009.1,6.6,1.6,0.0
2024-06-13 05:00:00,7.3,89.1,1006.9,3.3,0.0,0.0
2024-06-13 06:00:00,8.3,90.5,1009.8,3.5,3.7,0
2024-06-13 07:00:00,9.2,83.8,1006.0,2.2,0.0,1.1
13/06/2024 08:00,11.2,87.5,1011.9,1.6,0.0,2.7
2024-06-13 09:00:00,11.4,83.8,1006.3,3.7,3.0,3.7
2024-06-13 10:00:00,12.7,81.0,1009.2,5.1,0.0,4.3
2024-06-13 11:00:00,13.6,79.9,1008.1,5.3,0.9,5.0
2024-06-13 12:00:00,13.9,77.5,1008.6,4.4,0.0,5.2
2024-06-13 13:00:00,14.6,77.8,1009.8,9.4,0.0,6.1
2024-06-13 14:00:00,13.4,77.8,1008.2,11.0,0.0,5.5
2024-06-13 15:00:00,10.9,74.7,1009.1,17.2,0.0,5.3
2024-06-13 16:00:00,10.7,73.9,1008.3,13.4,0.0,4.1
2024-06-13 17:00:00,9.5,74.6,1008.9,15.8,5.9,3.3
2024-06-13 18:00:00,7.8,71.6,1006.7,11.8,0.0,2.3
2024-06-13 19:00:00,7.0,75.6,1007.8,15.9,0.0,1.1
2024-06-13 20:00:00,4.9,77.3,1007.0,24.4,0.0,0.2
2024-06-13 21:00:00,5.9,79.3,1007.2,6.7,0.0,0.0
2024-06-13 22:00:00,4.3,81.9,1006.7,14.9,0.0,0.0
2024-06-13 23:00:00,2.7,84.9,1007.9,11.5,1.6,0.0
2024-06-14 00:00:00,3.9,88.8,1010.8,7.3,0.0,0.0
2024-06-14 01:00:00,3.0,83.7,1008.0,8.8,0.0,0.0
14/06/2024 02:00,26.8,86.1,1007.8,8.3,0.0,0.0
2024-06-14 03:00:00,4.4,88.2,1007.9,5.6,0.0,0.0
2024-06-14 04:00:00,6.2,87.7,1009.0,5.1,0.0,0.0
2024-06-14 05:00:00,7.7,88.5,1008.5,5.7,0.0,0.0
2024-06-14 06:00:00,8.5,89.7,1008.6,2.9,0.0,0.3
2024-06-14 07:00:00,10.1,87.7,1008.5,3.5,0.0,1.5
2024-06-14 08:00:00,11.9,84.3,1008.6,6.5,0.0,2.4
2024-06-14 09:00:00,11.7,87.5,1008.3,2.3,0.0,3.4
2024-06-14 10:00:00,11.6,82.6,1006.1,4.0,0.6,4.4
2024-06-14 11:00:00,13.3,84.5,1007.8,3.8,0.0,5.2
2024-06-14 12:00:00,14.0,74.7,1006.7,3.8,0.0,5.3
2024-06-14 13:00:00,13.5,76.1,1009.8,4.6,0.0,5.5
2024-06-14 14:00:00,13.2,75.4,1007.9,5.4,1.6,5.4
2024-06-14 15:00:00,13.8,72.5,1006.6,9.6,1.4,5.1
2024-06-14 16:00:00,-6.5,75.5,1008.2,7.8,0.0,3.9
14/06/2024 17:00,10.0,75.9,1008.8,22.6,0.0,3.6
2024-06-14 18:00:00,9.7,76.3,1008.2,12.1,0.0,2.4
2024-06-14 19:00:00,6.3,75.1,1009.8,12.5,0.0,1.0
2024-06-14 20:00:00,7.0,75.2,1008.0,6.7,0.0,0
2024-06-14 21:00:00,4.9,79.0,1008.2,6.0,0.0,0.0
2024-06-14 22:00:00,4.9,82.4,1006.4,10.8,0.0,0.0
2024-06-14 23:00:00,2.9,81.4,1007.7,8.4,0.0,0.0
2024-06-15 00:00:00,3.8,80.9,1006.9,9.0,0.0,0.0
2024-06-15 01:00:00,3.3,88.2,1008.7,6.1,0.0,0.0
15/06/2024 02:00,4.2,89.3,1010.5,6.3,8.2,0.0
2024-06-15 03:00:00,4.6,91.9,1008.2,3.2,0.0,0.0
2024-06-15 04:00:00,5.6,90.2,1009.6,3.9,0.0,0.0
2024-06-15 05:00:00,7.1,89.5,1010.2,5.3,4.2,0.0
2024-06-15 06:00:00,8.9,89.0,1009.7,3.6,0.0,0
2024-06-15 07:00:00,9.8,90.0,1005.7,3.6,0.0,1.3
2024-06-15 08:00:00,11.3,87.2,1008.4,3.7,0.0,2.8
2024-06-15 09:00:00,12.7,85.5,1009.3,1.8,0.8,3.6
2024-06-15 10:00:00,13.7,82.0,1007.2,6.1,0.0,4.4
2024-06-15 11:00:00,13.1,85.6,1007.0,4.5,0.0,4.9
2024-06-15 12:00:00,13.0,77.2,1005.1,5.1,0.0,5.9
2024-06-15 13:00:00,14.4,75.9,1007.6,4.5,0.0,5.8
2024-06-15 14:00:00,12.5,78.0,1009.1,11.2,0.0,5.6
2024-06-15 15:00:00,12.8,75.5,1007.8,8.7,0.0,4.7
2024-06-15 16:00:00,10.9,72.1,1010.6,7.1,3.1,4.3
2024-06-15 17:00:00,10.1,74.8,1007.5,12.8,0.0,3.6
2024-06-15 18:00:00,8.7,74.2,1007.4,12.5,0.0,2.2
2024-06-15 19:00:00,7.9,74.7,1007.5,6.7,0.0,1.6
2024-06-15 20:00:00,5.5,77.7,1008.5,8.7,0.0,0
15/06/2024 21:00,4.4,78.5,1008.9,15.3,4.2,0.0
2024-06-15 22:00:00,3.7,81.2,1008.9,19.1,0.0,0.0
2024-06-15 23:00:00,3.0,84.0,1010.6,7.0,0.0,0.0
2024-06-16 00:00:00,2.3,85.0,1009.0,6.8,3.2,0.0
2024-06-16 01:00:00,4.9,82.4,1009.0,14.2,0.0,0.0
2024-06-16 02:00:00,4.4,86.9,1010.9,8.1,0.0,0.0
2024-06-16 03:00:00,6.2,86.5,1008.4,10.8,4.5,0.0
2024-06-16 04:00:00,5.5,89.5,1010.7,5.9,0.0,0.0
2024-06-16 05:00:00,6.4,90.2,1006.4,5.5,0.0,0.0
2024-06-16 06:00:00,8.2,88.4,1009.9,6.7,0.0,0.5
2024-06-16 07:00:00,9.4,90.0,1009.2,3.0,8.5,1.1
2024-06-16 08:00:00,11.0,86.5,1008.3,2.1,0.0,2.5
2024-06-16 09:00:00,12.4,89.7,1008.8,3.2,0.0,3.3
16/06/2024 10:00,12.3,81.9,1008.1,5.8,0.0,4.5
2024-06-16 11:00:00,13.5,79.3,1009.6,2.9,0.5,4.8
2024-06-16 12:00:00,14.7,76.7,1009.0,8.4,0.0,5.1
2024-06-16 13:00:00,13.7,76.4,1009.1,4.2,0.0,6.1
2024-06-16 14:00:00,12.7,76.6,1011.1,3.5,0.0,5.4
2024-06-16 15:00:00,12.5,73.6,,9.9,0.0,5.0
2024-06-16 16:00:00,12.2,74.1,1006.3,15.7,4.2,4.6
2024-06-16 17:00:00,9.4,76.9,1007.5,10.9,0.0,3.8
2024-06-16 18:00:00,8.1,75.0,1006.8,12.9,0.0,2.5
2024-06-16 19:00:00,7.2,76.4,1007.2,12.3,0.0,1.4
2024-06-16 20:00:00,5.3,77.8,1008.0,7.9,0.6,0
2024-06-16 21:00:00,4.4,77.3,1008.0,13.2,6.4,0.0
2024-06-16 22:00:00,4.0,79.0,1004.2,9.1,0.0,0.0
16/06/2024 23:00,2.1,82.9,1009.0,17.1,0.0,0.0
2024-06-17 00:00:00,2.6,85.8,1009.9,16.5,0.0,0.0
2024-06-17 01:00:00,3.3,87.4,1007.6,11.0,0.0,0.0
2024-06-17 02:00:00,4.2,86.3,1006.9,8.5,0.0,0.0
17/06/2024 03:00,3.8,90.3,1008.4,6.8,0.0,0.0
2024-06-17 04:00:00,6.2,88.7,1006.5,5.7,0.0,0.0
2024-06-17 05:00:00,5.3,89.0,1008.7,2.2,0.0,0.0
2024-06-17 06:00:00,8.6,88.1,1006.8,4.1,0.0,0.4
2024-06-17 07:00:00,9.3,87.3,1007.8,4.6,0.0,1.5
2024-06-17 08:00:00,11.7,86.9,1002.9,3.0,2.2,2.2
2024-06-17 09:00:00,12.3,85.1,1007.8,2.2,0.0,3.1
2024-06-17 10:00:00,14.3,82.9,1007.8,2.3,0.0,4.2
2024-06-17 11:00:00,13.4,82.4,1006.6,3.6,0.0,4.7
2024-06-17 12:00:00,13.7,80.6,1005.5,3.1,0.0,5.4
2024-06-17 13:00:00,12.4,79.7,1009.0,3.8,0.0,5.3
2024-06-17 14:00:00,12.9,75.3,1006.0,11.0,0.0,5.6
2024-06-17 15:00:00,12.6,75.1,1008.0,9.5,0.0,4.9
2024-06-17 16:00:00,11.7,73.7,1009.3,9.9,1.9,4.2
2024-06-17 17:00:00,9.8,76.2,1009.3,8.8,0.0,3.7
2024-06-17 18:00:00,8.5,77.5,1006.9,16.2,9.9,2.9
2024-06-17 19:00:00,7.3,74.1,1008.7,,0.0,1.4
2024-06-17 20:00:00,6.1,74.3,1007.9,12.1,0.0,0
2024-06-17 21:00:00,5.1,81.0,1007.8,9.7,0.0,0.0
2024-06-17 22:00:00,2.7,81.1,1009.3,19.1,0.0,0.0
2024-06-17 23:00:00,2.7,84.0,1005.9,10.7,0.0,0.0
2024-06-18 00:00:00,3.6,83.8,1009.2,9.7,0.0,0.0
2024-06-18 01:00:00,3.4,87.2,1007.8,9.6,0.0,0.0
2024-06-18 02:00:00,3.0,86.9,1008.8,8.5,0.0,0.0
2024-06-18 03:00:00,5.5,86.9,1006.6,6.4,0.0,0.0
2024-06-18 04:00:00,5.3,91.0,1009.5,4.6,0.0,0.0
2024-06-18 05:00:00,7.0,90.9,1006.1,,0.0,0.0
2024-06-18 06:00:00,8.4,88.7,1011.3,2.6,0.0,0.4
2024-06-18 07:00:00,9.9,88.3,1008.8,2.1,0.0,1.5
2024-06-18 08:00:00,9.7,88.7,1007.2,2.6,0.0,2.6
2024-06-18 09:00:00,12.0,85.8,1005.3,3.2,1.2,3.5
2024-06-18 10:00:00,12.3,83.4,1008.4,1.4,0.0,4.1
18/06/2024 11:00,12.7,82.3,1005.9,7.6,0.0,4.9
2024-06-18 12:00:00,12.4,77.4,1008.0,3.9,0.0,5.3
2024-06-18 13:00:00,12.7,80.6,1009.1,6.1,2.3,5.5
2024-06-18 14:00:00,13.1,76.7,1010.0,9.0,1.0,5.2
2024-06-18 15:00:00,11.5,75.2,1010.3,8.4,0.6,4.7
2024-06-18 16:00:00,11.8,73.0,1005.8,6.5,10.5,4.2
2024-06-18 17:00:00,10.5,75.3,1006.8,9.7,0.1,3.2
2024-06-18 18:00:00,8.5,76.0,1006.2,10.6,0.0,2.0
2024-06-18 19:00:00,7.7,74.5,1006.8,6.9,0.0,1.0
2024-06-18 20:00:00,5.1,76.6,1006.1,22.2,0.0,0
2024-06-18 21:00:00,3.6,82.6,1010.4,7.2,4.7,0.0
2024-06-18 22:00:00,4.7,82.4,1007.5,10.8,0.0,0.0
2024-06-18 23:00:00,3.2,85.2,1005.8,19.0,0.0,0.0
2024-06-19 00:00:00,3.2,82.4,1010.0,17.8,0.0,0.0
2024-06-19 01:00:00,3.1,84.9,1007.0,7.2,0.0,0.0
2024-06-19 02:00:00,2.0,87.2,1010.7,8.7,0.0,0.0
2024-06-19 03:00:00,5.7,91.2,1010.3,9.0,0.0,0.0
2024-06-19 04:00:00,4.6,90.2,1007.7,8.3,0.0,0.0
2024-06-19 05:00:00,6.8,91.3,1009.8,2.6,0.0,0.0
2024-06-19 06:00:00,7.6,89.6,1009.9,2.8,0.0,0
2024-06-19 07:00:00,8.4,87.2,1011.4,3.7,0.0,1.0
19/06/2024 08:00,10.9,87.2,1006.6,1.6,0.0,2.5
19/06/2024 09:00,12.2,86.0,1007.2,3.3,0.0,3.2
2024-06-19 10:00:00,13.5,82.9,1007.3,5.2,0.0,4.0
2024-06-19 11:00:00,14.3,81.9,1005.9,3.1,0.0,5.0
2024-06-19 12:00:00,14.8,81.4,1007.7,3.0,0.0,5.4
19/06/2024 13:00,13.2,75.3,1010.9,9.4,0.0,5.2
2024-06-19 14:00:00,14.2,76.5,1009.1,6.2,4.7,5.2
2024-06-19 15:00:00,12.0,76.3,1009.0,8.5,0.0,4.6
2024-06-19 16:00:00,9.4,74.5,1005.7,8.3,0.0,4.1
2024-06-19 17:00:00,9.9,72.3,1008.9,13.2,0.0,3.6
2024-06-19 18:00:00,7.8,78.0,1010.0,6.7,0.0,2.0
2024-06-19 19:00:00,6.9,73.6,1006.8,11.2,1.5,1.2
2024-06-19 20:00:00,5.6,80.6,1008.6,21.3,0.0,0
2024-06-19 21:00:00,4.2,78.7,1008.2,15.0,0.0,0.0
2024-06-19 22:00:00,3.5,82.3,1007.3,11.2,0.0,0.0
2024-06-19 23:00:00,2.6,79.9,1006.4,11.5,0.0,0.0
2024-06-20 00:00:00,2.3,83.3,1008.6,8.6,0.3,0.0
2024-06-20 01:00:00,2.6,86.8,1010.4,5.1,0.0,0.0
2024-06-20 02:00:00,3.0,88.1,1010.5,6.0,0.0,0.0
2024-06-20 03:00:00,3.9,87.4,1007.1,5.7,0.0,0.0
2024-06-20 04:00:00,4.6,90.4,1008.0,3.4,0.0,0.0
2024-06-20 05:00:00,7.1,87.1,1007.9,3.0,0.0,0.0
2024-06-20 06:00:00,6.4,90.5,1008.9,6.9,0.0,0
20/06/2024 07:00,10.0,86.3,1006.8,4.1,0.0,1.4
2024-06-20 08:00:00,10.8,87.0,1008.3,3.6,0.0,2.3
2024-06-20 09:00:00,12.0,86.1,1004.7,2.1,0.0,3.4
2024-06-20 10:00:00,11.0,84.8,1007.3,4.2,0.0,4.4
2024-06-20 11:00:00,12.5,80.8,1005.0,7.0,0.0,4.7
2024-06-20 12:00:00,13.4,78.4,1007.6,5.7,0.0,5.4
2024-06-20 13:00:00,13.1,78.9,1007.4,4.7,0.0,5.3
2024-06-20 14:00:00,12.6,75.1,1008.5,5.7,0.0,5.3
2024-06-20 15:00:00,11.8,74.8,1009.0,8.7,0.0,4.8
2024-06-20 16:00:00,10.0,75.7,1011.5,6.1,0.0,3.6
2024-06-20 17:00:00,9.2,75.4,1006.4,9.7,0.0,4.1
2024-06-20 18:00:00,8.9,74.8,1008.2,7.9,0.0,2.7
2024-06-20 19:00:00,7.9,78.0,1007.5,15.5,0.0,1.0
2024-06-20 20:00:00,4.9,77.2,1008.7,11.6,0.0,0
2024-06-20 21:00:00,5.2,79.2,1009.4,7.4,0.0,0.0
2024-06-20 22:00:00,3.4,78.6,1009.6,9.6,0.0,0.0
2024-06-20 23:00:00,3.0,81.1,1008.5,11.2,0.0,0.0
2024-06-21 00:00:00,3.2,87.6,1007.5,8.2,0.0,0.0
2024-06-21 01:00:00,3.0,85.1,1007.8,7.8,0.0,0.0
2024-06-21 02:00:00,4.3,88.4,1008.1,11.1,0.0,0.0
2024-06-21 03:00:00,3.9,89.5,1006.1,4.4,0.0,0.0
2024-06-21 04:00:00,6.5,86.2,1006.5,4.3,0.0,0.0
2024-06-21 05:00:00,7.1,89.6,1008.6,1.7,0.0,0.0
2024-06-21 06:00:00,7.6,87.3,1008.9,6.4,0.0,0.5
2024-06-21 07:00:00,10.4,89.3,1008.1,2.3,0.0,1.5
2024-06-21 08:00:00,10.7,87.0,1008.4,4.6,0.0,2.4
2024-06-21 09:00:00,10.8,85.8,1006.2,1.4,0.0,3.3
2024-06-21 10:00:00,13.4,83.5,1005.2,3.0,0.0,4.1
2024-06-21 11:00:00,12.9,81.4,1006.9,5.7,0.0,4.4
2024-06-21 12:00:00,12.9,79.5,1010.8,4.7,0.0,5.5
2024-06-21 13:00:00,13.3,79.4,1006.7,6.3,0.0,5.3
2024-06-21 14:00:00,12.3,76.0,1009.6,5.2,0.0,5.4
2024-06-21 15:00:00,11.2,78.9,1006.2,8.0,0.0,4.7
2024-06-21 16:00:00,10.3,73.5,1008.7,6.2,0.0,4.3
2024-06-21 17:00:00,9.0,76.6,1009.8,9.0,0.0,3.3
2024-06-21 18:00:00,8.6,74.1,1009.2,8.2,3.8,2.6
2024-06-21 19:00:00,6.4,75.8,1008.4,9.5,0.0,1.9
2024-06-21 20:00:00,5.5,76.4,1010.3,9.4,0.0,0.4
2024-06-21 21:00:00,5.0,80.5,1010.1,21.2,0.0,0.0
21/06/2024 22:00,3.2,82.2,1008.6,6.6,0.0,0.0
2024-06-21 23:00:00,3.0,80.1,1007.4,12.3,0.0,0.0
2024-06-22 00:00:00,3.1,83.5,1006.3,10.6,0.0,0.0
2024-06-22 01:00:00,3.1,88.1,1010.2,8.1,0.0,0.0
2024-06-22 02:00:00,3.3,86.8,1007.1,9.2,0.0,0.0
22/06/2024 03:00,4.1,91.3,1005.4,15.9,0.0,0.0
2024-06-22 04:00:00,6.4,89.1,1007.3,9.9,0.0,0.0
2024-06-22 05:00:00,6.0,91.1,1007.1,5.8,0.0,0.0
2024-06-22 06:00:00,8.4,90.4,1010.4,5.4,0.0,0.3
2024-06-22 07:00:00,10.8,86.3,1009.2,6.2,0.0,0.7
2024-06-22 08:00:00,10.1,87.2,1010.1,4.8,0.0,2.1
2024-06-22 09:00:00,10.5,89.3,1007.5,2.1,0.0,3.3
2024-06-22 10:00:00,12.7,81.1,1008.7,5.7,0.0,4.1
2024-06-22 11:00:00,13.2,81.5,1008.1,2.6,0.0,4.9
22/06/2024 12:00,13.4,76.9,1010.6,4.2,0.0,5.2
2024-06-22 13:00:00,11.9,78.5,1008.9,8.9,0.0,5.5
2024-06-22 14:00:00,12.2,73.1,1010.2,12.7,0.0,5.4
2024-06-22 15:00:00,11.8,76.4,1008.0,,2.5,4.9
2024-06-22 16:00:00,11.4,75.7,1006.8,10.9,1.1,4.1
2024-06-22 17:00:00,10.0,74.5,1008.0,5.1,0.0,3.6
2024-06-22 18:00:00,7.4,76.0,1007.2,11.0,0.0,2.3
2024-06-22 19:00:00,7.0,74.4,1009.5,7.8,0.0,1.9
22/06/2024 20:00,5.3,77.4,1008.5,11.7,0.0,0.2
2024-06-22 21:00:00,4.7,80.1,1007.1,17.3,0.0,0.0
2024-06-22 22:00:00,1.1,82.3,1008.8,10.9,0.0,0.0
2024-06-22 23:00:00,2.8,81.8,1010.5,9.3,0.0,0.0
2024-06-23 00:00:00,3.7,83.2,1006.0,10.1,0.0,0.0
2024-06-23 01:00:00,2.4,89.1,1007.3,11.3,0.0,0.0
2024-06-23 02:00:00,2.0,86.4,1006.7,7.7,0.0,0.0
2024-06-23 03:00:00,4.9,91.9,1008.8,5.2,1.2,0.0
2024-06-23 04:00:00,5.4,85.7,1009.9,6.2,4.2,0.0
2024-06-23 05:00:00,8.1,89.6,1010.7,4.0,0.0,0.0
2024-06-23 06:00:00,7.9,87.7,1009.9,3.2,0.0,0
2024-06-23 07:00:00,9.4,85.5,1009.5,2.3,0.0,1.1
2024-06-23 08:00:00,9.8,87.1,1007.8,3.2,0.0,1.9
2024-06-23 09:00:00,11.1,83.8,1008.8,2.3,0.4,3.0
2024-06-23 10:00:00,12.0,84.7,1008.7,1.8,0.0,4.2
2024-06-23 11:00:00,13.6,82.5,1009.0,3.0,0.0,4.4
2024-06-23 12:00:00,12.6,83.4,1010.0,12.1,4.3,5.6
2024-06-23 13:00:00,11.9,78.1,1003.2,9.5,0.0,5.0
2024-06-23 14:00:00,12.9,75.4,1008.8,5.3,0.0,5.3
2024-06-23 15:00:00,10.0,78.9,1009.2,11.6,0.0,4.5
2024-06-23 16:00:00,8.8,76.8,1005.9,7.6,0.0,4.7
2024-06-23 17:00:00,8.9,75.3,1012.9,9.6,1.5,3.1
2024-06-23 18:00:00,6.8,78.8,1004.8,12.8,0.0,2.4
2024-06-23 19:00:00,6.5,74.4,1008.5,8.1,0.0,1.2
2024-06-23 20:00:00,34.1,77.5,1009.9,15.1,0.0,0.0
2024-06-23 21:00:00,4.3,79.4,1009.5,11.6,0.0,0.0
2024-06-23 22:00:00,3.3,80.6,1007.6,11.2,0.0,0.0
2024-06-23 23:00:00,1.8,87.0,1012.0,9.6,0.0,0.0
2024-06-24 00:00:00,1.6,85.0,1006.3,24.2,0.0,0.0
2024-06-24 01:00:00,2.5,,1008.7,8.2,0.0,0.0
2024-06-24 02:00:00,3.2,86.4,1008.2,6.4,0.1,0.0
2024-06-24 03:00:00,4.9,89.3,1007.6,6.5,0.0,0.0
2024-06-24 04:00:00,6.3,83.8,1008.5,3.0,4.1,0.0
2024-06-24 05:00:00,4.9,92.3,1008.3,4.3,0.0,0.0
2024-06-24 06:00:00,7.0,89.8,1008.5,4.1,8.9,0
2024-06-24 07:00:00,8.2,91.5,1006.4,1.9,0.0,1.4
2024-06-24 08:00:00,10.7,88.0,1008.8,2.5,0.0,1.9
2024-06-24 09:00:00,11.6,84.2,1005.4,3.8,0.0,3.4
2024-06-24 10:00:00,11.8,81.9,1009.4,5.3,0.0,3.9
2024-06-24 11:00:00,12.8,84.4,1007.7,4.4,0.0,4.8
2024-06-24 12:00:00,11.5,80.7,1008.2,8.9,0.0,5.4
2024-06-24 13:00:00,13.0,75.1,1007.3,8.1,0.0,5.4
2024-06-24 14:00:00,10.0,78.7,1006.8,9.1,0.0,5.3
2024-06-24 15:00:00,10.7,75.4,1009.9,6.4,0.0,4.5
2024-06-24 16:00:00,10.4,77.5,1007.1,13.8,0.7,4.2
2024-06-24 17:00:00,8.1,75.5,1007.3,23.2,0.0,3.4
2024-06-24 18:00:00,8.1,71.5,1009.7,11.1,0.0,2.0
2024-06-24 19:00:00,6.9,76.6,1009.5,25.1,0.0,1.2
2024-06-24 20:00:00,5.2,78.6,1006.5,15.8,0.0,0.1
2024-06-24 21:00:00,3.4,79.5,1006.1,21.3,0.0,0.0
2024-06-24 22:00:00,3.9,80.3,1009.7,7.3,0.0,0.0
2024-06-24 23:00:00,2.8,81.8,1009.6,11.4,0.0,0.0
2024-06-25 00:00:00,3.5,83.4,1007.4,8.1,0.0,0.0
2024-06-25 01:00:00,1.9,87.5,1007.1,5.9,0.0,0.0
2024-06-25 02:00:00,2.6,91.7,1009.2,6.2,0.0,0.0
2024-06-25 03:00:00,4.2,87.3,1008.0,6.9,0.0,0.0
2024-06-25 04:00:00,6.0,89.7,1010.0,7.2,0.0,0.0
2024-06-25 05:00:00,4.8,91.7,1009.7,4.4,0.0,0.0
2024-06-25 06:00:00,8.6,89.5,1008.4,5.4,0.0,0
2024-06-25 07:00:00,8.2,89.2,1007.9,4.6,0.0,1.1
2024-06-25 08:00:00,10.1,84.9,1007.4,2.7,0.0,2.5
2024-06-25 09:00:00,10.2,86.2,1010.9,3.3,0.0,3.1
2024-06-25 10:00:00,11.9,83.2,1005.8,3.8,0.0,4.2
2024-06-25 11:00:00,13.2,83.6,1008.2,5.8,0.0,4.8
2024-06-25 12:00:00,13.5,78.4,1006.6,6.0,0.0,5.1
2024-06-25 13:00:00,11.5,78.5,1008.4,7.7,0.0,5.3
2024-06-25 14:00:00,11.4,78.8,1006.9,6.0,0.0,5.4
2024-06-25 15:00:00,12.6,77.1,1007.6,14.8,0.0,5.1
2024-06-25 16:00:00,9.5,74.8,1008.2,4.9,0.0,4.6
2024-06-25 17:00:00,8.9,76.6,1005.6,10.3,3.9,3.4
2024-06-25 18:00:00,7.6,74.9,1010.2,12.4,0.0,2.3
2024-06-25 19:00:00,4.9,78.2,1007.8,9.5,0.0,1.2
2024-06-25 20:00:00,4.2,78.6,1009.5,15.0,0.0,0.2
2024-06-25 21:00:00,3.1,78.2,1006.5,16.3,2.4,0.0
2024-06-25 22:00:00,4.6,78.2,1006.4,,0.0,0.0
2024-06-25 23:00:00,2.8,83.5,1009.2,11.2,5.1,0.0
2024-06-26 00:00:00,1.9,85.0,1006.5,10.9,0.0,0.0
2024-06-26 01:00:00,3.4,90.6,1008.6,8.3,0.0,0.0
2024-06-26 02:00:00,3.8,87.6,1007.4,7.3,0.6,0.0
2024-06-26 03:00:00,3.9,91.1,1006.2,7.9,0.0,0.0
2024-06-26 04:00:00,5.0,86.3,1006.0,3.8,0.3,0.0
2024-06-26 05:00:00,,86.9,1009.8,2.9,0.0,0.0
26/06/2024 06:00,7.7,89.2,1006.6,3.0,0.7,0
2024-06-26 07:00:00,8.3,91.4,1008.9,3.5,0.0,1.2
2024-06-26 08:00:00,10.6,87.0,1008.1,2.0,0.0,1.8
26/06/2024 09:00,10.5,86.5,1006.6,2.7,0.0,3.6
2024-06-26 10:00:00,12.9,85.2,1009.4,4.8,0.0,4.3
2024-06-26 11:00:00,12.4,81.3,1009.1,3.4,7.4,4.9
2024-06-26 12:00:00,12.4,77.5,1006.8,4.5,2.4,5.1
26/06/2024 13:00,12.7,78.6,1007.4,3.1,0.0,5.3
2024-06-26 14:00:00,13.0,74.8,1008.5,11.1,0.0,4.9
2024-06-26 15:00:00,10.8,75.7,1011.5,6.6,1.2,5.0
2024-06-26 16:00:00,10.1,77.0,1008.2,8.5,0.0,4.3
2024-06-26 17:00:00,9.1,74.6,1006.7,11.9,0.0,3.3
2024-06-26 18:00:00,8.2,76.5,1011.6,9.8,0.0,2.0
2024-06-26 19:00:00,5.5,76.4,1010.5,25.2,0.0,1.1
2024-06-26 20:00:00,3.6,0,1008.8,11.0,0.0,0
2024-06-26 21:00:00,2.6,82.0,1009.2,9.2,0.0,0.0
2024-06-26 22:00:00,3.3,82.9,1009.7,12.9,0.0,0.0
2024-06-26 23:00:00,2.6,83.5,1009.8,14.6,3.7,0.0
2024-06-27 00:00:00,1.2,85.8,1007.4,7.3,0.0,0.0
2024-06-27 01:00:00,2.3,88.4,1005.3,5.4,0.0,0.0
2024-06-27 02:00:00,3.2,86.9,1008.5,5.5,0.7,0.0
2024-06-27 03:00:00,4.0,91.5,1006.2,4.9,0.0,0.0
2024-06-27 04:00:00,5.6,88.8,1007.5,4.0,0.0,0.0
2024-06-27 05:00:00,6.1,91.3,1008.7,5.3,0.0,0.0
2024-06-27 06:00:00,6.4,91.4,1006.6,3.6,0.0,0
2024-06-27 07:00:00,8.4,87.5,1006.2,2.4,0.0,1.1
2024-06-27 08:00:00,8.9,85.1,1008.6,2.3,0.0,2.6
2024-06-27 09:00:00,11.6,89.0,1012.0,3.2,0.0,3.3
2024-06-27 10:00:00,12.6,87.5,1009.5,4.8,0.0,4.2
27/06/2024 11:00,11.8,82.8,1008.3,4.4,0.0,4.5
2024-06-27 12:00:00,12.8,81.1,1010.0,8.0,0.0,5.0
2024-06-27 13:00:00,12.1,,1009.9,6.3,0.0,5.1
27/06/2024 14:00,9.9,79.8,1007.3,6.2,0.0,4.4
2024-06-27 15:00:00,11.1,73.6,1008.5,6.2,1.7,4.8
2024-06-27 16:00:00,10.0,77.8,1007.2,18.9,0.0,4.3
2024-06-27 17:00:00,10.3,75.3,1008.0,7.2,0.0,3.0
2024-06-27 18:00:00,8.1,76.6,1007.6,8.5,0.0,2.0
2024-06-27 19:00:00,6.3,77.2,1008.1,30.1,0.0,1.4
27/06/2024 20:00,4.9,78.7,1007.2,6.3,0.0,0
2024-06-27 21:00:00,5.2,77.9,,6.6,0.0,0.0
2024-06-27 22:00:00,3.6,84.8,1006.3,12.3,0.0,0.0
2024-06-27 23:00:00,2.7,86.0,1007.7,16.8,0.0,0.0
2024-06-28 00:00:00,1.5,86.1,1008.6,6.9,3.4,0.0
2024-06-28 01:00:00,1.7,89.9,1010.2,7.8,0.0,0.0
2024-06-28 02:00:00,3.7,86.9,1009.1,5.6,0.0,0.0
2024-06-28 03:00:00,3.8,91.1,1010.3,4.3,0.6,0.0
2024-06-28 04:00:00,5.8,89.2,1009.8,4.2,0.0,0.0
2024-06-28 05:00:00,6.4,89.7,1006.3,4.3,7.7,0.0
2024-06-28 06:00:00,6.7,88.7,1008.8,,0.3,0
2024-06-28 07:00:00,9.4,87.5,1006.4,2.7,0.0,0.8
2024-06-28 08:00:00,10.0,87.5,1007.9,2.9,0.0,2.4
2024-06-28 09:00:00,10.8,85.8,1006.3,3.0,0.3,3.2
2024-06-28 10:00:00,11.4,87.5,1008.6,6.3,0.4,3.7
2024-06-28 11:00:00,12.6,82.2,1007.6,2.6,1.0,5.0
2024-06-28 12:00:00,12.7,78.1,1008.1,4.2,1.2,5.2
2024-06-28 13:00:00,13.0,77.3,1007.3,11.6,0.0,5.1
2024-06-28 14:00:00,12.8,77.2,1008.7,7.9,0.0,5.1
2024-06-28 15:00:00,10.3,73.5,1008.4,8.7,0.0,4.6
2024-06-28 16:00:00,9.3,76.7,1009.2,12.8,0.0,3.5
2024-06-28 17:00:00,9.4,76.4,1006.3,7.7,0.0,3.1
2024-06-28 18:00:00,8.7,70.6,1010.3,10.7,0.0,2.5
2024-06-28 19:00:00,6.6,79.0,1007.5,11.0,0.0,1.1
2024-06-28 20:00:00,5.1,77.3,1010.4,12.2,0.0,0
2024-06-28 21:00:00,4.2,78.8,1010.6,13.0,0.0,0.0
2024-06-28 22:00:00,2.4,78.4,1009.1,10.0,0.0,0.0
2024-06-28 23:00:00,3.0,81.2,1007.3,13.7,0.0,0.0
2024-06-29 00:00:00,1.4,86.3,1007.0,10.2,0.0,0.0
2024-06-29 01:00:00,3.6,91.0,1006.0,8.4,0.0,0.0
2024-06-29 02:00:00,2.8,92.7,1011.0,10.9,0.0,0.0
2024-06-29 03:00:00,3.8,91.0,1007.0,7.6,0.0,0.0
2024-06-29 04:00:00,5.1,89.4,1009.9,5.9,0.0,0.0
2024-06-29 05:00:00,6.7,89.6,1008.1,2.9,0.7,0.0
2024-06-29 06:00:00,8.4,86.4,1008.3,4.8,0.0,0
2024-06-29 07:00:00,9.4,89.5,1005.0,1.6,0.0,1.2
2024-06-29 08:00:00,11.5,86.1,1008.1,3.2,0.0,2.1
2024-06-29 09:00:00,10.7,87.9,1007.7,4.7,2.9,3.0
2024-06-29 10:00:00,11.5,84.1,1006.1,4.8,0.0,4.1
2024-06-29 11:00:00,11.8,82.8,1009.0,6.7,0.0,4.7
2024-06-29 12:00:00,12.9,79.6,1008.0,7.2,7.2,5.2
2024-06-29 13:00:00,12.5,77.7,1007.5,5.3,2.0,5.5
2024-06-29 14:00:00,11.8,76.0,1010.4,5.5,0.0,4.7
2024-06-29 15:00:00,11.3,77.9,1007.6,9.4,0.0,4.7
2024-06-29 16:00:00,10.3,76.0,1008.4,10.6,0.0,4.4
2024-06-29 17:00:00,7.8,76.0,,23.2,0.0,3.5
2024-06-29 18:00:00,7.8,74.5,1008.1,21.1,0.0,2.7
2024-06-29 19:00:00,5.2,78.2,1007.4,9.5,0.0,1.0
2024-06-29 20:00:00,5.1,77.2,1008.2,10.3,0.0,0
2024-06-29 21:00:00,3.5,78.8,1008.4,11.5,0.0,0.0
2024-06-29 22:00:00,2.3,80.7,1007.7,6.3,0.0,0.0
2024-06-29 23:00:00,2.6,86.1,1008.1,15.2,0.0,0.0
30/06/2024 00:00,2.6,83.9,1008.3,13.6,0.0,0.0
2024-06-30 01:00:00,2.4,85.5,1009.0,15.1,0.0,0.0
2024-06-30 02:00:00,2.1,89.5,1008.6,10.0,0.0,0.0
2024-06-30 03:00:00,3.2,89.2,1007.3,5.8,0.0,0.0
2024-06-30 04:00:00,5.1,87.0,1008.3,5.1,0.0,0.0
2024-06-30 05:00:00,7.1,87.1,1010.7,8.6,0.0,0.0
2024-06-30 06:00:00,6.7,87.0,1009.1,5.6,0.0,0
2024-06-30 07:00:00,8.4,88.3,1010.9,1.6,1.8,1.1
2024-06-30 08:00:00,10.0,90.2,1007.1,3.7,0.0,2.2
2024-06-30 09:00:00,9.9,87.2,1007.6,6.5,0.0,3.6
2024-06-30 10:00:00,11.4,82.6,1007.2,5.1,0.0,3.9
2024-06-30 11:00:00,12.6,82.8,1005.1,2.4,0.0,4.4
2024-06-30 12:00:00,12.7,81.0,1010.8,6.3,0.0,5.2
2024-06-30 13:00:00,12.9,75.3,1007.2,8.0,0.0,5.3
2024-06-30 14:00:00,10.7,76.0,1007.6,8.8,0.0,5.5
2024-06-30 15:00:00,11.4,75.7,1008.0,8.4,0.0,4.5
2024-06-30 16:00:00,10.8,73.4,1008.3,12.4,0.0,3.8
2024-06-30 17:00:00,9.2,75.7,1009.4,15.8,0.0,3.5
30/06/2024 18:00,7.4,77.8,1007.6,10.3,0.0,1.7
2024-06-30 19:00:00,6.6,74.5,1008.8,13.5,0.0,0.9
2024-06-30 20:00:00,5.0,77.8,1008.6,9.4,0.0,0.1
2024-06-30 21:00:00,3.7,78.6,1007.1,25.1,0.0,0.0
2024-06-30 22:00:00,3.3,81.5,1008.0,7.5,0.0,0.0
2024-06-30 23:00:00,2.9,84.2,1008.9,8.6,0.0,0.0
2024-07-01 00:00:00,2.0,87.0,1006.6,14.7,0.0,0.0
2024-07-01 01:00:00,3.7,89.3,1006.2,9.9,0.0,0.0
2024-07-01 02:00:00,3.6,89.3,1008.9,9.6,0.0,0.0
2024-07-01 03:00:00,3.1,93.4,1006.8,5.7,0.0,0.0
2024-07-01 04:00:00,5.6,91.5,1006.0,5.6,0.0,0.0
2024-07-01 05:00:00,6.0,91.2,1008.3,3.5,0.0,0.0
2024-07-01 06:00:00,6.6,89.6,1005.8,1.7,0.0,0
2024-07-01 07:00:00,10.2,91.3,1006.3,2.4,0.0,0.9
2024-07-01 08:00:00,9.6,87.0,1008.1,2.8,0.0,2.8
2024-07-01 09:00:00,12.1,85.6,1008.1,4.4,0.0,3.2
2024-07-01 10:00:00,11.3,84.0,1008.9,4.7,0.0,4.3
2024-07-01 11:00:00,12.3,81.1,1004.3,5.8,0.0,4.6
2024-07-01 12:00:00,11.2,78.8,1007.7,3.1,2.1,4.9
2024-07-01 13:00:00,11.5,79.7,1010.0,4.1,0.0,5.1
2024-07-01 14:00:00,11.5,76.1,1010.2,8.9,0.0,5.0
2024-07-01 15:00:00,12.2,76.1,1005.7,7.5,0.0,4.8
2024-07-01 16:00:00,10.8,75.2,1010.5,13.7,0.0,3.8
2024-07-01 17:00:00,8.9,74.0,1008.1,10.0,5.0,3.0
2024-07-01 18:00:00,7.1,76.7,1008.8,22.8,0.0,2.3
2024-07-01 19:00:00,6.4,74.6,1007.4,13.6,0.0,1.1
01/07/2024 20:00,5.0,73.6,1006.2,12.4,0.0,0.3
2024-07-01 21:00:00,3.8,76.7,1007.5,12.6,0.0,0.0
2024-07-01 22:00:00,2.7,82.5,1006.6,17.2,10.7,0.0
2024-07-01 23:00:00,2.0,82.6,1009.2,10.8,0.0,0.0
2024-07-02 00:00:00,2.6,86.9,1005.1,8.8,1.1,0.0
2024-07-02 01:00:00,2.1,87.2,1006.7,4.9,0.0,0.0
2024-07-02 02:00:00,3.3,91.1,1009.2,7.1,0.0,0.0
02/07/2024 03:00,4.9,89.6,1007.8,5.8,0.0,0.0
2024-07-02 04:00:00,4.6,93.8,1009.2,5.9,0.0,0.0
2024-07-02 05:00:00,4.9,92.7,1010.2,,0.0,0.0
2024-07-02 06:00:00,7.3,89.3,1007.2,8.3,0.0,0
2024-07-02 07:00:00,8.1,89.5,1006.3,5.5,0.0,1.2
2024-07-02 08:00:00,9.6,88.8,1008.0,4.4,0.0,2.1
2024-07-02 09:00:00,9.3,86.8,1005.6,4.7,0.0,3.4
2024-07-02 10:00:00,12.2,82.0,1006.2,3.9,0.0,3.9
2024-07-02 11:00:00,12.2,82.7,1006.4,5.2,0.0,4.7
2024-07-02 12:00:00,12.3,80.7,1009.1,6.9,0.0,5.1
2024-07-02 13:00:00,12.2,77.3,1008.6,5.6,0.4,5.2
2024-07-02 14:00:00,12.0,79.6,1007.5,5.8,4.7,4.7
2024-07-02 15:00:00,11.6,77.9,1005.2,13.2,0.0,4.4
2024-07-02 16:00:00,10.3,72.5,1007.5,8.1,0.0,4.2
2024-07-02 17:00:00,8.6,74.9,1009.4,13.0,0.0,3.0
2024-07-02 18:00:00,7.5,75.6,1008.3,13.1,5.5,2.0
2024-07-02 19:00:00,6.4,77.4,1009.0,21.8,1.4,1.1
2024-07-02 20:00:00,4.6,79.0,1008.7,9.4,0.0,0.4
2024-07-02 21:00:00,3.7,79.4,1009.6,12.2,0.0,0.0
2024-07-02 22:00:00,2.6,79.7,1005.1,7.2,0.0,0.0
2024-07-02 23:00:00,3.0,,1009.8,10.3,0.0,0.0
2024-07-03 00:00:00,2.6,84.5,1007.3,12.3,0.0,0.0
2024-07-03 01:00:00,2.9,87.6,1007.3,11.4,11.9,0.0
2024-07-03 02:00:00,3.0,86.8,1008.9,9.0,2.9,0.0
2024-07-03 03:00:00,4.6,88.1,1007.7,9.4,0.0,0.0
03/07/2024 04:00,3.7,92.4,1008.7,6.2,6.5,0.0
03/07/2024 05:00,4.7,89.4,1010.0,5.3,0.0,0.0
2024-07-03 06:00:00,7.8,90.0,1006.8,6.7,0.0,0.2
2024-07-03 07:00:00,10.0,88.8,1008.8,5.2,0.0,1.5
2024-07-03 08:00:00,9.9,88.7,1007.2,3.9,0.0,2.1
2024-07-03 09:00:00,10.7,85.9,1010.2,6.0,0.0,3.4
2024-07-03 10:00:00,11.1,86.5,1007.0,6.7,0.0,4.2
2024-07-03 11:00:00,13.2,83.6,1008.6,2.5,0.0,5.1
2024-07-03 12:00:00,12.7,77.3,1006.8,8.2,0.0,4.6
2024-07-03 13:00:00,11.3,80.4,1009.0,5.9,0.0,4.8
2024-07-03 14:00:00,11.7,77.9,1008.0,8.2,0.0,5.0
2024-07-03 15:00:00,32.3,75.6,1007.7,10.0,0.0,4.8
2024-07-03 16:00:00,10.0,75.6,1009.3,11.9,0.0,3.9
2024-07-03 17:00:00,9.2,80.1,1010.8,16.9,0.0,3.2
2024-07-03 18:00:00,7.9,77.3,1009.1,11.7,0.0,2.3
2024-07-03 19:00:00,6.2,77.7,1006.8,12.6,0.0,1.4
2024-07-03 20:00:00,4.4,79.4,1005.6,19.9,0.0,0.1
2024-07-03 21:00:00,3.1,81.2,1007.1,22.8,4.5,0.0
2024-07-03 22:00:00,2.7,82.0,1008.4,12.6,0.0,0.0
03/07/2024 23:00,1.9,85.4,1007.6,11.4,0.0,0.0
2024-07-04 00:00:00,1.7,85.0,1008.4,6.6,0.0,0.0
2024-07-04 01:00:00,2.0,85.9,1010.1,5.9,0.0,0.0
2024-07-04 02:00:00,1.7,90.5,1009.5,5.7,0.0,0.0
2024-07-04 03:00:00,4.3,87.6,1007.5,7.2,1.6,0.0
2024-07-04 04:00:00,4.6,91.5,1006.9,7.7,0.0,0.0
2024-07-04 05:00:00,5.9,92.0,1010.4,3.1,0.0,0.0
2024-07-04 06:00:00,7.6,89.2,1007.2,5.0,8.6,0
2024-07-04 07:00:00,7.8,89.3,1009.6,2.5,0.0,1.0
2024-07-04 08:00:00,10.7,86.0,1008.4,2.8,0.0,2.4
2024-07-04 09:00:00,10.2,89.2,1007.2,5.1,0.0,3.4
2024-07-04 10:00:00,12.3,88.4,1005.0,5.8,0.6,3.6
2024-07-04 11:00:00,11.3,81.9,1009.9,6.0,0.0,4.8
2024-07-04 12:00:00,11.5,81.6,1008.4,3.2,0.0,5.3
2024-07-04 13:00:00,12.3,79.7,1008.1,4.5,0.0,5.3
2024-07-04 14:00:00,11.0,78.6,1008.0,10.1,0.0,5.1
2024-07-04 15:00:00,10.3,77.6,1007.8,8.6,0.0,4.4
2024-07-04 16:00:00,9.0,75.2,1007.8,14.5,0.0,3.5
2024-07-04 17:00:00,8.6,76.1,1009.3,12.5,0.0,3.1
2024-07-04 18:00:00,7.7,76.9,1007.8,15.4,0.0,2.4
2024-07-04 19:00:00,6.6,75.0,1009.1,12.1,0.0,1.1
2024-07-04 20:00:00,4.0,75.4,1010.8,11.7,0.0,0
2024-07-04 21:00:00,3.9,78.6,1008.3,11.2,0.0,0.0
2024-07-04 22:00:00,3.5,80.7,1007.5,10.9,0.0,0.0
2024-07-04 23:00:00,3.0,81.7,1009.5,15.7,0.0,0.0
2024-07-05 00:00:00,1.2,85.4,1006.3,8.7,0.0,0.0
2024-07-05 01:00:00,2.0,87.4,1007.7,7.9,0.0,0.0
2024-07-05 02:00:00,2.9,88.3,1008.9,7.7,4.8,0.0
2024-07-05 03:00:00,4.0,90.5,1010.0,6.6,0.0,0.0
2024-07-05 04:00:00,4.5,90.0,1007.1,9.6,0.0,0.0
2024-07-05 05:00:00,5.0,90.4,1004.3,6.8,0.0,0.0
2024-07-05 06:00:00,7.5,91.6,1007.2,3.4,0.0,0.3
2024-07-05 07:00:00,8.1,90.7,1008.5,4.5,0.0,0.6
2024-07-05 08:00:00,10.4,90.0,1008.5,3.4,0.0,2.3
2024-07-05 09:00:00,11.1,84.6,1008.5,5.7,0.0,3.0
2024-07-05 10:00:00,10.0,85.6,1007.7,3.7,1.3,4.2
2024-07-05 11:00:00,12.7,83.5,1007.0,2.2,0.0,4.6
2024-07-05 12:00:00,,82.9,1008.1,6.1,0.0,4.5
2024-07-05 13:00:00,11.5,76.8,1011.4,6.9,0.0,5.3
2024-07-05 14:00:00,10.7,79.1,1006.6,4.9,0.0,4.7
2024-07-05 15:00:00,11.2,76.6,1005.5,13.9,0.0,4.7
2024-07-05 16:00:00,9.9,75.2,1009.9,7.8,0.0,3.9
2024-07-05 17:00:00,,73.3,1007.7,14.7,0.0,3.1
2024-07-05 18:00:00,8.1,75.0,1007.3,14.6,0.0,2.3
2024-07-05 19:00:00,6.1,76.5,1009.2,8.2,0.0,0.8
2024-07-05 20:00:00,3.8,79.6,1007.9,16.3,0.0,0
2024-07-05 21:00:00,3.7,79.8,1009.2,16.2,0.0,0.0
2024-07-05 22:00:00,3.4,82.8,,13.6,0.0,0.0
2024-07-05 23:00:00,2.9,82.4,1009.4,16.3,3.6,0.0
2024-07-06 00:00:00,2.4,89.0,1008.0,12.8,0.0,0.0
2024-07-06 01:00:00,3.6,88.6,1007.9,4.2,0.0,0.0
06/07/2024 02:00,4.5,90.5,1009.4,12.8,0.0,0.0
2024-07-06 03:00:00,2.6,94.1,1008.1,4.2,0.0,0.0
06/07/2024 04:00,3.7,91.0,1007.9,6.3,3.0,0.0
2024-07-06 05:00:00,5.3,90.8,1006.6,2.6,0.0,0.0
2024-07-06 06:00:00,8.9,,1006.7,3.7,0.0,0.2
2024-07-06 07:00:00,8.4,88.7,1008.5,5.3,0.0,1.3
2024-07-06 08:00:00,9.3,84.0,1010.0,3.8,0.0,2.2
2024-07-06 09:00:00,10.2,87.3,1008.4,5.2,0.0,2.9
2024-07-06 10:00:00,11.0,85.3,1007.7,3.2,0.0,4.1
2024-07-06 11:00:00,11.6,83.9,1009.9,7.7,0.7,4.2
2024-07-06 12:00:00,12.6,79.3,1010.5,3.9,0.6,5.2
2024-07-06 13:00:00,12.4,77.0,1007.8,10.8,0.0,5.2
2024-07-06 14:00:00,12.4,79.5,1008.1,6.1,9.3,4.8
2024-07-06 15:00:00,10.4,76.8,1007.2,5.3,0.0,4.0
2024-07-06 16:00:00,9.7,75.4,1007.8,9.0,0.0,3.5
2024-07-06 17:00:00,8.7,77.1,1006.8,10.6,0.0,3.1
2024-07-06 18:00:00,7.9,75.6,1005.5,19.1,0.0,2.7
2024-07-06 19:00:00,5.7,75.9,1010.1,8.9,0.0,0.8
2024-07-06 20:00:00,5.2,73.2,1006.5,21.5,0.0,0
2024-07-06 21:00:00,4.2,82.0,1005.8,16.2,0.0,0.0
2024-07-06 22:00:00,4.0,82.5,1010.9,7.8,0.0,0.0
2024-07-06 23:00:00,2.5,86.1,1005.1,7.7,0.0,0.0
2024-07-07 00:00:00,2.3,84.6,1006.1,10.8,0.0,0.0
2024-07-07 01:00:00,1.7,86.7,1006.9,9.0,0.0,0.0
2024-07-07 02:00:00,2.2,90.3,1007.5,11.8,0.0,0.0
2024-07-07 03:00:00,4.3,89.5,1007.0,9.2,0.0,0.0
2024-07-07 04:00:00,4.6,94.2,1007.1,2.9,0.0,0.0
2024-07-07 05:00:00,7.0,92.4,1008.4,4.3,0.0,0.0
2024-07-07 06:00:00,7.5,90.8,1008.2,3.1,0.0,0.3
2024-07-07 07:00:00,8.7,87.2,1008.2,1.8,4.6,1.3
2024-07-07 08:00:00,9.8,89.1,1007.3,4.2,0.0,1.5
2024-07-07 09:00:00,10.1,82.9,1007.7,3.8,6.7,3.2
2024-07-07 10:00:00,11.8,82.8,1009.6,5.9,0.0,4.0
2024-07-07 11:00:00,10.9,81.0,1007.4,5.3,0.0,4.5
2024-07-07 12:00:00,11.9,79.5,1008.1,7.5,0.0,4.9
2024-07-07 13:00:00,11.5,80.2,1008.7,7.1,0.0,5.1
2024-07-07 14:00:00,11.4,76.9,1007.4,8.6,0.0,5.0
2024-07-07 15:00:00,10.7,78.2,1008.1,10.3,3.1,3.9
2024-07-07 16:00:00,9.7,74.7,1006.3,11.8,3.9,4.0
2024-07-07 17:00:00,9.1,78.0,1009.8,11.0,0.0,3.5
2024-07-07 18:00:00,7.1,73.1,1008.4,17.2,4.0,2.4
2024-07-07 19:00:00,5.9,77.2,1007.6,9.6,0.0,1.2
2024-07-07 20:00:00,4.9,76.0,1006.7,16.7,0.0,0.1
2024-07-07 21:00:00,4.0,82.3,1006.8,17.6,0.0,0.0
2024-07-07 22:00:00,1.9,79.7,1006.8,12.5,0.0,0.0
2024-07-07 23:00:00,3.3,85.0,1007.5,8.1,3.3,0.0
2024-07-08 00:00:00,2.2,86.0,1006.7,7.6,0.0,0.0
2024-07-08 01:00:00,2.0,85.2,1004.9,9.9,0.0,0.0
2024-07-08 02:00:00,3.2,90.3,1007.3,11.7,0.0,0.0
2024-07-08 03:00:00,2.8,87.1,1005.4,6.2,0.0,0.0
2024-07-08 04:00:00,4.0,91.9,1007.9,3.9,5.7,0.0
2024-07-08 05:00:00,6.8,92.1,1008.4,5.7,0.0,0.0
2024-07-08 06:00:00,7.5,93.2,1007.3,3.5,0.0,0
2024-07-08 07:00:00,10.3,89.0,1010.4,3.6,0.0,1.5
08/07/2024 08:00,9.6,85.2,1007.5,4.3,0.0,2.7
2024-07-08 09:00:00,10.6,85.1,1008.0,4.0,0.0,3.4
2024-07-08 10:00:00,10.9,84.8,1005.8,2.2,0.0,4.0
2024-07-08 11:00:00,11.9,82.0,1008.4,5.6,0.8,4.3
2024-07-08 12:00:00,14.1,81.7,1007.6,9.5,0.0,5.3
2024-07-08 13:00:00,11.2,80.3,1008.1,6.5,0.0,5.2
2024-07-08 14:00:00,11.4,77.1,1005.0,9.8,0.0,4.9
2024-07-08 15:00:00,9.7,79.2,1008.5,11.9,0.0,4.9
2024-07-08 16:00:00,10.6,75.1,1009.3,10.1,0.0,4.2
2024-07-08 17:00:00,8.2,77.9,1008.6,,0.0,2.9
2024-07-08 18:00:00,7.7,76.0,1008.9,16.6,0.0,2.1
2024-07-08 19:00:00,6.1,77.4,1010.2,15.9,0.0,1.1
2024-07-08 20:00:00,3.5,79.6,1005.6,27.2,0.0,0
08/07/2024 21:00,4.1,79.6,1006.6,16.2,0.0,0.0
2024-07-08 22:00:00,2.6,83.4,1006.7,10.2,0.0,0.0
2024-07-08 23:00:00,0.9,89.9,1008.0,7.3,0.0,0.0
2024-07-09 00:00:00,1.4,87.5,1006.0,8.4,0.0,0.0
2024-07-09 01:00:00,2.1,86.5,1007.3,10.5,2.1,0.0
2024-07-09 02:00:00,2.5,85.8,1006.1,9.0,0.0,0.0
2024-07-09 03:00:00,3.5,92.0,1007.8,4.6,0.0,0.0
2024-07-09 04:00:00,3.4,92.0,1006.2,8.1,0.0,0.0
09/07/2024 05:00,5.2,89.8,1010.4,5.0,0.0,0.0
2024-07-09 06:00:00,6.6,87.2,1009.1,4.7,0.0,0.1
2024-07-09 07:00:00,8.6,87.8,1007.1,3.9,1.4,0.7
2024-07-09 08:00:00,9.8,,1009.1,2.8,0.0,2.0
2024-07-09 09:00:00,9.8,84.4,1006.1,4.8,0.0,3.0
2024-07-09 10:00:00,12.5,82.3,1007.6,6.2,0.0,3.9
2024-07-09 11:00:00,12.1,80.4,1007.0,6.5,3.4,4.1
2024-07-09 12:00:00,12.1,78.7,1008.5,3.3,0.0,5.2
2024-07-09 13:00:00,12.5,79.0,1008.2,5.3,0.0,5.1
2024-07-09 14:00:00,12.2,77.9,1005.0,10.0,0.0,5.2
2024-07-09 15:00:00,11.1,74.8,1008.1,9.5,0.3,4.5
2024-07-09 16:00:00,9.1,79.0,1009.7,6.7,0.0,4.3
2024-07-09 17:00:00,8.8,75.4,1005.9,8.8,0.0,2.9
2024-07-09 18:00:00,7.4,79.5,1005.6,9.9,0.0,1.9
2024-07-09 19:00:00,4.5,75.5,1007.3,14.5,0.0,1.1
2024-07-09 20:00:00,4.5,78.2,1006.4,9.8,0.0,0.4
2024-07-09 21:00:00,5.3,76.6,1006.0,11.9,1.6,0.0
09/07/2024 22:00,2.7,82.9,1005.6,13.0,0.0,0.0
2024-07-09 23:00:00,2.1,84.0,1006.2,11.8,0.0,0.0
2024-07-10 00:00:00,2.3,89.7,1006.2,9.9,2.2,0.0
2024-07-10 01:00:00,2.7,88.0,1008.6,9.4,0.0,0.0
2024-07-10 02:00:00,2.6,89.8,1007.2,5.6,0.0,0.0
2024-07-10 03:00:00,2.5,89.6,1008.0,11.4,0.0,0.0
2024-07-10 04:00:00,3.3,93.0,1008.2,4.0,3.7,0.0
2024-07-10 05:00:00,5.9,90.1,1007.2,6.5,0.0,0.0
2024-07-10 06:00:00,7.6,89.6,1009.2,3.7,0.0,0.2
2024-07-10 07:00:00,8.2,87.8,1008.1,3.7,0.0,1.5
2024-07-10 08:00:00,9.7,86.8,1008.6,6.8,0.0,2.0
10/07/2024 09:00,9.6,86.6,1008.3,4.1,0.0,3.0
2024-07-10 10:00:00,10.6,82.6,1008.2,4.1,2.1,4.0
2024-07-10 11:00:00,12.3,77.0,1008.6,4.6,0.0,4.9
2024-07-10 12:00:00,11.9,83.5,1010.9,8.3,0.0,4.9
2024-07-10 13:00:00,11.9,75.5,1010.4,7.6,0.0,5.0
2024-07-10 14:00:00,11.7,77.1,1006.8,8.4,3.5,4.8
2024-07-10 15:00:00,9.9,77.2,1007.1,6.4,0.0,4.7
2024-07-10 16:00:00,9.1,78.2,1006.6,13.0,0.0,3.9
2024-07-10 17:00:00,8.3,77.3,1005.6,14.7,3.2,3.1
10/07/2024 18:00,6.9,78.3,1006.3,21.1,0.5,2.6
2024-07-10 19:00:00,5.9,73.3,1004.9,13.1,0.0,0.8
2024-07-10 20:00:00,5.7,75.5,1008.1,18.3,0.0,0.2
2024-07-10 21:00:00,2.2,79.1,1008.9,12.3,2.5,0.0
2024-07-10 22:00:00,2.0,81.5,1007.0,8.2,0.0,0.0
2024-07-10 23:00:00,1.7,80.0,1009.2,12.9,0.0,0.0
2024-07-11 00:00:00,2.1,87.3,1008.3,14.3,0.0,0.0
2024-07-11 01:00:00,1.6,93.6,1007.2,16.2,0.0,0.0
2024-07-11 02:00:00,3.2,86.0,1008.1,15.1,0.0,0.0
2024-07-11 03:00:00,4.0,88.3,1007.4,12.7,0.0,0.0
2024-07-11 04:00:00,5.3,89.3,1007.8,8.4,0.0,0.0
2024-07-11 05:00:00,5.5,90.8,1008.4,4.9,0.0,0.0
2024-07-11 06:00:00,6.8,90.8,1010.0,10.1,0.0,0.5
2024-07-11 07:00:00,8.4,89.6,1007.7,5.1,0.0,1.0
2024-07-11 08:00:00,10.1,90.4,1007.7,4.1,0.0,2.2
2024-07-11 09:00:00,10.2,86.1,1008.4,4.4,0.0,3.0
2024-07-11 10:00:00,11.5,89.1,1008.5,4.9,0.0,4.0
2024-07-11 11:00:00,11.8,81.0,1006.2,2.8,0.0,4.4
2024-07-11 12:00:00,10.5,82.0,1007.0,3.1,0.0,5.3
2024-07-11 13:00:00,11.7,76.8,1008.0,4.0,0.0,5.0
2024-07-11 14:00:00,10.9,80.6,1006.3,8.7,0.0,5.0
2024-07-11 15:00:00,11.0,75.1,1008.3,6.7,0.0,4.9
2024-07-11 16:00:00,7.7,78.0,1006.8,6.1,0.0,4.0
11/07/2024 17:00,8.8,76.1,1008.9,15.7,0.0,3.4
2024-07-11 18:00:00,8.1,75.8,1006.7,8.8,0.0,1.7
2024-07-11 19:00:00,4.9,78.9,1008.2,10.7,0.0,1.0
11/07/2024 20:00,3.5,81.6,1010.9,19.3,0.0,0.1
2024-07-11 21:00:00,4.6,80.8,1007.0,14.2,0.0,0.0
2024-07-11 22:00:00,3.5,80.5,1007.4,20.3,0.0,0.0
2024-07-11 23:00:00,1.9,85.8,1007.8,11.0,0.0,0.0
2024-07-12 00:00:00,1.8,83.8,1006.0,9.2,0.0,0.0
2024-07-12 01:00:00,2.3,88.7,1007.4,12.8,0.0,0.0
2024-07-12 02:00:00,2.7,90.3,1005.6,10.5,0.0,0.0
2024-07-12 03:00:00,3.2,89.7,1007.0,4.9,0.0,0.0
12/07/2024 04:00,4.2,93.6,1005.7,9.8,0.0,0.0
2024-07-12 05:00:00,6.4,91.8,1007.5,3.9,0.0,0.0
2024-07-12 06:00:00,7.4,91.3,1009.3,3.4,0.0,0.1
2024-07-12 07:00:00,7.2,90.4,1009.0,4.0,0.0,1.1
2024-07-12 08:00:00,9.7,90.7,1010.7,5.9,0.0,2.1
2024-07-12 09:00:00,10.3,86.9,1007.7,6.5,0.0,3.0
2024-07-12 10:00:00,11.2,86.7,1007.9,4.1,0.0,4.2
2024-07-12 11:00:00,11.2,85.4,1007.1,3.0,0.0,4.6
2024-07-12 12:00:00,10.8,81.5,1009.6,7.2,0.0,4.8
12/07/2024 13:00,11.4,82.9,1008.9,16.5,0.0,4.8
2024-07-12 14:00:00,10.8,78.7,1006.5,9.2,0.0,4.9
2024-07-12 15:00:00,11.0,76.1,1011.4,9.3,0.0,4.5
12/07/2024 16:00,9.4,76.6,1009.5,6.3,0.0,4.4
2024-07-12 17:00:00,9.9,76.9,1008.5,14.2,2.8,3.4
2024-07-12 18:00:00,8.5,71.4,1009.2,11.4,0.0,2.2
2024-07-12 19:00:00,6.5,75.8,1006.8,14.1,0.0,1.4
2024-07-12 20:00:00,4.4,80.4,1009.8,18.8,0.0,0.2
2024-07-12 21:00:00,2.6,82.2,1006.3,20.9,0.0,0.0
2024-07-12 22:00:00,2.7,83.4,1008.5,7.4,0.0,0.0
2024-07-12 23:00:00,1.8,86.1,1005.4,7.3,0.0,0.0
2024-07-13 00:00:00,2.3,84.1,1008.0,14.8,0.0,0.0
2024-07-13 01:00:00,1.9,87.7,1006.8,18.8,0.0,0.0
2024-07-13 02:00:00,3.5,88.3,1007.0,8.2,2.1,0.0
2024-07-13 03:00:00,3.3,88.1,1007.2,9.5,0.0,0.0
2024-07-13 04:00:00,6.4,87.2,1009.5,8.9,0.0,0.0
2024-07-13 05:00:00,5.9,92.7,1009.7,3.7,0.0,0.0
2024-07-13 06:00:00,7.8,90.5,1005.8,2.7,0.0,0
2024-07-13 07:00:00,8.4,88.6,1006.5,7.2,6.6,1.3
2024-07-13 08:00:00,9.5,86.4,1006.9,6.5,0.0,1.7
2024-07-13 09:00:00,11.0,85.0,1007.4,3.0,0.0,3.2
2024-07-13 10:00:00,12.4,83.7,1008.7,5.7,0.0,4.1
2024-07-13 11:00:00,12.5,82.5,1009.0,6.6,0.0,4.8
2024-07-13 12:00:00,12.3,78.1,1010.5,8.2,0.8,5.3
2024-07-13 13:00:00,10.4,78.2,1006.8,4.4,0.0,5.2
2024-07-13 14:00:00,11.3,79.4,1008.0,6.8,0.0,5.5
2024-07-13 15:00:00,11.0,77.1,1007.5,12.2,0.0,4.5
2024-07-13 16:00:00,9.7,72.5,1007.4,10.1,0.0,3.8
2024-07-13 17:00:00,8.8,74.0,1008.4,10.9,0.0,3.2
2024-07-13 18:00:00,7.9,74.4,1007.1,19.3,0.0,2.4
2024-07-13 19:00:00,6.1,77.8,1008.4,7.3,1.6,1.4
2024-07-13 20:00:00,4.9,80.0,1009.1,22.0,0.0,0
2024-07-13 21:00:00,3.6,82.4,1010.4,7.6,4.1,0.0
2024-07-13 22:00:00,3.2,78.6,1005.9,12.8,0.0,0.0
2024-07-13 23:00:00,3.2,84.0,1008.9,10.3,0.0,0.0
2024-07-14 00:00:00,1.1,89.3,1010.0,7.2,0.0,0.0
2024-07-14 01:00:00,1.2,87.1,1008.4,7.8,7.3,0.0
2024-07-14 02:00:00,2.1,90.4,1007.2,13.4,0.0,0.0
2024-07-14 03:00:00,3.0,88.4,1008.5,6.9,0.0,0.0
2024-07-14 04:00:00,4.8,91.3,1008.2,7.9,0.0,0.0
2024-07-14 05:00:00,5.5,90.2,1008.8,7.6,0.0,0.0
2024-07-14 06:00:00,6.9,92.8,1008.0,1.9,0.0,0
2024-07-14 07:00:00,7.9,93.3,1005.9,3.4,0.0,0.7
2024-07-14 08:00:00,9.9,86.5,1006.1,2.6,1.5,2.1
2024-07-14 09:00:00,10.7,84.0,1007.0,2.6,0.0,3.7
2024-07-14 10:00:00,10.1,83.2,1008.6,4.4,2.4,4.4
2024-07-14 11:00:00,12.3,82.4,1009.0,3.8,0.0,4.5
2024-07-14 12:00:00,12.1,81.0,1006.1,8.9,0.1,4.9
2024-07-14 13:00:00,11.2,77.1,1008.0,6.2,0.0,5.4
2024-07-14 14:00:00,10.4,80.8,1009.3,12.3,0.0,5.1
2024-07-14 15:00:00,9.7,74.3,1006.9,12.1,0.0,4.4
2024-07-14 16:00:00,9.7,77.3,1005.5,6.4,0.0,3.9
14/07/2024 17:00,7.2,75.5,1009.1,13.0,0.0,3.5
2024-07-14 18:00:00,6.7,75.5,1010.3,19.9,7.7,2.1
2024-07-14 19:00:00,7.4,76.8,1010.1,14.7,0.0,1.3
2024-07-14 20:00:00,4.8,78.1,1007.2,25.8,0.0,0.2
2024-07-14 21:00:00,2.8,81.7,1009.2,21.2,0.0,0.0
2024-07-14 22:00:00,1.5,84.0,1006.4,27.0,0.0,0.0
2024-07-14 23:00:00,2.3,85.0,1008.1,15.1,0.0,0.0
2024-07-15 00:00:00,1.3,85.0,1008.7,12.1,0.0,0.0
2024-07-15 01:00:00,1.3,86.2,1012.6,6.7,0.0,0.0
2024-07-15 02:00:00,2.7,88.6,1009.3,15.4,0.0,0.0
2024-07-15 03:00:00,2.7,88.9,1006.2,7.5,0.0,0.0
2024-07-15 04:00:00,4.6,94.5,1008.5,5.2,3.1,0.0
2024-07-15 05:00:00,5.9,90.3,1010.8,6.1,0.0,0.0
2024-07-15 06:00:00,8.2,88.7,1005.1,5.7,0.0,0
2024-07-15 07:00:00,7.6,91.5,1008.4,6.1,0.0,0.8
2024-07-15 08:00:00,10.7,87.1,1004.1,4.4,0.0,2.1
2024-07-15 09:00:00,10.6,86.9,1008.5,4.0,0.0,3.3
2024-07-15 10:00:00,10.5,86.9,1008.1,4.2,0.0,3.8
2024-07-15 11:00:00,11.7,83.8,1008.7,3.9,0.0,4.6
2024-07-15 12:00:00,11.0,85.8,1006.3,7.1,0.0,5.3
2024-07-15 13:00:00,9.7,80.5,1008.1,9.4,0.0,5.2
2024-07-15 14:00:00,12.1,78.7,1008.2,4.2,0.0,4.9
2024-07-15 15:00:00,9.1,77.0,1009.4,15.1,1.5,4.4
2024-07-15 16:00:00,9.0,76.3,1009.8,9.4,0.0,4.2
2024-07-15 17:00:00,8.3,79.5,1008.4,16.0,0.0,3.4
15/07/2024 18:00,7.8,73.8,1006.9,13.2,1.5,2.1
2024-07-15 19:00:00,5.6,77.6,1008.8,13.7,0.0,1.0
2024-07-15 20:00:00,4.6,75.6,1007.0,14.7,0.0,0.1
2024-07-15 21:00:00,4.6,81.3,1009.0,19.6,0.1,0.0
2024-07-15 22:00:00,2.9,82.2,1009.8,11.2,0.0,0.0
2024-07-15 23:00:00,3.1,82.0,1007.8,13.6,0.0,0.0
2024-07-16 00:00:00,2.9,85.9,1008.4,19.6,0.0,0.0
2024-07-16 01:00:00,3.6,87.6,1009.0,22.5,0.0,0.0
2024-07-16 02:00:00,2.8,87.6,1009.7,7.5,0.0,0.0
2024-07-16 03:00:00,4.8,90.2,1009.6,8.3,0.0,0.0
2024-07-16 04:00:00,4.3,92.0,1006.6,7.9,0.0,0.0
2024-07-16 05:00:00,6.5,91.5,1007.8,4.9,0.0,0.0
2024-07-16 06:00:00,6.0,96.4,1007.7,3.4,0.0,0.1
2024-07-16 07:00:00,8.8,92.1,1011.3,4.7,0.0,1.2
16/07/2024 08:00,9.8,87.9,1008.8,1.8,0.0,2.1
2024-07-16 09:00:00,10.4,84.3,1007.4,5.9,2.8,3.2
2024-07-16 10:00:00,11.6,85.3,1009.0,4.3,0.0,3.7
2024-07-16 11:00:00,12.1,84.7,1007.8,5.4,0.0,4.9
16/07/2024 12:00,,78.6,1009.0,8.6,0.0,4.7
2024-07-16 13:00:00,12.5,79.6,1007.2,7.8,0.0,5.0
2024-07-16 14:00:00,11.1,78.3,1010.6,15.5,0.0,4.8
2024-07-16 15:00:00,,77.6,1006.1,13.8,2.1,4.5
2024-07-16 16:00:00,9.6,80.1,1008.5,20.1,0.0,3.7
2024-07-16 17:00:00,9.2,73.9,1010.4,15.6,0.0,3.1
2024-07-16 18:00:00,6.0,75.9,1009.4,16.4,0.0,2.3
2024-07-16 19:00:00,7.3,78.0,1007.0,13.8,0.0,1.4
2024-07-16 20:00:00,4.2,80.5,1007.3,12.8,0.0,0
2024-07-16 21:00:00,4.2,80.5,1009.7,14.9,0.0,0.0
2024-07-16 22:00:00,4.1,85.6,1008.4,13.6,0.0,0.0
16/07/2024 23:00,2.5,85.0,1005.3,14.8,0.0,0.0
2024-07-17 00:00:00,2.1,86.3,1008.4,13.9,0.0,0.0
2024-07-17 01:00:00,2.8,85.8,1006.1,10.4,0.0,0.0
2024-07-17 02:00:00,1.4,90.0,1006.3,8.1,5.7,0.0
2024-07-17 03:00:00,3.6,90.8,1007.8,13.8,0.0,0.0
2024-07-17 04:00:00,5.7,92.6,1007.7,4.8,0.0,0.0
2024-07-17 05:00:00,6.0,92.1,1005.9,3.3,0.0,0.0
2024-07-17 06:00:00,7.6,89.6,1008.1,7.4,2.3,0
2024-07-17 07:00:00,7.6,90.6,1010.1,3.8,0.0,0.9
2024-07-17 08:00:00,8.5,89.8,1008.8,6.1,0.0,2.1
2024-07-17 09:00:00,,86.8,1008.0,4.6,0.0,3.3
2024-07-17 10:00:00,11.0,84.5,1007.1,7.0,0.0,4.1
2024-07-17 11:00:00,12.9,79.0,1007.6,3.8,0.0,4.8
2024-07-17 12:00:00,12.0,75.8,1008.0,8.3,0.0,4.6
2024-07-17 13:00:00,12.8,76.9,1007.1,3.6,0.0,4.6
2024-07-17 14:00:00,9.9,77.9,1007.9,5.1,0.0,5.2
2024-07-17 15:00:00,10.9,75.9,1008.1,5.4,0.0,4.3
2024-07-17 16:00:00,9.5,73.4,1011.4,14.6,0.0,4.1
2024-07-17 17:00:00,9.6,74.2,1008.5,8.6,0.8,3.2
2024-07-17 18:00:00,4.3,74.4,1010.3,14.8,0.0,2.4
2024-07-17 19:00:00,7.1,73.7,1010.1,9.7,0.0,1.1
2024-07-17 20:00:00,5.8,74.3,1009.2,8.7,0.0,0.4
2024-07-17 21:00:00,4.1,78.3,1007.8,16.8,0.0,0.0
2024-07-17 22:00:00,2.8,83.2,1009.3,12.2,2.8,0.0
2024-07-17 23:00:00,3.1,80.3,1009.3,14.9,0.0,0.0
2024-07-18 00:00:00,1.7,88.0,1005.4,11.9,1.2,0.0
2024-07-18 01:00:00,2.4,85.2,1009.1,12.7,0.0,0.0
2024-07-18 02:00:00,2.3,90.9,1010.6,10.7,0.0,0.0
2024-07-18 03:00:00,2.8,89.1,1010.0,12.3,0.0,0.0
2024-07-18 04:00:00,4.3,91.4,1007.1,7.9,0.0,0.0
2024-07-18 05:00:00,5.0,92.0,1009.1,3.3,1.1,0.0
2024-07-18 06:00:00,7.4,91.5,1007.6,6.5,0.0,0
2024-07-18 07:00:00,7.4,87.8,1008.6,6.6,0.0,0.7
2024-07-18 08:00:00,10.2,85.9,1009.6,5.3,0.0,1.8
2024-07-18 09:00:00,10.5,84.2,1006.4,9.2,0.0,3.2
2024-07-18 10:00:00,10.4,85.3,1009.5,3.9,0.0,3.9
2024-07-18 11:00:00,11.2,83.4,1009.2,5.6,0.0,4.9
2024-07-18 12:00:00,11.5,81.9,1011.2,7.7,0.0,5.0
2024-07-18 13:00:00,13.6,77.3,1005.1,4.3,0.0,5.2
2024-07-18 14:00:00,11.2,79.9,1008.1,14.1,0.0,4.7
2024-07-18 15:00:00,10.9,73.2,1007.9,8.6,0.0,4.7
2024-07-18 16:00:00,10.0,75.3,1008.4,8.6,0.0,3.9
2024-07-18 17:00:00,8.1,74.5,1008.7,6.8,0.0,3.1
2024-07-18 18:00:00,,77.4,1007.3,14.0,0.0,2.3
2024-07-18 19:00:00,5.8,75.8,1009.0,18.2,0.0,1.3
2024-07-18 20:00:00,4.7,80.8,1008.0,19.2,4.9,0
2024-07-18 21:00:00,4.1,79.8,1006.1,11.7,0.0,0.0
2024-07-18 22:00:00,2.7,83.7,1005.3,18.6,0.0,0.0
2024-07-18 23:00:00,1.6,86.9,1007.5,17.4,0.0,0.0
2024-07-19 00:00:00,2.3,85.9,1010.4,11.6,0.0,0.0
2024-07-19 01:00:00,2.7,83.0,1008.5,8.1,0.0,0.0
2024-07-19 02:00:00,3.3,89.0,1007.5,9.0,0.0,0.0
2024-07-19 03:00:00,4.1,89.0,1008.7,5.6,0.0,0.0
2024-07-19 04:00:00,4.8,89.9,1011.5,4.6,0.0,0.0
2024-07-19 05:00:00,4.9,90.9,1007.6,11.9,0.0,0.0
2024-07-19 06:00:00,8.3,88.9,1009.4,6.5,0.0,0.3
19/07/2024 07:00,7.7,92.6,1009.5,4.4,0.0,1.4
2024-07-19 08:00:00,9.1,90.2,1010.1,5.4,0.3,2.4
2024-07-19 09:00:00,9.9,87.9,1004.9,6.4,0.0,2.8
2024-07-19 10:00:00,11.0,84.7,1009.6,3.2,0.0,3.8
2024-07-19 11:00:00,11.7,80.8,1008.3,6.4,0.0,4.3
2024-07-19 12:00:00,12.4,79.7,1009.1,13.6,0.0,5.0
2024-07-19 13:00:00,11.2,81.4,1009.2,8.4,0.0,4.6
2024-07-19 14:00:00,11.6,79.0,1007.2,12.8,0.0,4.9
2024-07-19 15:00:00,12.1,77.5,1007.0,11.8,0.9,4.3
2024-07-19 16:00:00,8.9,76.8,1008.3,14.9,0.0,3.4
2024-07-19 17:00:00,8.0,79.6,1006.3,14.4,0.0,2.9
2024-07-19 18:00:00,6.9,76.9,1004.6,11.5,0.0,2.2
2024-07-19 19:00:00,5.5,76.2,1006.6,13.0,5.4,1.4
2024-07-19 20:00:00,4.8,82.2,1007.9,8.2,0.0,0.2
2024-07-19 21:00:00,3.6,80.1,1007.6,14.0,0.0,0.0
2024-07-19 22:00:00,0.7,85.5,1009.0,19.0,0.0,0.0
2024-07-19 23:00:00,2.5,84.0,1007.3,18.9,0.0,0.0
2024-07-20 00:00:00,2.2,87.1,1006.3,16.4,0.0,0.0
2024-07-20 01:00:00,2.0,86.7,1008.1,12.2,0.0,0.0
2024-07-20 02:00:00,2.7,88.5,1006.9,10.5,0.0,0.0
2024-07-20 03:00:00,3.9,89.7,1007.6,8.8,0.0,0.0
2024-07-20 04:00:00,4.6,87.6,1009.6,6.3,0.0,0.0
2024-07-20 05:00:00,,90.5,1010.2,6.5,1.9,0.0
2024-07-20 06:00:00,7.3,-5,1011.1,3.3,0.0,0
2024-07-20 07:00:00,7.3,87.7,1009.9,12.1,0.0,0.8
2024-07-20 08:00:00,9.3,92.3,1007.1,6.5,0.0,2.1
2024-07-20 09:00:00,10.8,86.4,1008.1,3.7,0.0,2.9
2024-07-20 10:00:00,12.2,87.5,1009.1,4.8,3.6,4.0
2024-07-20 11:00:00,12.0,83.5,1009.8,6.4,0.0,4.6
2024-07-20 12:00:00,11.3,79.8,1010.1,5.8,0.0,5.0
2024-07-20 13:00:00,11.5,79.8,1008.1,7.3,0.0,5.4
2024-07-20 14:00:00,11.4,78.9,1007.6,12.2,0.0,4.7
2024-07-20 15:00:00,10.6,77.3,1007.7,9.3,0.0,4.6
2024-07-20 16:00:00,8.9,77.5,1008.0,12.1,0.0,3.9
2024-07-20 17:00:00,8.8,72.8,1010.7,17.6,0.0,3.2
2024-07-20 18:00:00,7.2,,1008.0,9.2,0.0,2.2
2024-07-20 19:00:00,5.6,75.9,1007.4,15.4,0.0,1.3
2024-07-20 20:00:00,4.2,78.1,1004.7,20.9,0.0,0
2024-07-20 21:00:00,2.9,76.9,1008.4,18.6,0.0,0.0
2024-07-20 22:00:00,2.4,76.8,1010.0,12.4,0.0,0.0
2024-07-20 23:00:00,1.5,86.8,1008.9,17.8,0.0,0.0
2024-07-21 00:00:00,0.6,89.0,1006.2,17.3,0.0,0.0
2024-07-21 01:00:00,1.3,89.1,1008.6,8.7,0.0,0.0
2024-07-21 02:00:00,3.4,87.0,1009.9,8.1,1.1,0.0
2024-07-21 03:00:00,3.3,90.1,1007.3,17.8,0.0,0.0
2024-07-21 04:00:00,4.6,91.6,1007.4,11.5,0.0,0.0
2024-07-21 05:00:00,4.1,90.5,1008.1,4.2,0.0,0.0
2024-07-21 06:00:00,6.5,92.9,1009.7,6.6,0.0,0.5
2024-07-21 07:00:00,7.1,88.8,1008.5,6.9,0.0,1.4
2024-07-21 08:00:00,10.2,87.3,1007.4,5.7,0.4,2.2
2024-07-21 09:00:00,10.5,86.4,1006.3,6.8,0.0,3.1
2024-07-21 10:00:00,11.6,84.3,1011.4,7.1,0.0,4.2
21/07/2024 11:00,14.2,80.6,1007.1,4.0,0.0,4.4
2024-07-21 12:00:00,11.6,84.0,1009.4,7.2,0.0,4.4
2024-07-21 13:00:00,12.0,80.1,1009.5,4.7,0.0,5.0
2024-07-21 14:00:00,11.7,77.8,1008.0,7.5,3.3,4.9
2024-07-21 15:00:00,10.2,78.0,1008.5,9.8,0.0,4.2
21/07/2024 16:00,9.6,78.0,1008.8,11.0,0.2,3.9
2024-07-21 17:00:00,7.6,74.7,1008.1,10.9,7.6,3.5
2024-07-21 18:00:00,7.8,78.2,1006.5,9.9,0.0,1.9
2024-07-21 19:00:00,5.2,79.4,1004.6,7.3,0.0,1.1
2024-07-21 20:00:00,5.5,81.1,1008.0,20.8,0.0,0.4
2024-07-21 21:00:00,3.5,79.4,1009.0,18.2,0.0,0.0
2024-07-21 22:00:00,3.2,81.2,1007.5,11.8,0.0,0.0
2024-07-21 23:00:00,3.6,84.1,1009.0,10.9,0.0,0.0
2024-07-22 00:00:00,1.6,84.9,1009.4,16.1,0.0,0.0
2024-07-22 01:00:00,2.4,83.4,1009.8,12.7,0.2,0.0
2024-07-22 02:00:00,3.6,,1010.8,12.3,0.0,0.0
2024-07-22 03:00:00,2.6,91.4,1010.6,12.5,0.0,0.0
2024-07-22 04:00:00,4.5,94.1,1006.9,12.9,0.0,0.0
2024-07-22 05:00:00,6.2,88.3,1010.4,8.2,0.0,0.0
2024-07-22 06:00:00,7.8,89.4,1010.0,8.0,0.0,0.1
2024-07-22 07:00:00,8.7,87.6,1009.9,4.7,2.6,0.9
2024-07-22 08:00:00,9.8,85.7,1010.5,5.2,0.0,2.4
2024-07-22 09:00:00,10.9,90.2,1011.2,4.8,5.9,3.0
2024-07-22 10:00:00,11.3,86.4,1009.6,4.9,0.0,4.1
2024-07-22 11:00:00,11.2,82.6,1009.0,5.4,0.0,4.6
2024-07-22 12:00:00,11.7,80.3,1008.9,7.3,0.0,4.4
2024-07-22 13:00:00,11.0,81.9,1006.2,7.8,0.0,5.4
2024-07-22 14:00:00,11.1,75.6,1007.5,17.3,0.0,4.9
2024-07-22 15:00:00,,79.9,1009.6,6.5,0.0,4.6
2024-07-22 16:00:00,10.4,75.6,1006.3,11.8,0.0,3.7
2024-07-22 17:00:00,7.5,78.0,1008.5,13.1,0.0,3.2
2024-07-22 18:00:00,6.6,77.3,1005.2,8.1,0.0,2.5
2024-07-22 19:00:00,5.9,79.3,1007.8,18.4,0.0,0.8
2024-07-22 20:00:00,4.4,76.4,1011.5,29.6,0.0,0
2024-07-22 21:00:00,3.0,81.0,1010.2,15.0,0.0,0.0
2024-07-22 22:00:00,3.7,82.8,1005.5,26.9,0.0,0.0
2024-07-22 23:00:00,2.8,83.6,1007.4,8.1,0.0,0.0
2024-07-23 00:00:00,1.7,87.4,1008.4,12.0,1.1,0.0
2024-07-23 01:00:00,2.5,88.4,1009.4,6.8,0.0,0.0
2024-07-23 02:00:00,4.3,86.5,1006.3,17.3,0.0,0.0
23/07/2024 03:00,3.8,91.7,1007.9,10.7,0.4,0.0
2024-07-23 04:00:00,3.4,92.5,1006.2,11.7,0.0,0.0
2024-07-23 05:00:00,6.3,90.0,1008.9,4.5,0.0,0.0
2024-07-23 06:00:00,7.1,91.5,1009.9,4.3,0.0,0.1
2024-07-23 07:00:00,8.8,89.7,1007.9,4.3,0.0,1.2
2024-07-23 08:00:00,10.1,88.8,1008.2,4.0,0.0,2.2
2024-07-23 09:00:00,9.8,85.9,1008.6,4.0,0.0,3.1
2024-07-23 10:00:00,11.7,82.8,1007.5,4.0,0.0,4.0
2024-07-23 11:00:00,12.3,82.6,1006.1,5.0,0.0,5.1
2024-07-23 12:00:00,11.4,78.1,1009.0,6.8,0.0,5.2
2024-07-23 13:00:00,10.7,78.9,1007.3,7.4,0.0,5.3
2024-07-23 14:00:00,11.7,77.5,1004.5,16.1,0.0,4.5
2024-07-23 15:00:00,10.4,77.2,1008.7,18.9,0.0,4.6
2024-07-23 16:00:00,9.4,77.8,1006.6,16.1,0.0,4.4
2024-07-23 17:00:00,8.2,78.8,1007.4,20.6,0.0,3.1
2024-07-23 18:00:00,7.6,76.9,1008.8,14.2,0.0,2.3
2024-07-23 19:00:00,4.1,77.9,1008.2,12.8,2.3,0.9
2024-07-23 20:00:00,3.2,79.0,1008.0,27.2,0.0,0
2024-07-23 21:00:00,4.2,79.9,1011.8,16.2,0.0,0.0
2024-07-23 22:00:00,2.2,82.7,1009.2,6.9,0.0,0.0
2024-07-23 23:00:00,2.8,84.6,1008.1,12.4,0.0,0.0
2024-07-24 00:00:00,1.1,84.0,1009.1,19.1,2.2,0.0
2024-07-24 01:00:00,3.0,87.4,1008.5,24.8,0.0,0.0
2024-07-24 02:00:00,2.0,90.6,1010.0,5.2,0.0,0.0
2024-07-24 03:00:00,2.3,94.3,1006.7,9.1,0.0,0.0
2024-07-24 04:00:00,4.4,91.6,1008.7,12.9,0.0,0.0
2024-07-24 05:00:00,5.9,89.9,1009.7,9.4,0.0,0.0
2024-07-24 06:00:00,7.6,89.6,1007.9,6.9,0.0,0
2024-07-24 07:00:00,9.5,88.6,1007.5,4.1,0.0,1.2
2024-07-24 08:00:00,9.9,87.3,1009.7,5.7,0.0,2.8
2024-07-24 09:00:00,11.5,85.1,1009.8,2.6,0.0,3.4
2024-07-24 10:00:00,11.9,84.4,1008.7,4.3,6.4,4.0
2024-07-24 11:00:00,11.8,86.0,1010.1,20.7,0.0,5.0
2024-07-24 12:00:00,10.7,78.0,1008.5,4.3,0.0,5.0
2024-07-24 13:00:00,12.3,78.3,1008.9,7.4,0.0,5.1
2024-07-24 14:00:00,11.4,78.6,1008.8,7.9,0.0,4.8
2024-07-24 15:00:00,10.5,75.2,1010.1,18.9,0.0,4.5
2024-07-24 16:00:00,9.5,75.4,1007.5,16.0,0.0,3.6
2024-07-24 17:00:00,9.1,74.0,1009.7,10.0,0.0,3.4
2024-07-24 18:00:00,7.3,77.3,1007.8,13.6,0.0,2.4
2024-07-24 19:00:00,6.8,76.0,1009.1,24.2,0.0,1.3
2024-07-24 20:00:00,3.1,79.9,1006.4,20.9,0.0,0.0
2024-07-24 21:00:00,3.7,78.6,1011.4,18.3,0.0,0.0
2024-07-24 22:00:00,2.2,82.7,1006.6,13.2,0.0,0.0
2024-07-24 23:00:00,1.7,82.5,1006.9,21.2,0.0,0.0
2024-07-25 00:00:00,3.3,83.8,1007.7,14.3,0.0,0.0
2024-07-25 01:00:00,1.4,92.5,1007.6,20.5,0.0,0.0
2024-07-25 02:00:00,2.2,90.6,1010.0,7.7,0.0,0.0
2024-07-25 03:00:00,4.0,89.8,1006.9,8.1,0.0,0.0
2024-07-25 04:00:00,4.7,91.0,1009.7,6.2,0.0,0.0
25/07/2024 05:00,5.7,92.0,1009.3,3.2,0.0,0.0
2024-07-25 06:00:00,5.9,90.5,1007.3,6.7,0.0,0
2024-07-25 07:00:00,8.4,88.8,1008.4,3.6,0.0,1.0
2024-07-25 08:00:00,10.3,87.3,1005.4,5.2,0.0,2.2
2024-07-25 09:00:00,11.3,89.4,1009.2,7.6,0.0,3.2
2024-07-25 10:00:00,12.2,83.3,1008.2,6.3,0.0,4.1
2024-07-25 11:00:00,11.6,81.4,1009.5,5.9,0.0,4.8
2024-07-25 12:00:00,12.4,81.6,1012.1,4.0,0.0,4.9
2024-07-25 13:00:00,12.7,80.7,1009.6,5.6,0.0,4.8
2024-07-25 14:00:00,11.8,73.0,1006.8,10.4,0.0,5.1
2024-07-25 15:00:00,11.6,79.6,1008.6,5.9,0.0,4.0
2024-07-25 16:00:00,8.7,76.1,1008.0,12.0,0.0,3.6
2024-07-25 17:00:00,8.1,78.5,1008.2,12.5,0.0,2.7
2024-07-25 18:00:00,7.5,77.8,1007.8,13.5,0.0,2.1
2024-07-25 19:00:00,7.6,76.9,1009.9,11.3,3.4,1.2
2024-07-25 20:00:00,4.2,81.2,1007.7,10.1,0.0,0.1
2024-07-25 21:00:00,3.7,82.3,1006.6,10.3,0.0,0.0
2024-07-25 22:00:00,2.9,81.9,1008.9,16.2,0.0,0.0
25/07/2024 23:00,2.2,84.6,1009.4,9.8,0.0,0.0
2024-07-26 00:00:00,3.5,82.4,1007.7,16.6,1.7,0.0
2024-07-26 01:00:00,2.9,87.2,1006.6,12.5,0.0,0.0
2024-07-26 02:00:00,2.8,89.2,1006.6,8.3,0.0,0.0
2024-07-26 03:00:00,2.8,90.2,1010.3,9.3,0.0,0.0
2024-07-26 04:00:00,2.3,93.5,1010.3,5.7,0.0,0.0
26/07/2024 05:00,5.5,89.7,1008.9,4.8,0.0,0.0
2024-07-26 06:00:00,7.4,90.7,1010.1,2.9,0.0,0.2
2024-07-26 07:00:00,7.6,88.4,1009.5,2.7,0.0,0.8
2024-07-26 08:00:00,10.0,87.0,1008.1,4.4,0.0,2.5
2024-07-26 09:00:00,10.5,90.9,1008.9,3.9,0.0,3.0
2024-07-26 10:00:00,11.7,84.2,1008.6,4.7,0.0,3.8
2024-07-26 11:00:00,11.3,80.8,1008.8,3.1,0.0,4.2
2024-07-26 12:00:00,11.6,81.4,1009.9,9.5,0.0,4.6
2024-07-26 13:00:00,11.6,80.0,1008.9,11.0,0.0,5.1
2024-07-26 14:00:00,11.9,79.8,1008.0,9.1,0.0,4.8
2024-07-26 15:00:00,10.7,79.1,1006.3,7.0,0.1,4.4
2024-07-26 16:00:00,10.0,75.3,1008.3,10.4,0.0,3.8
26/07/2024 17:00,9.6,73.2,1008.4,19.6,0.0,3.5
2024-07-26 18:00:00,7.0,75.9,1009.1,17.9,0.0,1.6
2024-07-26 19:00:00,5.9,78.4,1007.5,10.1,0.0,0.7
2024-07-26 20:00:00,4.5,77.4,1008.1,16.8,0.0,0
2024-07-26 21:00:00,3.6,83.2,1008.6,18.9,0.0,0.0
2024-07-26 22:00:00,2.3,81.1,1007.7,9.6,0.0,0.0
2024-07-26 23:00:00,2.4,85.5,1002.8,21.5,0.0,0.0
2024-07-27 00:00:00,0.8,,1007.3,14.6,0.0,0.0
2024-07-27 01:00:00,2.2,85.0,1009.2,16.6,0.0,0.0
2024-07-27 02:00:00,2.8,,1007.3,10.0,0.0,0.0
2024-07-27 03:00:00,4.5,88.8,1009.5,6.3,0.0,0.0
2024-07-27 04:00:00,5.9,92.4,1010.5,6.2,0.0,0.0
2024-07-27 05:00:00,,86.0,1008.1,5.8,0.0,0.0
2024-07-27 06:00:00,6.8,91.6,1005.8,6.8,0.0,0.4
2024-07-27 07:00:00,7.6,85.4,1007.0,7.1,0.0,1.2
2024-07-27 08:00:00,8.3,87.3,1007.1,3.6,0.0,2.0
2024-07-27 09:00:00,11.9,84.7,1008.3,6.1,0.0,3.7
2024-07-27 10:00:00,11.2,86.8,1008.3,4.1,0.0,3.8
2024-07-27 11:00:00,12.8,82.3,1009.1,14.0,0.0,4.4
2024-07-27 12:00:00,11.9,81.7,1009.9,15.8,0.0,5.2
2024-07-27 13:00:00,13.4,79.0,1010.4,8.8,0.0,5.0
2024-07-27 14:00:00,11.3,78.5,1009.9,5.5,0.0,5.0
2024-07-27 15:00:00,10.6,79.2,1010.4,8.4,0.0,4.3
27/07/2024 16:00,10.7,77.6,1009.0,9.4,0.0,3.9
2024-07-27 17:00:00,8.0,77.2,1009.4,24.9,0.0,3.3
2024-07-27 18:00:00,6.2,77.8,1009.6,30.9,0.0,2.1
2024-07-27 19:00:00,6.2,77.4,1010.1,10.2,2.4,1.2
2024-07-27 20:00:00,5.1,81.3,1007.9,14.9,0.8,0.1
2024-07-27 21:00:00,4.1,84.4,1007.9,,0.0,0.0
2024-07-27 22:00:00,2.8,82.1,1008.1,11.4,0.0,0.0
2024-07-27 23:00:00,2.0,83.0,1011.1,11.9,0.0,0.0
2024-07-28 00:00:00,3.2,85.8,1008.4,18.1,0.0,0.0
2024-07-28 01:00:00,1.3,89.2,,7.8,0.0,0.0
2024-07-28 02:00:00,2.3,88.6,1008.4,15.7,0.0,0.0
2024-07-28 03:00:00,4.1,90.9,1011.1,11.2,0.0,0.0
2024-07-28 04:00:00,5.2,91.3,1008.4,3.4,0.0,0.0
2024-07-28 05:00:00,7.1,90.5,1007.5,6.5,0.0,0.0
2024-07-28 06:00:00,8.5,90.1,1008.4,4.6,0.0,0
2024-07-28 07:00:00,9.0,88.7,1005.8,5.0,0.0,1.4
2024-07-28 08:00:00,10.1,90.2,1009.3,5.0,0.0,2.6
2024-07-28 09:00:00,11.5,84.8,1009.2,7.5,0.0,2.8
2024-07-28 10:00:00,11.4,85.5,1007.8,5.6,0.0,4.1
2024-07-28 11:00:00,12.2,84.8,1012.5,4.9,0.0,4.4
2024-07-28 12:00:00,11.5,78.3,1010.0,7.9,0.0,5.0
2024-07-28 13:00:00,11.5,80.7,,8.0,0.0,5.4
2024-07-28 14:00:00,11.4,78.4,1009.7,6.0,0.0,4.8
2024-07-28 15:00:00,10.6,74.3,1012.8,22.8,0.0,4.6
2024-07-28 16:00:00,10.3,73.5,1005.5,17.8,0.0,3.9
2024-07-28 17:00:00,8.2,78.1,1009.3,15.7,0.0,3.1
2024-07-28 18:00:00,8.9,72.9,1008.2,12.0,0.0,2.2
28/07/2024 19:00,5.9,77.1,1006.4,6.8,0.0,1.3
2024-07-28 20:00:00,5.5,77.1,1007.9,21.6,0.0,0.1
2024-07-28 21:00:00,4.0,79.9,1007.8,17.4,0.0,0.0
2024-07-28 22:00:00,,83.0,1007.7,17.0,0.0,0.0
2024-07-28 23:00:00,2.4,82.9,1008.9,16.0,1.8,0.0
2024-07-29 00:00:00,0.5,88.1,1008.7,7.7,0.0,0.0
2024-07-29 01:00:00,3.0,89.8,1005.7,3.9,0.0,0.0
2024-07-29 02:00:00,3.3,90.7,1007.8,8.5,0.0,0.0
2024-07-29 03:00:00,3.6,89.0,1008.4,9.3,0.0,0.0
2024-07-29 04:00:00,4.5,86.6,1005.4,7.6,0.0,0.0
2024-07-29 05:00:00,4.4,92.3,1006.8,6.9,0.0,0.0
2024-07-29 06:00:00,8.0,92.8,1006.0,3.1,0.0,0.0
2024-07-29 07:00:00,8.4,88.8,1005.6,9.1,0.0,1.1
2024-07-29 08:00:00,9.6,89.9,1009.3,3.8,0.0,2.1
2024-07-29 09:00:00,11.1,88.0,1007.1,3.6,0.0,3.2
2024-07-29 10:00:00,11.5,86.4,1007.6,4.0,3.5,3.8
2024-07-29 11:00:00,12.1,81.8,1011.1,3.4,0.0,4.3
2024-07-29 12:00:00,12.6,80.3,1008.2,11.2,0.0,5.0
2024-07-29 13:00:00,13.1,78.1,1007.8,7.1,0.0,5.1
2024-07-29 14:00:00,11.3,76.7,1007.6,9.5,0.0,5.2
2024-07-29 15:00:00,11.4,75.2,1008.0,12.5,0.0,4.3
2024-07-29 16:00:00,9.2,74.2,1009.0,9.1,5.0,3.9
2024-07-29 17:00:00,10.1,0,1012.1,12.4,0.0,3.2
2024-07-29 18:00:00,7.3,76.5,1006.8,15.5,0.0,2.8
2024-07-29 19:00:00,5.4,79.6,1006.9,16.3,0.0,1.2
2024-07-29 20:00:00,3.8,80.9,1008.2,23.9,0.0,0.4
2024-07-29 21:00:00,4.8,81.4,1010.1,18.6,0.0,0.0
2024-07-29 22:00:00,2.3,82.6,1008.8,9.4,0.0,0.0
2024-07-29 23:00:00,1.8,81.6,1007.0,7.9,0.0,0.0
2024-07-30 00:00:00,2.2,87.1,1008.2,12.9,0.0,0.0
2024-07-30 01:00:00,3.1,86.0,1009.9,15.4,0.0,0.0
2024-07-30 02:00:00,2.7,89.7,1009.3,13.4,0.0,0.0
2024-07-30 03:00:00,2.8,88.4,1010.0,3.8,0.0,0.0
2024-07-30 04:00:00,3.8,90.8,1010.6,7.4,0.0,0.0
2024-07-30 05:00:00,7.0,88.0,1008.2,24.4,0.0,0.0
2024-07-30 06:00:00,6.9,90.7,1008.7,11.0,0.0,0
2024-07-30 07:00:00,8.4,89.9,1007.7,4.6,0.0,1.4
2024-07-30 08:00:00,10.4,87.3,1007.4,2.7,0.0,2.3
2024-07-30 09:00:00,10.7,87.3,1008.3,3.3,0.0,3.3
2024-07-30 10:00:00,10.9,83.4,1007.9,3.6,0.0,4.0
2024-07-30 11:00:00,13.2,82.5,1010.5,4.2,0.0,4.3
2024-07-30 12:00:00,12.5,78.7,1009.0,6.0,0.0,5.1
2024-07-30 13:00:00,12.7,75.3,1008.6,6.7,0.0,5.0
2024-07-30 14:00:00,11.1,76.3,1004.9,7.2,0.0,5.6
2024-07-30 15:00:00,12.0,75.9,1007.8,11.9,0.0,4.7
2024-07-30 16:00:00,9.6,75.9,1009.3,9.9,0.0,4.5
2024-07-30 17:00:00,8.6,74.3,1007.0,15.2,0.0,3.0
2024-07-30 18:00:00,7.4,76.4,1007.3,10.8,0.0,2.0
2024-07-30 19:00:00,7.0,76.2,1008.1,4.6,0.0,1.5
2024-07-30 20:00:00,4.4,77.3,1010.6,12.2,0.0,0.3
2024-07-30 21:00:00,1.9,81.4,1005.9,7.5,0.0,0.0
2024-07-30 22:00:00,1.9,82.3,1009.6,15.1,0.0,0.0
2024-07-30 23:00:00,2.3,82.7,1007.1,24.2,0.0,0.0
2024-07-31 00:00:00,2.3,85.1,1009.5,28.7,0.9,0.0
2024-07-31 01:00:00,3.5,87.2,1010.5,25.7,0.0,0.0
2024-07-31 02:00:00,2.5,88.1,1007.7,11.5,0.0,0.0
2024-07-31 03:00:00,3.2,87.9,1007.7,11.9,0.0,0.0
2024-07-31 04:00:00,5.2,87.9,1006.5,9.4,0.0,0.0
2024-07-31 05:00:00,4.5,95.1,1008.5,8.5,0.0,0.0
2024-07-31 06:00:00,7.2,90.9,1010.2,3.3,0.0,0
2024-07-31 07:00:00,8.7,91.5,1007.7,5.5,0.0,1.4
2024-07-31 08:00:00,10.1,89.3,1009.9,4.9,0.0,2.3
2024-07-31 09:00:00,10.2,86.2,1011.0,4.2,0.0,3.2
2024-07-31 10:00:00,-6.4,83.0,1010.2,8.0,0.0,3.4
2024-07-31 11:00:00,12.8,81.4,1008.8,5.3,0.0,4.8
2024-07-31 12:00:00,13.2,80.4,1011.5,8.7,0.0,5.4
2024-07-31 13:00:00,10.8,77.5,1009.3,8.4,0.0,5.4
2024-07-31 14:00:00,12.4,77.5,1008.2,11.1,0.0,5.1
2024-07-31 15:00:00,10.3,75.3,1009.5,15.3,0.0,4.6
2024-07-31 16:00:00,9.4,75.0,1007.7,16.0,0.0,4.5
2024-07-31 17:00:00,9.5,77.0,1010.8,13.2,0.0,3.3
2024-07-31 18:00:00,8.0,76.8,1009.6,11.1,0.0,2.5
2024-07-31 19:00:00,6.9,77.2,1008.4,23.8,0.0,1.1
31/07/2024 20:00,5.1,79.1,1006.8,7.1,0.0,0
2024-07-31 21:00:00,4.3,79.8,1008.4,8.3,0.0,0.0
2024-07-31 22:00:00,2.5,81.2,1009.8,18.9,0.0,0.0
2024-07-31 23:00:00,3.5,81.7,1006.2,20.4,0.0,0.0
2024-08-01 00:00:00,3.4,87.4,1010.0,23.0,0.0,0.0
2024-08-01 01:00:00,1.9,86.0,1006.7,12.6,0.0,0.0
2024-08-01 02:00:00,3.1,88.4,1011.1,10.4,0.0,0.0
2024-08-01 03:00:00,4.7,88.1,1008.6,11.3,0.0,0.0
2024-08-01 04:00:00,4.8,92.4,1008.8,5.0,0.0,0.0
2024-08-01 05:00:00,6.7,89.9,1009.6,6.1,0.0,0.0
2024-08-01 06:00:00,6.8,89.8,1009.5,3.9,0.0,0
2024-08-01 07:00:00,8.4,87.5,1007.2,4.4,0.0,1.0
2024-08-01 08:00:00,8.9,90.8,1009.3,6.4,0.0,2.4
2024-08-01 09:00:00,10.9,84.3,1009.6,9.0,0.0,3.4
2024-08-01 10:00:00,12.5,85.2,1008.3,5.3,1.7,3.8
2024-08-01 11:00:00,12.0,82.0,1008.3,4.7,0.0,4.5
2024-08-01 12:00:00,12.0,82.4,1009.2,10.6,0.0,4.9
2024-08-01 13:00:00,12.1,80.6,1009.6,11.2,0.0,5.0
2024-08-01 14:00:00,12.4,78.3,1009.6,8.0,0.0,5.3
01/08/2024 15:00,11.8,77.2,1008.3,14.0,0.0,4.4
01/08/2024 16:00,9.5,76.7,1007.8,16.9,0.0,4.1
2024-08-01 17:00:00,9.2,78.1,1007.3,10.3,0.0,3.4
2024-08-01 18:00:00,7.3,74.2,1006.8,19.4,0.0,2.3
2024-08-01 19:00:00,,79.0,1010.6,6.4,0.0,1.1
2024-08-01 20:00:00,4.3,79.7,1010.5,8.6,0.0,0.2
2024-08-01 21:00:00,4.0,78.7,1009.1,10.2,0.0,0.0
2024-08-01 22:00:00,3.9,82.8,1008.0,10.5,0.0,0.0
2024-08-01 23:00:00,2.2,81.8,1007.6,12.5,0.3,0.0
2024-08-02 00:00:00,3.0,87.6,1007.4,13.9,0.0,0.0
2024-08-02 01:00:00,1.5,85.2,1006.0,9.1,0.0,0.0
2024-08-02 02:00:00,2.2,88.1,1008.5,15.0,0.0,0.0
2024-08-02 03:00:00,3.4,93.1,1007.1,7.4,0.0,0.0
02/08/2024 04:00,6.2,91.9,1009.0,8.2,0.0,0.0
2024-08-02 05:00:00,6.8,87.8,1008.9,7.8,0.0,0.0
2024-08-02 06:00:00,6.7,90.3,1008.1,6.7,5.2,0
2024-08-02 07:00:00,9.0,90.4,1008.5,4.3,0.0,1.0
2024-08-02 08:00:00,9.0,89.8,1008.2,4.9,0.0,2.4
2024-08-02 09:00:00,10.9,84.7,1007.3,5.4,0.0,3.4
2024-08-02 10:00:00,10.8,84.2,1009.3,5.3,0.0,4.2
2024-08-02 11:00:00,12.4,83.3,1009.9,4.0,0.0,4.4
2024-08-02 12:00:00,13.6,81.7,1008.8,4.3,0.0,4.9
2024-08-02 13:00:00,11.7,76.5,1008.0,6.1,0.0,5.1
2024-08-02 14:00:00,12.2,77.7,1009.0,13.4,0.0,5.3
2024-08-02 15:00:00,11.2,76.7,1007.4,11.2,14.9,4.4
2024-08-02 16:00:00,10.0,79.3,1007.2,15.9,0.0,4.2
2024-08-02 17:00:00,8.3,76.1,1009.6,10.0,0.0,3.0
2024-08-02 18:00:00,7.3,76.5,1007.4,17.0,0.0,2.2
2024-08-02 19:00:00,5.7,80.1,1009.3,7.3,0.0,1.4
2024-08-02 20:00:00,5.2,77.8,1012.1,21.3,0.0,0.0
2024-08-02 21:00:00,3.8,79.8,1008.6,51.9,0.0,0.0
2024-08-02 22:00:00,2.5,79.9,1007.1,8.2,0.0,0.0
02/08/2024 23:00,1.3,82.6,1006.6,11.1,0.0,0.0
2024-08-03 00:00:00,2.2,83.8,1011.7,25.7,0.0,0.0
2024-08-03 01:00:00,2.3,86.7,1012.3,18.1,0.0,0.0
2024-08-03 02:00:00,2.0,87.8,1009.6,11.1,0.0,0.0
2024-08-03 03:00:00,4.8,88.7,1008.9,7.8,0.0,0.0
2024-08-03 04:00:00,5.5,92.2,1009.5,4.7,0.0,0.0
2024-08-03 05:00:00,6.5,88.1,1007.4,9.7,0.0,0.0
2024-08-03 06:00:00,7.0,88.0,1006.3,7.5,0.0,0
2024-08-03 07:00:00,8.1,90.8,1010.2,3.7,0.0,1.5
2024-08-03 08:00:00,10.5,86.1,1006.6,7.2,0.0,1.9
2024-08-03 09:00:00,10.8,85.8,1008.5,3.3,0.0,3.1
2024-08-03 10:00:00,12.1,83.2,1010.7,7.5,0.0,3.6
2024-08-03 11:00:00,13.1,82.9,1007.3,10.4,0.0,4.8
2024-08-03 12:00:00,12.6,81.7,1009.7,5.6,0.0,5.3
2024-08-03 13:00:00,12.8,75.9,1010.9,7.3,0.0,5.6
2024-08-03 14:00:00,11.2,77.2,1007.8,9.1,0.0,5.2
2024-08-03 15:00:00,12.0,74.3,1010.2,11.4,0.0,4.5
2024-08-03 16:00:00,9.8,77.3,1010.7,12.4,0.0,4.4
2024-08-03 17:00:00,6.8,77.5,1009.3,24.4,0.0,3.6
03/08/2024 18:00,7.0,74.7,1012.4,8.5,1.2,2.8
2024-08-03 19:00:00,5.7,75.4,1010.6,25.0,0.0,1.1
2024-08-03 20:00:00,5.2,79.0,1009.7,11.4,0.0,0
2024-08-03 21:00:00,2.8,85.9,,10.5,0.0,0.0
2024-08-03 22:00:00,3.3,81.7,1009.7,14.1,0.0,0.0
2024-08-03 23:00:00,,82.6,1010.6,13.1,0.4,0.0
2024-08-04 00:00:00,3.2,85.2,1007.5,18.5,0.0,0.0
2024-08-04 01:00:00,2.6,86.6,1011.0,14.6,0.0,0.0
2024-08-04 02:00:00,3.6,87.8,1007.2,7.1,0.0,0.0
2024-08-04 03:00:00,3.7,89.4,1011.2,3.9,0.0,0.0
2024-08-04 04:00:00,6.9,88.5,1011.1,6.1,0.0,0.0
2024-08-04 05:00:00,6.1,86.5,1008.6,5.5,0.0,0.0
2024-08-04 06:00:00,8.1,92.6,1008.8,4.9,0.0,0
2024-08-04 07:00:00,7.1,91.1,1009.3,8.2,0.0,1.1
2024-08-04 08:00:00,9.6,87.4,1008.1,2.3,0.0,2.2
04/08/2024 09:00,11.6,84.8,1009.8,3.6,0.0,3.5
2024-08-04 10:00:00,12.6,84.4,1009.2,7.3,0.0,3.5
2024-08-04 11:00:00,11.5,78.2,1007.7,4.2,0.0,4.7
2024-08-04 12:00:00,12.0,79.7,1008.9,12.6,0.0,5.2
2024-08-04 13:00:00,12.9,75.3,1008.8,9.1,0.0,5.1
2024-08-04 14:00:00,12.2,78.9,1009.5,9.6,0.0,5.2
2024-08-04 15:00:00,10.0,76.9,1009.9,11.2,0.0,4.5
2024-08-04 16:00:00,10.9,73.9,1009.9,8.9,0.0,3.9
2024-08-04 17:00:00,8.8,73.5,1009.2,17.5,0.0,3.1
2024-08-04 18:00:00,7.5,74.6,,17.9,0.0,2.2
2024-08-04 19:00:00,7.6,75.8,1008.8,16.0,6.3,1.3
2024-08-04 20:00:00,5.3,75.2,1008.5,20.3,0.0,0.0
2024-08-04 21:00:00,4.1,80.6,1008.4,17.1,0.0,0.0
2024-08-04 22:00:00,3.1,79.0,1008.3,11.6,0.0,0.0
2024-08-04 23:00:00,1.9,86.4,1007.3,8.8,0.0,0.0
2024-08-05 00:00:00,1.1,86.1,1009.5,20.2,0.0,0.0
2024-08-05 01:00:00,3.4,87.8,1007.8,21.3,3.0,0.0
2024-08-05 02:00:00,4.0,87.8,1008.0,18.8,0.0,0.0
2024-08-05 03:00:00,4.5,87.6,1007.7,7.4,0.0,0.0
2024-08-05 04:00:00,5.3,93.1,1010.3,7.0,0.0,0.0
2024-08-05 05:00:00,8.5,89.7,1006.5,6.2,0.0,0.0
2024-08-05 06:00:00,7.3,91.1,1010.3,7.7,0.0,0.1
2024-08-05 07:00:00,8.9,91.9,1008.9,6.1,0.0,1.4
2024-08-05 08:00:00,9.5,87.0,1008.1,7.5,0.0,2.1
05/08/2024 09:00,10.7,87.6,1010.1,4.9,0.0,3.0
2024-08-05 10:00:00,12.6,82.4,1011.3,6.0,0.0,4.5
2024-08-05 11:00:00,12.0,81.8,1010.3,11.0,0.0,4.7
2024-08-05 12:00:00,11.8,80.5,1009.8,7.0,2.9,5.3
2024-08-05 13:00:00,13.2,78.0,1007.7,11.1,0.0,5.2
2024-08-05 14:00:00,12.2,77.9,1008.7,10.4,0.0,5.3
2024-08-05 15:00:00,11.1,73.6,1009.8,19.3,0.0,4.5
05/08/2024 16:00,9.4,75.6,,13.7,0.0,4.3
2024-08-05 17:00:00,8.7,73.2,1008.4,7.8,0.0,3.4
2024-08-05 18:00:00,7.4,75.9,1010.2,12.7,0.0,2.6
2024-08-05 19:00:00,6.5,76.2,1010.5,13.5,0.0,0.8
2024-08-05 20:00:00,4.4,77.2,1006.4,16.8,0.0,0.1
2024-08-05 21:00:00,4.3,79.0,1008.1,21.0,0.0,0.0
2024-08-05 22:00:00,3.3,84.1,1007.5,,0.0,0.0
2024-08-05 23:00:00,2.5,81.5,1010.1,15.3,0.0,0.0
2024-08-06 00:00:00,2.3,85.4,1007.2,24.9,0.0,0.0
2024-08-06 01:00:00,3.1,90.1,1008.2,12.6,0.0,0.0
2024-08-06 02:00:00,3.0,89.4,1012.2,14.6,0.0,0.0
2024-08-06 03:00:00,4.4,87.8,1008.0,5.3,0.0,0.0
2024-08-06 04:00:00,4.4,91.0,1005.1,8.5,0.0,0.0
2024-08-06 05:00:00,5.7,91.3,1007.8,6.1,0.0,0.0
2024-08-06 06:00:00,6.7,92.2,1009.9,5.8,0.0,0
2024-08-06 07:00:00,9.4,90.0,1010.6,3.8,0.0,1.4
2024-08-06 08:00:00,11.1,86.7,1010.4,5.8,0.0,2.3
2024-08-06 09:00:00,11.4,87.0,1008.0,4.8,0.0,3.6
2024-08-06 10:00:00,14.0,83.2,1009.0,7.8,0.0,4.1
2024-08-06 11:00:00,12.1,82.2,1009.9,9.5,0.0,4.5
2024-08-06 12:00:00,13.1,81.3,1008.4,10.8,0.0,5.4
2024-08-06 13:00:00,12.8,77.9,1008.2,7.8,0.0,5.3
2024-08-06 14:00:00,12.9,75.6,1010.0,10.7,0.0,4.8
2024-08-06 15:00:00,10.8,76.5,1008.2,6.8,0.6,5.2
2024-08-06 16:00:00,10.1,76.4,1011.1,10.8,0.0,3.9
2024-08-06 17:00:00,9.3,75.6,1011.3,11.6,0.0,3.6
2024-08-06 18:00:00,7.4,77.5,1010.3,13.7,0.0,1.8
2024-08-06 19:00:00,5.9,75.0,1010.4,21.2,0.0,0.8
2024-08-06 20:00:00,4.8,78.7,1006.5,8.1,0.0,0
2024-08-06 21:00:00,4.4,79.7,1011.9,15.7,0.0,0.0
2024-08-06 22:00:00,4.0,84.0,1008.6,19.1,0.0,0.0
2024-08-06 23:00:00,1.0,83.8,1010.4,12.0,0.0,0.0
2024-08-07 00:00:00,2.1,88.1,1010.0,8.7,0.0,0.0
2024-08-07 01:00:00,3.2,86.8,1009.0,7.4,0.0,0.0
2024-08-07 02:00:00,3.1,88.3,1009.1,6.8,0.0,0.0
2024-08-07 03:00:00,2.9,91.4,1006.9,13.1,0.0,0.0
2024-08-07 04:00:00,5.1,89.9,1009.1,6.8,0.0,0.0
2024-08-07 05:00:00,5.4,87.2,1008.0,7.4,0.0,0.0
2024-08-07 06:00:00,7.5,90.7,1009.4,5.2,0.0,0
2024-08-07 07:00:00,10.0,86.7,1007.9,5.5,0.0,1.3
2024-08-07 08:00:00,10.5,87.9,1009.8,9.9,0.0,2.5
2024-08-07 09:00:00,11.7,83.6,1008.3,6.5,0.0,3.4
2024-08-07 10:00:00,12.5,82.0,1008.9,6.1,0.0,4.2
07/08/2024 11:00,13.3,81.1,1009.5,6.1,0.0,4.8
2024-08-07 12:00:00,13.6,76.7,1011.4,6.8,0.0,5.2
2024-08-07 13:00:00,11.5,78.3,1008.7,6.7,0.0,5.4
2024-08-07 14:00:00,12.2,78.6,1008.3,17.0,8.0,5.1
2024-08-07 15:00:00,11.1,75.9,1011.2,8.4,0.0,4.8
2024-08-07 16:00:00,11.3,76.4,1012.0,17.4,0.0,4.2
2024-08-07 17:00:00,8.0,76.1,1008.6,18.1,0.0,3.7
2024-08-07 18:00:00,8.7,73.3,1009.4,12.7,0.0,2.2
2024-08-07 19:00:00,6.4,75.5,1010.3,29.7,0.0,1.2
2024-08-07 20:00:00,5.7,79.2,1008.6,13.4,0.0,0
2024-08-07 21:00:00,4.9,80.1,1008.9,13.2,0.0,0.0
2024-08-07 22:00:00,1.7,83.3,1008.2,9.8,0.0,0.0
2024-08-07 23:00:00,3.5,81.0,1011.0,18.2,0.0,0.0
2024-08-08 00:00:00,2.1,86.5,1010.3,14.5,0.0,0.0
2024-08-08 01:00:00,3.3,83.3,1009.5,15.4,0.0,0.0
2024-08-08 02:00:00,3.2,88.4,1008.2,13.3,0.0,0.0
2024-08-08 03:00:00,3.7,88.9,1007.8,8.2,0.0,0.0
2024-08-08 04:00:00,4.3,88.0,1007.5,10.3,0.0,0.0
2024-08-08 05:00:00,28.6,92.0,1008.0,6.3,0.0,0.0
2024-08-08 06:00:00,8.2,,1008.9,6.3,0.0,0.1
2024-08-08 07:00:00,9.0,88.3,1007.6,11.2,4.4,1.4
2024-08-08 08:00:00,10.2,87.5,1008.5,5.6,0.0,1.9
2024-08-08 09:00:00,11.5,86.2,1008.6,5.5,0.0,3.2
2024-08-08 10:00:00,12.2,81.9,1009.3,4.9,0.0,3.7
2024-08-08 11:00:00,11.9,80.9,1009.2,7.9,0.0,4.8
2024-08-08 12:00:00,13.5,81.4,1008.4,6.9,0.0,5.3
2024-08-08 13:00:00,12.9,78.1,1009.1,8.1,0.0,5.5
2024-08-08 14:00:00,11.8,77.6,1008.0,7.8,0.0,5.3
2024-08-08 15:00:00,11.3,78.3,1007.2,9.9,5.0,5.0
2024-08-08 16:00:00,10.2,74.2,1010.1,9.1,0.0,4.2
2024-08-08 17:00:00,9.0,72.6,1008.9,15.3,0.0,3.4
2024-08-08 18:00:00,7.6,72.1,1007.6,19.0,0.0,2.1
2024-08-08 19:00:00,6.6,70.5,1008.5,13.0,0.0,1.2
2024-08-08 20:00:00,5.4,79.2,1009.4,9.5,0.0,0
2024-08-08 21:00:00,4.8,75.9,1006.5,12.1,0.0,0.0
2024-08-08 22:00:00,3.3,82.8,1006.5,21.9,0.0,0.0
2024-08-08 23:00:00,2.2,85.0,1008.6,17.7,0.0,0.0
2024-08-09 00:00:00,1.2,85.0,1005.8,12.0,0.0,0.0
2024-08-09 01:00:00,3.0,88.2,1012.6,10.7,0.0,0.0
2024-08-09 02:00:00,4.0,85.9,1010.9,7.1,0.0,0.0
2024-08-09 03:00:00,4.8,89.2,1007.1,6.7,0.0,0.0
2024-08-09 04:00:00,5.0,91.1,1009.0,13.9,0.0,0.0
2024-08-09 05:00:00,6.6,89.8,1005.6,6.2,0.0,0.0
2024-08-09 06:00:00,9.2,89.1,1006.7,4.6,0.0,0
2024-08-09 07:00:00,9.6,89.8,1010.7,7.3,0.0,1.1
2024-08-09 08:00:00,11.9,87.2,1008.3,5.6,0.0,2.2
2024-08-09 09:00:00,11.6,84.5,1007.9,4.3,0.0,3.1
2024-08-09 10:00:00,13.1,82.9,1010.6,7.1,0.0,3.9
2024-08-09 11:00:00,13.5,83.3,1009.3,4.5,0.0,4.7
2024-08-09 12:00:00,12.8,77.2,1010.8,7.4,0.0,6.2
2024-08-09 13:00:00,14.2,76.7,1007.6,5.6,0.0,5.7
2024-08-09 14:00:00,13.0,75.0,1010.4,9.4,0.0,5.2
2024-08-09 15:00:00,12.3,76.0,1011.0,11.9,0.0,4.8
2024-08-09 16:00:00,10.6,74.6,1010.4,19.3,0.0,3.7
2024-08-09 17:00:00,8.8,71.6,1013.4,18.2,0.0,3.3
2024-08-09 18:00:00,8.7,75.0,1005.8,12.0,0.0,2.7
2024-08-09 19:00:00,7.1,76.3,1007.6,18.7,0.0,1.1
2024-08-09 20:00:00,5.6,77.5,1008.8,13.9,0.0,0.3
2024-08-09 21:00:00,3.4,81.3,1005.4,10.4,0.0,0.0
2024-08-09 22:00:00,2.7,80.9,1007.8,11.3,5.6,0.0
2024-08-09 23:00:00,,81.8,1008.3,11.5,0.0,0.0
2024-08-10 00:00:00,2.2,84.3,1005.9,10.6,0.0,0.0
10/08/2024 01:00,4.5,86.3,1010.1,11.5,0.0,0.0
2024-08-10 02:00:00,4.0,87.4,1008.8,11.4,0.0,0.0
2024-08-10 03:00:00,4.1,88.7,1010.0,8.8,0.0,0.0
2024-08-10 04:00:00,7.2,88.6,1009.7,4.6,0.0,0.0
2024-08-10 05:00:00,5.8,93.6,1010.3,9.5,0.0,0.0
2024-08-10 06:00:00,8.4,88.9,1011.4,3.3,0.0,0.5
2024-08-10 07:00:00,10.5,88.8,1008.8,2.9,0.0,1.5
2024-08-10 08:00:00,10.1,85.2,1006.8,4.1,0.0,1.9
2024-08-10 09:00:00,11.8,88.6,1009.5,10.1,0.0,3.2
2024-08-10 10:00:00,12.4,84.5,1007.3,7.6,0.0,4.1
2024-08-10 11:00:00,14.2,82.2,1009.0,6.1,0.0,4.9
2024-08-10 12:00:00,12.0,80.0,1010.1,5.6,0.0,5.5
2024-08-10 13:00:00,12.1,81.2,1008.7,10.5,0.0,5.2
2024-08-10 14:00:00,12.7,,1011.0,10.8,0.0,5.5
2024-08-10 15:00:00,11.4,74.9,1009.1,10.2,0.0,4.5
2024-08-10 16:00:00,10.0,73.9,1006.3,5.9,0.0,4.0
2024-08-10 17:00:00,10.2,73.4,1007.0,21.4,0.0,3.2
2024-08-10 18:00:00,8.1,79.2,1007.6,15.5,0.0,2.6
2024-08-10 19:00:00,7.4,75.2,1007.2,23.8,9.1,1.7
2024-08-10 20:00:00,5.1,79.3,1008.4,17.1,4.2,0
2024-08-10 21:00:00,4.4,79.4,1009.3,12.6,0.0,0.0
2024-08-10 22:00:00,3.6,80.9,1010.5,11.4,0.0,0.0
2024-08-10 23:00:00,3.6,83.1,1009.0,14.7,0.0,0.0
2024-08-11 00:00:00,3.1,84.9,1006.9,13.8,0.0,0.0
2024-08-11 01:00:00,3.9,87.4,1007.9,10.0,0.0,0.0
2024-08-11 02:00:00,2.8,92.6,1007.8,10.7,0.0,0.0
2024-08-11 03:00:00,4.4,88.6,1010.4,5.7,0.0,0.0
2024-08-11 04:00:00,4.6,92.3,1012.3,10.6,0.0,0.0
2024-08-11 05:00:00,7.4,88.6,1008.2,6.3,1.5,0.0
2024-08-11 06:00:00,8.8,91.3,1007.1,7.4,0.0,0.4
2024-08-11 07:00:00,9.5,90.5,1009.3,6.2,0.0,1.8
2024-08-11 08:00:00,9.5,89.1,1009.7,5.0,0.0,2.4
2024-08-11 09:00:00,12.2,84.7,1011.4,5.5,0.0,3.5
2024-08-11 10:00:00,13.6,81.3,1009.5,4.7,0.0,4.0
2024-08-11 11:00:00,13.0,80.5,1011.0,7.0,0.0,4.7
2024-08-11 12:00:00,13.5,80.8,1009.1,9.4,0.0,5.3
2024-08-11 13:00:00,11.0,80.2,1009.1,5.8,0.0,5.3
2024-08-11 14:00:00,12.6,77.2,1009.8,7.6,0.0,5.3
2024-08-11 15:00:00,13.1,76.5,1008.5,8.3,4.2,4.8
2024-08-11 16:00:00,,75.8,1008.6,13.7,0.0,4.0
2024-08-11 17:00:00,10.5,74.6,1008.9,9.1,0.0,3.1
2024-08-11 18:00:00,7.4,74.3,1011.2,13.9,0.0,2.1
2024-08-11 19:00:00,6.8,75.0,1008.7,18.2,0.0,1.2
2024-08-11 20:00:00,6.0,76.7,1011.4,12.6,0.0,0
2024-08-11 21:00:00,4.0,81.9,1009.5,11.6,0.0,0.0
2024-08-11 22:00:00,2.8,79.1,1009.3,23.0,0.0,0.0
2024-08-11 23:00:00,2.9,81.3,1010.5,12.7,0.0,0.0
2024-08-12 00:00:00,3.0,86.1,1009.5,11.7,0.0,0.0
2024-08-12 01:00:00,4.4,86.9,1007.5,26.9,0.0,0.0
2024-08-12 02:00:00,3.6,,1009.1,9.9,0.0,0.0
2024-08-12 03:00:00,4.4,90.0,1008.3,7.4,0.0,0.0
2024-08-12 04:00:00,4.8,87.0,1012.9,5.2,0.0,0.0
2024-08-12 05:00:00,6.4,86.9,1010.9,7.3,0.0,0.0
12/08/2024 06:00,8.3,90.8,1007.8,4.1,0.0,0
2024-08-12 07:00:00,9.7,90.1,1008.4,17.0,0.0,0.9
2024-08-12 08:00:00,11.7,85.5,1009.4,3.7,0.0,2.3
2024-08-12 09:00:00,12.4,86.7,1009.6,6.4,0.0,3.1
2024-08-12 10:00:00,13.3,83.5,1010.7,10.8,0.0,4.0
2024-08-12 11:00:00,12.8,83.1,1007.6,5.3,0.0,4.6
2024-08-12 12:00:00,14.1,78.5,1012.1,7.4,0.0,5.3
2024-08-12 13:00:00,12.4,81.8,1011.1,3.5,0.0,5.6
2024-08-12 14:00:00,12.9,78.7,1011.9,9.1,0.0,5.4
2024-08-12 15:00:00,11.8,80.4,1008.8,12.3,0.0,5.1
2024-08-12 16:00:00,10.8,77.7,1011.6,14.5,0.0,4.3
2024-08-12 17:00:00,10.2,74.0,1012.0,9.9,0.0,3.3
2024-08-12 18:00:00,8.1,75.2,1011.1,11.1,0.0,2.5
2024-08-12 19:00:00,7.3,,1007.5,12.4,0.0,1.4
2024-08-12 20:00:00,6.1,73.4,1008.8,13.6,0.0,0
2024-08-12 21:00:00,5.5,78.5,1009.9,19.6,0.0,0.0
2024-08-12 22:00:00,2.6,80.8,1009.8,13.9,0.0,0.0
2024-08-12 23:00:00,2.9,83.9,1007.7,13.5,0.0,0.0
2024-08-13 00:00:00,3.9,82.6,1011.1,12.0,0.0,0.0
2024-08-13 01:00:00,2.8,88.3,1010.5,18.8,0.0,0.0
2024-08-13 02:00:00,2.9,88.2,1006.4,5.6,0.0,0.0
2024-08-13 03:00:00,4.5,88.4,1012.3,22.0,0.0,0.0
2024-08-13 04:00:00,5.6,,1009.7,12.0,0.0,0.0
13/08/2024 05:00,8.2,91.1,1008.3,13.8,0.0,0.0
2024-08-13 06:00:00,9.0,90.7,1012.0,4.5,6.7,0
2024-08-13 07:00:00,10.4,89.6,1009.2,4.6,0.0,0.7
2024-08-13 08:00:00,10.6,85.8,1010.6,6.0,0.0,2.2
2024-08-13 09:00:00,11.9,82.7,1010.7,5.2,0.0,3.6
2024-08-13 10:00:00,12.7,83.6,1004.3,9.0,0.0,4.8
2024-08-13 11:00:00,12.7,,1008.5,8.1,0.0,5.0
2024-08-13 12:00:00,14.1,79.1,1011.5,14.4,0.0,5.4
2024-08-13 13:00:00,12.6,76.6,,10.4,0.0,4.9
2024-08-13 14:00:00,13.2,78.4,1009.0,11.3,0.0,5.5
2024-08-13 15:00:00,11.0,74.0,1010.6,17.3,0.0,4.6
13/08/2024 16:00,10.2,76.4,1008.5,21.9,0.0,4.2
2024-08-13 17:00:00,11.0,75.9,1009.0,14.6,0.0,3.6
2024-08-13 18:00:00,8.5,77.9,1011.6,5.2,4.2,2.4
2024-08-13 19:00:00,5.4,73.7,1004.8,15.8,0.0,0.7
2024-08-13 20:00:00,5.4,81.8,1010.0,11.1,0.0,0
2024-08-13 21:00:00,5.2,,1009.2,24.3,0.0,0.0
2024-08-13 22:00:00,3.4,80.2,1008.8,27.8,0.0,0.0
2024-08-13 23:00:00,3.0,83.6,1008.7,14.9,0.0,0.0
2024-08-14 00:00:00,3.8,85.3,1007.7,20.5,0.0,0.0
2024-08-14 01:00:00,2.7,87.7,1007.6,18.2,0.0,0.0
2024-08-14 02:00:00,3.7,86.8,1012.7,6.9,0.0,0.0
14/08/2024 03:00,4.4,91.5,1009.8,7.8,0.0,0.0
2024-08-14 04:00:00,5.7,91.1,1009.5,8.9,0.0,0.0
2024-08-14 05:00:00,6.2,87.3,1010.6,9.1,0.0,0.0
2024-08-14 06:00:00,9.4,90.9,1009.9,12.0,0.0,0
2024-08-14 07:00:00,10.3,82.5,1008.2,4.3,0.0,1.2
2024-08-14 08:00:00,11.0,87.6,1012.5,5.5,0.0,2.1
2024-08-14 09:00:00,13.2,84.7,1012.7,2.8,0.0,3.9
2024-08-14 10:00:00,14.0,81.6,1012.8,5.7,0.0,3.9
2024-08-14 11:00:00,14.4,81.1,1012.2,7.2,0.0,5.2
2024-08-14 12:00:00,13.4,80.4,1009.6,19.7,0.0,5.3
2024-08-14 13:00:00,13.0,76.1,1009.5,10.5,0.0,5.3
2024-08-14 14:00:00,13.3,75.8,1009.4,11.3,0.0,5.5
2024-08-14 15:00:00,12.0,77.8,1006.8,13.4,0.0,4.7
2024-08-14 16:00:00,10.9,78.1,1009.3,20.9,0.0,4.4
2024-08-14 17:00:00,10.2,76.7,1010.0,16.2,0.0,3.5
2024-08-14 18:00:00,8.3,74.3,1009.5,9.3,5.7,2.7
2024-08-14 19:00:00,6.6,77.7,1008.9,15.5,0.0,1.3
2024-08-14 20:00:00,5.4,74.9,1009.3,22.8,0.0,0
2024-08-14 21:00:00,5.4,78.0,1008.9,13.2,0.0,0.0
2024-08-14 22:00:00,4.4,79.8,1011.9,14.6,0.0,0.0
2024-08-14 23:00:00,3.3,79.4,1008.5,14.7,0.0,0.0
2024-08-15 00:00:00,3.4,85.2,1010.8,20.8,0.0,0.0
2024-08-15 01:00:00,3.2,85.8,1007.8,12.9,0.0,0.0
2024-08-15 02:00:00,5.1,88.6,1008.5,11.5,0.0,0.0
2024-08-15 03:00:00,5.6,87.9,1010.3,6.2,0.0,0.0
2024-08-15 04:00:00,6.1,88.1,1011.1,6.9,0.0,0.0
2024-08-15 05:00:00,,92.4,1006.1,6.2,0.0,0.0
2024-08-15 06:00:00,9.4,88.2,1010.8,5.8,0.0,0
2024-08-15 07:00:00,10.2,90.1,1011.6,9.4,0.0,1.2
2024-08-15 08:00:00,10.3,88.7,1008.5,6.6,0.0,2.1
2024-08-15 09:00:00,12.1,85.2,1010.4,3.3,0.0,3.4
2024-08-15 10:00:00,,82.7,1009.9,6.3,0.0,4.2
2024-08-15 11:00:00,13.5,81.4,1009.5,6.6,0.0,5.2
2024-08-15 12:00:00,16.3,77.6,1010.2,5.1,0.0,5.4
2024-08-15 13:00:00,14.1,78.2,1011.9,5.5,0.0,5.5
2024-08-15 14:00:00,13.0,75.4,1010.6,6.2,0.0,5.2
2024-08-15 15:00:00,11.8,73.0,1011.8,8.3,0.0,5.3
2024-08-15 16:00:00,10.3,72.4,1009.3,24.5,0.0,4.3
2024-08-15 17:00:00,9.3,76.4,1007.0,17.3,0.0,2.9
15/08/2024 18:00,8.1,75.4,1009.3,13.3,0.0,2.3
2024-08-15 19:00:00,6.9,76.3,1012.2,30.9,0.0,1.2
2024-08-15 20:00:00,6.8,80.4,1009.0,17.6,0.0,0.1
2024-08-15 21:00:00,4.7,80.0,1006.1,23.4,0.0,0.0
2024-08-15 22:00:00,4.2,80.8,1007.4,16.7,0.0,0.0
2024-08-15 23:00:00,3.6,81.2,1011.0,16.7,0.0,0.0
2024-08-16 00:00:00,3.7,84.4,1009.5,8.3,0.0,0.0
2024-08-16 01:00:00,,86.7,1009.1,12.5,0.0,0.0
2024-08-16 02:00:00,4.8,86.9,1009.5,7.0,0.0,0.0
2024-08-16 03:00:00,4.3,89.0,1009.6,13.1,0.0,0.0
2024-08-16 04:00:00,6.8,86.2,1007.5,6.9,0.0,0.0
2024-08-16 05:00:00,8.2,92.5,1010.6,7.6,0.0,0.0
2024-08-16 06:00:00,8.9,88.8,1010.2,6.1,0.0,0
2024-08-16 07:00:00,10.2,86.0,1009.3,5.1,0.0,1.3
2024-08-16 08:00:00,10.7,86.1,1010.0,4.9,0.0,2.7
2024-08-16 09:00:00,13.0,85.2,1009.0,7.2,0.0,3.4
2024-08-16 10:00:00,12.6,87.3,1010.2,4.3,0.0,4.4
2024-08-16 11:00:00,13.5,83.3,1009.2,7.3,0.0,5.1
2024-08-16 12:00:00,14.2,81.0,1010.9,9.6,0.0,5.5
2024-08-16 13:00:00,14.0,76.5,1007.3,9.8,0.0,5.9
2024-08-16 14:00:00,11.9,78.1,1008.8,14.6,0.0,5.4
2024-08-16 15:00:00,11.5,74.4,1007.8,11.9,0.0,4.9
2024-08-16 16:00:00,11.6,110,1010.2,11.4,0.0,4.2
2024-08-16 17:00:00,9.4,75.7,1005.6,19.8,0.0,3.2
2024-08-16 18:00:00,8.4,74.3,1007.2,18.6,0.0,2.4
2024-08-16 19:00:00,8.1,76.8,1008.1,19.7,0.0,1.3
2024-08-16 20:00:00,7.0,77.5,1007.4,17.5,0.0,0
2024-08-16 21:00:00,3.0,78.4,1008.1,18.1,0.0,0.0
2024-08-16 22:00:00,4.7,80.2,1011.0,16.9,0.0,0.0
2024-08-16 23:00:00,3.7,81.4,1010.4,17.6,0.0,0.0
2024-08-17 00:00:00,2.3,86.3,1008.4,16.2,0.0,0.0
2024-08-17 01:00:00,4.0,86.3,1008.0,22.6,0.0,0.0
17/08/2024 02:00,4.0,87.0,1009.6,8.8,0.0,0.0
2024-08-17 03:00:00,5.4,85.3,1010.4,10.1,0.1,0.0
2024-08-17 04:00:00,6.6,88.3,1008.8,15.2,0.0,0.0
2024-08-17 05:00:00,6.6,88.0,1007.3,4.7,0.0,0.0
2024-08-17 06:00:00,7.6,89.2,1011.3,15.5,0.0,0
2024-08-17 07:00:00,9.7,83.7,1005.8,3.5,0.0,1.3
2024-08-17 08:00:00,9.7,89.5,1008.7,4.8,0.0,3.0
2024-08-17 09:00:00,11.9,87.6,1010.4,5.1,0.0,3.8
2024-08-17 10:00:00,13.7,83.1,1009.3,2.5,0.0,4.2
2024-08-17 11:00:00,15.0,77.3,1008.1,4.7,0.0,4.8
2024-08-17 12:00:00,12.9,77.7,1009.7,8.1,0.0,5.5
2024-08-17 13:00:00,14.6,76.3,1010.2,12.6,0.0,6.1
2024-08-17 14:00:00,14.6,76.4,1009.1,15.9,0.0,5.5
2024-08-17 15:00:00,11.8,73.0,1009.1,11.2,0.0,5.2
2024-08-17 16:00:00,11.7,76.8,1010.2,15.1,0.0,4.8
2024-08-17 17:00:00,9.9,73.1,1007.9,21.9,0.0,3.7
2024-08-17 18:00:00,8.7,77.9,1008.0,20.0,0.0,2.4
2024-08-17 19:00:00,7.7,73.0,1008.7,19.8,0.0,1.6
2024-08-17 20:00:00,7.0,75.9,1007.9,27.8,0.0,0.3
2024-08-17 21:00:00,4.5,78.7,1010.1,33.2,0.0,0.0
2024-08-17 22:00:00,3.3,80.5,1005.7,16.8,0.0,0.0
2024-08-17 23:00:00,3.7,82.3,1008.3,12.2,0.0,0.0
2024-08-18 00:00:00,3.4,86.5,1009.5,14.2,0.0,0.0
2024-08-18 01:00:00,4.6,87.1,1010.0,12.7,0.0,0.0
2024-08-18 02:00:00,5.5,88.5,1008.1,5.0,0.0,0.0
2024-08-18 03:00:00,4.2,91.6,1010.7,13.3,0.0,0.0
2024-08-18 04:00:00,6.6,89.0,1009.3,8.0,0.0,0.0
2024-08-18 05:00:00,7.5,89.7,1008.7,4.7,0.0,0.0
2024-08-18 06:00:00,8.0,90.6,1011.5,5.6,0.5,0
2024-08-18 07:00:00,10.4,85.4,1007.4,10.2,0.0,1.2
2024-08-18 08:00:00,11.6,84.0,1009.2,4.5,3.0,2.5
2024-08-18 09:00:00,12.7,89.9,1010.9,8.1,0.0,3.6
2024-08-18 10:00:00,14.1,80.8,1008.3,4.0,0.0,4.7
2024-08-18 11:00:00,12.5,86.3,1009.3,6.3,0.0,5.3
2024-08-18 12:00:00,13.3,80.7,1011.8,8.2,0.0,5.4
2024-08-18 13:00:00,15.5,78.8,1006.4,5.8,0.0,5.8
2024-08-18 14:00:00,13.6,73.8,1007.9,13.8,0.0,5.5
2024-08-18 15:00:00,13.6,72.8,1011.0,21.9,0.0,5.3
2024-08-18 16:00:00,12.1,73.3,1009.4,5.7,0.0,4.8
2024-08-18 17:00:00,10.3,75.9,1010.5,8.3,0.0,3.7
2024-08-18 18:00:00,8.6,74.4,1009.8,9.6,0.0,2.5
2024-08-18 19:00:00,6.8,76.5,1009.9,16.9,0.0,0.9
2024-08-18 20:00:00,,76.9,1009.8,12.8,0.0,0
2024-08-18 21:00:00,5.1,78.9,1010.3,12.2,0.0,0.0
2024-08-18 22:00:00,4.8,82.8,1009.0,11.5,0.0,0.0
2024-08-18 23:00:00,4.3,83.3,1008.5,17.3,0.0,0.0
2024-08-19 00:00:00,4.3,84.8,1010.0,11.4,0.0,0.0
2024-08-19 01:00:00,3.7,85.6,1006.6,12.6,0.0,0.0
2024-08-19 02:00:00,3.8,89.3,1008.7,10.0,0.0,0.0
2024-08-19 03:00:00,5.4,90.8,1009.5,8.5,0.0,0.0
2024-08-19 04:00:00,6.2,89.0,1006.7,8.4,0.0,0.0
2024-08-19 05:00:00,,89.4,1009.5,12.6,0.0,0.0
2024-08-19 06:00:00,8.5,89.7,1008.1,9.3,0.0,0.1
19/08/2024 07:00,10.1,86.7,1010.7,6.4,0.0,1.2
2024-08-19 08:00:00,11.9,87.2,1010.6,15.1,0.0,3.1
2024-08-19 09:00:00,12.3,84.3,1012.0,5.0,0.0,3.6
2024-08-19 10:00:00,12.9,81.6,1009.2,6.2,0.0,4.0
19/08/2024 11:00,13.8,82.3,1010.7,7.6,0.0,4.9
2024-08-19 12:00:00,14.7,81.0,1010.3,8.7,0.0,5.6
2024-08-19 13:00:00,13.3,79.8,1010.5,5.6,0.0,5.7
2024-08-19 14:00:00,13.6,75.7,1008.8,9.0,0.0,5.5
2024-08-19 15:00:00,12.3,74.2,1008.8,12.6,0.0,5.0
2024-08-19 16:00:00,10.9,74.7,1012.6,16.0,0.0,4.5
2024-08-19 17:00:00,9.8,78.6,1012.4,23.5,0.0,3.9
2024-08-19 18:00:00,8.5,75.2,1009.2,16.5,0.0,2.6
2024-08-19 19:00:00,8.0,76.7,1011.6,21.2,0.0,1.3
2024-08-19 20:00:00,6.7,72.5,1009.9,31.7,0.0,0.4
2024-08-19 21:00:00,5.9,78.8,1009.1,19.9,0.0,0.0
2024-08-19 22:00:00,4.3,81.5,1009.3,14.0,0.0,0.0
2024-08-19 23:00:00,4.0,80.6,1010.5,18.8,0.0,0.0
20/08/2024 00:00,4.7,83.6,1011.1,12.1,0.0,0.0
2024-08-20 01:00:00,2.9,86.3,1010.0,13.8,0.0,0.0
2024-08-20 02:00:00,4.6,87.8,1010.4,16.8,0.0,0.0
2024-08-20 03:00:00,3.8,92.5,1012.9,13.9,0.0,0.0
2024-08-20 04:00:00,5.5,89.0,1010.4,5.0,0.0,0.0
20/08/2024 05:00,6.4,89.7,1009.3,11.7,0.0,0.0
2024-08-20 06:00:00,9.5,85.8,1010.8,5.9,0.0,0
2024-08-20 07:00:00,10.4,86.1,1009.1,4.8,0.0,1.3
2024-08-20 08:00:00,11.9,85.7,1010.3,3.9,0.0,2.6
2024-08-20 09:00:00,13.3,83.0,1009.5,5.9,0.0,3.5
2024-08-20 10:00:00,12.8,82.0,1011.5,6.1,0.0,4.3
20/08/2024 11:00,13.6,77.5,1009.3,3.3,0.0,5.1
2024-08-20 12:00:00,14.0,81.4,1012.0,8.1,0.0,5.7
2024-08-20 13:00:00,14.0,77.3,1010.4,8.2,0.0,5.9
2024-08-20 14:00:00,14.7,74.3,1008.7,10.3,0.0,6.0
2024-08-20 15:00:00,12.9,75.6,1008.0,23.3,0.0,5.3
2024-08-20 16:00:00,11.3,72.6,1010.7,14.2,0.0,4.5
2024-08-20 17:00:00,9.9,72.4,1010.7,10.6,0.0,4.1
2024-08-20 18:00:00,10.2,74.1,1011.2,24.4,0.0,2.4
2024-08-20 19:00:00,9.0,77.2,1009.2,11.8,0.0,1.4
2024-08-20 20:00:00,6.6,76.5,1008.2,23.6,0.0,0.3
2024-08-20 21:00:00,5.6,79.4,1009.5,14.7,0.0,0.0
2024-08-20 22:00:00,3.8,80.3,1008.2,12.6,0.0,0.0
2024-08-20 23:00:00,30.6,83.7,1011.1,11.3,0.0,0.0
2024-08-21 00:00:00,3.2,84.4,1006.6,21.0,0.0,0.0
2024-08-21 01:00:00,4.0,,1013.4,19.6,0.0,0.0
2024-08-21 02:00:00,4.1,88.9,1009.4,13.0,0.0,0.0
2024-08-21 03:00:00,4.8,87.9,1009.2,12.8,0.0,0.0
2024-08-21 04:00:00,4.3,89.0,1010.8,15.9,0.0,0.0
2024-08-21 05:00:00,8.0,88.2,1011.3,6.5,0.0,0.0
2024-08-21 06:00:00,9.8,88.2,1010.8,9.2,0.0,0
2024-08-21 07:00:00,10.8,85.6,1009.5,7.9,0.0,1.2
2024-08-21 08:00:00,11.5,86.6,1011.4,5.8,0.0,2.9
2024-08-21 09:00:00,12.5,82.1,1008.7,5.6,0.0,4.0
2024-08-21 10:00:00,13.5,85.4,1010.8,3.8,0.0,4.4
2024-08-21 11:00:00,14.0,79.7,1009.7,7.2,0.0,5.2
2024-08-21 12:00:00,13.7,75.7,1010.8,6.9,0.0,5.3
2024-08-21 13:00:00,14.3,75.5,1010.3,10.8,0.0,5.8
2024-08-21 14:00:00,13.5,77.3,1006.4,15.0,0.0,5.8
2024-08-21 15:00:00,14.9,71.6,1010.6,7.7,0.0,5.0
2024-08-21 16:00:00,10.0,74.8,1009.6,9.8,0.0,4.2
2024-08-21 17:00:00,10.5,72.3,1008.3,16.1,0.0,4.0
2024-08-21 18:00:00,9.6,74.1,1009.3,11.6,0.0,2.5
2024-08-21 19:00:00,6.0,76.5,1009.6,11.7,0.0,1.2
2024-08-21 20:00:00,6.8,77.7,1010.5,18.2,0.0,0.1
2024-08-21 21:00:00,3.9,81.6,1011.9,19.1,0.0,0.0
2024-08-21 22:00:00,5.1,76.9,1010.1,15.6,0.0,0.0
21/08/2024 23:00,4.7,82.8,1010.6,15.2,0.0,0.0
2024-08-22 00:00:00,5.4,83.5,1008.5,8.7,0.0,0.0
2024-08-22 01:00:00,4.5,87.4,1010.1,25.1,0.0,0.0
2024-08-22 02:00:00,4.4,87.7,1012.7,14.5,0.0,0.0
2024-08-22 03:00:00,4.6,91.1,1009.9,12.6,3.2,0.0
2024-08-22 04:00:00,7.6,87.2,1010.3,10.8,6.0,0.0
2024-08-22 05:00:00,8.1,88.3,1010.4,6.4,0.0,0.0
2024-08-22 06:00:00,8.3,92.5,1008.4,18.0,0.0,0.0
22/08/2024 07:00,11.4,87.8,1011.1,8.5,0.0,1.2
2024-08-22 08:00:00,,84.7,1010.9,2.3,0.0,2.8
2024-08-22 09:00:00,12.7,85.0,1008.2,4.7,0.0,3.7
22/08/2024 10:00,13.9,82.5,1010.6,4.5,0.0,4.6
2024-08-22 11:00:00,15.2,81.1,1009.3,10.5,0.0,5.6
2024-08-22 12:00:00,16.4,105,1009.8,4.7,0.0,5.4
2024-08-22 13:00:00,14.8,80.6,1007.4,8.7,0.0,5.8
2024-08-22 14:00:00,14.0,105,1009.7,10.9,0.0,5.8
2024-08-22 15:00:00,13.4,77.5,1011.2,12.4,0.0,5.3
2024-08-22 16:00:00,12.1,71.7,1009.9,16.8,0.0,4.6
2024-08-22 17:00:00,11.9,75.7,,10.0,0.0,3.8
2024-08-22 18:00:00,10.0,75.1,1010.0,16.6,0.0,2.5
2024-08-22 19:00:00,6.7,76.1,1009.7,17.6,0.0,1.0
22/08/2024 20:00,6.5,77.9,1012.1,12.1,0.0,0
2024-08-22 21:00:00,4.8,78.8,1008.1,14.7,0.0,0.0
2024-08-22 22:00:00,4.4,82.0,1010.1,11.9,0.0,0.0
2024-08-22 23:00:00,3.8,81.2,1009.5,17.1,0.0,0.0
2024-08-23 00:00:00,4.3,83.3,1012.0,12.1,0.0,0.0
2024-08-23 01:00:00,4.4,84.8,1009.5,10.3,0.0,0.0
2024-08-23 02:00:00,5.0,83.8,1009.6,26.5,0.0,0.0
2024-08-23 03:00:00,4.6,89.7,1011.4,3.4,1.8,0.0
2024-08-23 04:00:00,6.7,85.2,1009.9,14.1,0.0,0.0
2024-08-23 05:00:00,7.4,89.1,1010.8,4.7,0.0,0.0
2024-08-23 06:00:00,8.7,89.2,1011.0,9.2,0.0,0
2024-08-23 07:00:00,10.8,85.8,1011.5,5.1,0.0,1.8
2024-08-23 08:00:00,12.2,85.4,1009.6,4.2,0.0,2.1
2024-08-23 09:00:00,13.4,83.2,1011.5,3.8,0.0,3.8
2024-08-23 10:00:00,14.2,83.1,1010.3,5.2,0.0,4.4
2024-08-23 11:00:00,14.6,82.7,1010.9,4.9,0.0,5.0
2024-08-23 12:00:00,16.4,78.3,1011.7,6.6,0.0,6.2
2024-08-23 13:00:00,14.3,77.6,1010.5,13.4,0.0,5.8
23/08/2024 14:00,14.5,76.3,1010.3,6.0,0.0,5.8
2024-08-23 15:00:00,12.7,71.8,1007.9,10.0,0.0,5.6
2024-08-23 16:00:00,13.2,75.7,1010.9,14.4,0.0,4.4
23/08/2024 17:00,11.9,73.5,1008.5,9.8,0.0,3.2
23/08/2024 18:00,9.8,72.8,1009.4,16.8,0.0,2.5
2024-08-23 19:00:00,8.2,75.4,1009.3,11.2,0.0,1.1
2024-08-23 20:00:00,5.3,78.1,1010.9,11.0,0.0,0.3
2024-08-23 21:00:00,4.8,78.9,1008.2,23.3,0.0,0.0
2024-08-23 22:00:00,4.9,78.6,1010.8,22.6,0.0,0.0
2024-08-23 23:00:00,4.0,83.6,1010.0,11.2,0.0,0.0
2024-08-24 00:00:00,3.6,84.5,1011.1,8.7,0.0,0.0
2024-08-24 01:00:00,4.4,86.2,1011.3,14.7,0.0,0.0
2024-08-24 02:00:00,3.5,86.5,1009.1,7.5,0.0,0.0
2024-08-24 03:00:00,6.1,88.8,1008.7,9.8,0.0,0.0
2024-08-24 04:00:00,6.7,87.6,1009.2,4.3,1.5,0.0
2024-08-24 05:00:00,7.7,86.6,1010.5,7.4,0.0,0.0
2024-08-24 06:00:00,9.2,89.2,1010.5,9.7,0.0,0.2
2024-08-24 07:00:00,11.2,87.3,1011.8,4.9,4.0,1.4
2024-08-24 08:00:00,11.8,85.8,1010.9,6.8,0.0,2.5
2024-08-24 09:00:00,14.1,83.0,1012.5,3.8,0.0,3.9
2024-08-24 10:00:00,13.8,82.6,1011.3,9.6,0.0,4.7
2024-08-24 11:00:00,14.9,80.1,1012.6,6.4,0.0,5.0
2024-08-24 12:00:00,14.3,79.4,1011.6,8.0,0.0,5.5
2024-08-24 13:00:00,12.8,77.1,1009.5,11.4,0.0,6.1
2024-08-24 14:00:00,12.8,75.7,1008.9,7.7,0.0,5.6
2024-08-24 15:00:00,12.9,74.1,1010.2,6.8,0.0,5.4
24/08/2024 16:00,12.3,74.3,1010.6,20.5,0.0,5.0
2024-08-24 17:00:00,10.1,74.9,1007.0,21.0,0.0,3.3
24/08/2024 18:00,8.6,73.3,1010.3,11.3,0.0,2.6
2024-08-24 19:00:00,7.5,74.4,1005.6,10.9,0.0,1.2
2024-08-24 20:00:00,6.6,76.8,1009.1,8.7,0.0,0.4
2024-08-24 21:00:00,5.6,77.6,1007.0,16.6,0.0,0.0
2024-08-24 22:00:00,5.0,81.7,1010.2,17.3,0.0,0.0
2024-08-24 23:00:00,3.9,81.8,1009.7,6.4,0.0,0.0
2024-08-25 00:00:00,3.4,82.8,1011.9,11.2,0.0,0.0
2024-08-25 01:00:00,3.3,85.6,1010.8,9.3,0.0,0.0
2024-08-25 02:00:00,5.0,88.0,1011.7,10.9,0.0,0.0
2024-08-25 03:00:00,5.9,86.8,1009.4,13.0,0.6,0.0
2024-08-25 04:00:00,6.9,86.8,1008.4,9.4,0.0,0.0
2024-08-25 05:00:00,8.3,87.0,1010.4,9.5,0.0,0.0
2024-08-25 06:00:00,10.1,87.7,1010.7,4.9,0.0,0.7
2024-08-25 07:00:00,10.3,86.2,1009.4,8.5,0.0,1.6
25/08/2024 08:00,12.4,85.2,1013.2,9.0,0.0,2.7
2024-08-25 09:00:00,12.3,82.1,1009.1,5.2,0.0,3.7
2024-08-25 10:00:00,14.8,81.4,1010.1,6.7,0.0,4.7
2024-08-25 11:00:00,15.7,77.9,1011.3,8.0,7.9,5.1
2024-08-25 12:00:00,14.2,79.0,1010.8,6.8,0.0,5.7
2024-08-25 13:00:00,14.9,74.7,1007.0,6.7,0.0,5.7
2024-08-25 14:00:00,14.2,74.7,1008.2,12.3,0.0,5.7
2024-08-25 15:00:00,,72.6,1008.2,14.5,0.0,5.2
2024-08-25 16:00:00,12.5,74.1,1009.2,6.4,0.0,4.8
2024-08-25 17:00:00,11.2,72.9,1012.0,17.7,0.0,3.7
2024-08-25 18:00:00,9.5,75.1,1011.6,8.1,0.0,3.0
2024-08-25 19:00:00,7.8,73.7,1009.4,12.7,0.0,0.9
2024-08-25 20:00:00,7.3,73.7,1010.2,17.8,0.0,0
2024-08-25 21:00:00,6.2,77.4,1010.3,22.7,0.0,0.0
2024-08-25 22:00:00,3.7,80.4,1009.7,15.9,0.0,0.0
2024-08-25 23:00:00,4.3,82.6,1010.5,14.0,0.0,0.0
2024-08-26 00:00:00,4.4,83.8,1008.9,12.8,0.0,0.0
2024-08-26 01:00:00,4.2,84.9,1013.2,11.5,0.0,0.0
2024-08-26 02:00:00,3.6,87.4,1011.8,14.6,0.0,0.0
2024-08-26 03:00:00,6.9,87.9,1009.0,20.5,0.0,0.0
26/08/2024 04:00,7.6,87.5,1011.0,12.2,0.0,0.0
2024-08-26 05:00:00,8.3,86.7,1007.7,5.3,0.0,0.0
2024-08-26 06:00:00,9.3,92.7,1011.6,10.8,0.0,0.3
2024-08-26 07:00:00,10.9,87.8,1010.4,4.7,0.0,1.3
2024-08-26 08:00:00,13.6,80.7,1008.1,7.3,0.0,2.3
2024-08-26 09:00:00,12.9,82.5,1008.9,6.8,0.0,3.7
2024-08-26 10:00:00,13.4,84.9,1009.3,8.0,0.0,4.7
2024-08-26 11:00:00,15.2,79.2,1010.0,11.1,0.0,4.9
2024-08-26 12:00:00,16.0,78.5,1008.3,13.4,0.0,5.8
2024-08-26 13:00:00,16.5,72.7,1008.2,11.7,0.0,6.0
2024-08-26 14:00:00,14.9,72.6,1009.6,15.5,0.0,6.0
2024-08-26 15:00:00,13.4,72.6,1010.3,24.5,0.0,5.1
2024-08-26 16:00:00,12.7,75.6,1012.9,19.4,0.0,4.7
2024-08-26 17:00:00,11.3,72.7,1007.8,13.1,0.0,3.8
2024-08-26 18:00:00,10.4,71.4,1011.9,11.7,0.0,2.5
2024-08-26 19:00:00,7.8,72.9,1010.0,18.9,0.0,1.6
2024-08-26 20:00:00,6.7,75.9,1010.0,13.3,0.0,0
2024-08-26 21:00:00,6.8,76.0,1009.7,19.4,0.0,0.0
2024-08-26 22:00:00,3.4,80.7,1007.7,9.2,0.0,0.0
2024-08-26 23:00:00,3.0,82.3,1011.4,7.8,0.0,0.0
2024-08-27 00:00:00,4.6,86.3,1009.5,13.0,0.0,0.0
2024-08-27 01:00:00,4.6,84.1,1010.4,,0.0,0.0
2024-08-27 02:00:00,6.5,87.7,1010.1,12.2,0.0,0.0
2024-08-27 03:00:00,6.7,87.6,1013.5,12.5,0.0,0.0
2024-08-27 04:00:00,7.8,84.7,1013.2,4.4,0.0,0.0
2024-08-27 05:00:00,8.5,88.6,1009.3,7.8,0.0,0.0
2024-08-27 06:00:00,9.4,88.8,1008.8,5.0,0.0,0
2024-08-27 07:00:00,10.9,84.5,1009.8,7.6,0.0,1.7
2024-08-27 08:00:00,11.6,88.4,1009.5,4.9,0.0,2.9
2024-08-27 09:00:00,13.2,85.1,1010.3,6.0,0.0,3.9
2024-08-27 10:00:00,14.3,82.0,1008.9,8.1,0.0,4.7
2024-08-27 11:00:00,14.9,77.8,1009.0,11.3,1.4,5.3
2024-08-27 12:00:00,13.9,81.6,1010.6,3.0,0.0,6.1
2024-08-27 13:00:00,15.7,77.7,1008.5,9.5,0.0,6.1
2024-08-27 14:00:00,13.3,74.8,1009.9,16.0,0.0,5.7
2024-08-27 15:00:00,14.4,73.6,1011.2,17.2,0.0,5.8
2024-08-27 16:00:00,14.0,72.8,1011.2,,0.0,4.7
2024-08-27 17:00:00,12.3,72.4,1011.2,11.1,0.0,4.3
2024-08-27 18:00:00,10.7,72.1,1012.1,17.8,0.0,2.3
2024-08-27 19:00:00,7.7,74.1,1009.6,16.6,0.0,1.5
2024-08-27 20:00:00,8.0,77.2,1011.3,17.9,0.0,0
2024-08-27 21:00:00,6.0,77.1,1008.9,10.6,0.0,0.0
2024-08-27 22:00:00,5.2,78.0,1013.5,12.3,0.0,0.0
2024-08-27 23:00:00,4.1,82.1,1007.0,8.1,0.0,0.0
2024-08-28 00:00:00,5.2,83.9,1009.7,13.0,0.0,0.0
2024-08-28 01:00:00,4.7,84.9,1005.9,7.6,0.0,0.0
2024-08-28 02:00:00,5.2,87.4,1009.3,11.3,0.0,0.0
2024-08-28 03:00:00,5.3,87.7,1011.8,7.6,0.0,0.0
2024-08-28 04:00:00,7.7,85.2,1009.8,6.9,0.0,0.0
2024-08-28 05:00:00,8.2,88.3,1011.2,7.4,0.0,0.0
2024-08-28 06:00:00,9.5,89.8,1012.8,6.4,0.0,0
2024-08-28 07:00:00,11.8,85.8,1010.7,12.1,0.0,1.3
2024-08-28 08:00:00,13.0,85.5,1010.8,5.3,0.0,2.3
2024-08-28 09:00:00,14.1,86.0,1011.6,12.3,0.0,3.6
2024-08-28 10:00:00,15.1,84.8,1009.2,4.3,0.0,5.1
2024-08-28 11:00:00,15.1,80.4,1009.0,10.7,0.0,5.7
2024-08-28 12:00:00,15.3,77.5,1011.2,9.0,0.0,5.7
2024-08-28 13:00:00,15.8,75.6,1010.9,21.6,0.0,6.3
2024-08-28 14:00:00,15.0,72.7,1009.2,12.8,0.0,5.9
2024-08-28 15:00:00,14.3,75.6,1007.7,12.8,0.0,5.7
2024-08-28 16:00:00,12.0,75.0,1013.6,12.4,0.0,4.8
2024-08-28 17:00:00,11.7,73.6,1010.7,15.4,5.7,4.0
2024-08-28 18:00:00,9.8,73.6,1011.6,17.6,0.0,2.6
2024-08-28 19:00:00,8.7,74.7,1009.1,21.0,0.0,1.4
2024-08-28 20:00:00,7.3,78.0,1011.5,15.9,0.0,0.3
2024-08-28 21:00:00,5.8,79.6,1014.2,16.7,0.0,0.0
2024-08-28 22:00:00,4.5,80.9,1010.9,10.9,0.2,0.0
2024-08-28 23:00:00,5.4,79.1,1010.8,11.4,0.0,0.0
2024-08-29 00:00:00,4.6,83.6,1010.6,19.6,0.0,0.0
29/08/2024 01:00,3.7,83.3,1010.1,16.9,0.0,0.0
2024-08-29 02:00:00,4.8,,1009.7,12.3,0.0,0.0
29/08/2024 03:00,4.9,87.3,1008.7,6.4,0.0,0.0
2024-08-29 04:00:00,7.1,86.7,1009.4,7.8,0.0,0.0
2024-08-29 05:00:00,7.6,91.2,1009.7,9.6,0.0,0.0
2024-08-29 06:00:00,10.1,84.6,1012.4,7.8,0.0,0
2024-08-29 07:00:00,12.8,87.7,1010.9,8.2,0.0,1.5
2024-08-29 08:00:00,12.6,84.2,1009.1,7.0,0.0,2.9
2024-08-29 09:00:00,13.4,83.5,1010.1,7.0,0.0,3.7
2024-08-29 10:00:00,15.9,82.5,1012.6,7.4,0.0,4.9
2024-08-29 11:00:00,15.2,83.9,1010.3,10.0,0.0,5.7
29/08/2024 12:00,16.2,73.8,1010.0,4.5,0.0,5.6
29/08/2024 13:00,15.6,77.3,1009.9,5.1,0.0,5.7
2024-08-29 14:00:00,16.5,75.4,1010.6,9.7,3.0,5.8
2024-08-29 15:00:00,13.5,74.6,1009.1,13.9,0.0,5.7
29/08/2024 16:00,11.3,73.5,1010.1,12.4,0.0,4.4
2024-08-29 17:00:00,11.2,75.0,1008.3,11.7,0.0,3.3
2024-08-29 18:00:00,9.5,74.8,1011.7,10.2,0.0,2.3
2024-08-29 19:00:00,8.6,75.0,1008.6,24.2,0.0,1.4
2024-08-29 20:00:00,7.5,74.7,1010.0,15.8,0.0,0.1
2024-08-29 21:00:00,6.1,74.5,1011.5,7.5,0.0,0.0
2024-08-29 22:00:00,4.5,78.3,1009.3,10.7,0.0,0.0
29/08/2024 23:00,5.3,81.7,1010.2,12.3,0.0,0.0
2024-08-30 00:00:00,5.0,83.8,1011.0,19.8,0.0,0.0
2024-08-30 01:00:00,4.9,84.8,1012.1,22.5,0.0,0.0
2024-08-30 02:00:00,5.5,85.3,1008.0,19.4,0.0,0.0
2024-08-30 03:00:00,6.5,85.2,1010.3,7.5,0.0,0.0
2024-08-30 04:00:00,7.1,86.5,1011.4,11.8,0.0,0.0
2024-08-30 05:00:00,8.0,87.0,1012.6,8.2,0.0,0.0
2024-08-30 06:00:00,9.8,85.6,1009.2,5.7,0.0,0.2
2024-08-30 07:00:00,11.1,87.6,1008.9,8.4,0.0,1.7
2024-08-30 08:00:00,13.1,84.4,1009.1,5.3,0.8,2.7
2024-08-30 09:00:00,13.8,83.4,1010.6,5.9,0.0,4.3
2024-08-30 10:00:00,15.1,81.5,1009.6,5.3,0.0,4.7
2024-08-30 11:00:00,15.2,81.7,1010.7,9.8,0.0,5.9
2024-08-30 12:00:00,15.0,77.6,1011.7,9.2,0.0,6.1
2024-08-30 13:00:00,15.3,75.6,1012.7,9.8,0.0,6.3
2024-08-30 14:00:00,15.1,74.2,1009.8,10.8,0.0,6.3
2024-08-30 15:00:00,14.2,75.1,1007.6,10.8,0.0,5.2
2024-08-30 16:00:00,12.4,71.3,1010.4,6.9,0.0,5.0
2024-08-30 17:00:00,12.1,72.3,1009.9,31.7,0.0,4.1
2024-08-30 18:00:00,11.1,71.8,1009.6,27.3,0.0,2.8
2024-08-30 19:00:00,8.2,75.7,1010.3,24.1,0.0,1.3
2024-08-30 20:00:00,6.7,77.2,1011.9,12.0,0.0,0.4
2024-08-30 21:00:00,7.0,78.3,1008.9,32.9,3.7,0.0
2024-08-30 22:00:00,5.7,78.6,1010.8,34.5,0.0,0.0
2024-08-30 23:00:00,5.1,79.2,1009.1,28.4,0.0,0.0
2024-08-31 00:00:00,3.8,82.4,1011.2,11.6,0.0,0.0
2024-08-31 01:00:00,4.6,87.8,1011.2,9.2,0.0,0.0
2024-08-31 02:00:00,6.7,85.8,1010.0,10.9,0.0,0.0
2024-08-31 03:00:00,6.1,88.0,1009.2,12.2,0.0,0.0
2024-08-31 04:00:00,6.8,86.4,1008.4,8.4,0.0,0.0
2024-08-31 05:00:00,9.5,84.5,1012.3,11.0,0.0,0.0
2024-08-31 06:00:00,9.8,89.5,1010.1,12.4,0.0,0.5
2024-08-31 07:00:00,12.0,84.9,1011.8,8.2,0.0,1.6
2024-08-31 08:00:00,12.8,86.9,1010.5,10.1,0.0,3.2
2024-08-31 09:00:00,15.1,82.8,1011.2,6.9,0.0,3.7
2024-08-31 10:00:00,14.2,81.6,1011.2,8.1,0.0,4.7
2024-08-31 11:00:00,15.0,80.6,1010.5,5.0,0.0,5.9
2024-08-31 12:00:00,16.2,74.7,1010.2,4.7,0.0,6.0
2024-08-31 13:00:00,17.2,74.3,1010.7,12.0,0.0,5.9
2024-08-31 14:00:00,14.8,71.8,1013.3,12.0,0.0,6.0
2024-08-31 15:00:00,14.2,73.7,1010.5,11.5,0.0,5.6
2024-08-31 16:00:00,12.7,74.6,1007.7,12.3,0.0,5.2
2024-08-31 17:00:00,12.0,72.0,1010.1,18.7,0.0,3.8
2024-08-31 18:00:00,10.0,72.4,1009.6,17.2,0.0,2.8
2024-08-31 19:00:00,9.5,71.2,1010.2,23.0,0.0,1.2
2024-08-31 20:00:00,6.7,74.9,1010.1,29.3,0.0,0.1
2024-08-31 21:00:00,7.3,76.6,1013.5,21.8,0.0,0.0
2024-08-31 22:00:00,6.6,76.8,1012.0,12.3,0.0,0.0
31/08/2024 23:00,3.8,84.2,1009.6,15.2,0.0,0.0
2024-09-01 00:00:00,4.6,82.3,1009.9,7.8,0.2,0.0
2024-09-01 01:00:00,4.9,86.2,1007.3,10.2,0.0,0.0
2024-09-01 02:00:00,5.2,83.8,1008.7,10.8,0.0,0.0
2024-09-01 03:00:00,6.6,91.0,1012.3,14.4,0.0,0.0
2024-09-01 04:00:00,7.7,89.6,1009.6,22.1,0.0,0.0
2024-09-01 05:00:00,7.9,87.3,1012.8,4.1,0.0,0.0
2024-09-01 06:00:00,11.1,90.0,1012.1,10.3,0.0,0
2024-09-01 07:00:00,11.3,87.7,1012.9,3.5,0.0,1.4
2024-09-01 08:00:00,14.1,86.3,1008.6,10.4,0.0,2.1
2024-09-01 09:00:00,13.7,85.1,1011.2,7.4,0.0,4.0
2024-09-01 10:00:00,16.4,81.2,1010.0,9.6,0.0,5.1
2024-09-01 11:00:00,16.6,78.4,1011.1,,0.0,5.8
2024-09-01 12:00:00,16.7,76.2,1012.4,7.6,0.0,5.8
2024-09-01 13:00:00,,76.2,1009.3,11.1,0.0,6.3
2024-09-01 14:00:00,15.3,76.5,1011.6,13.5,0.0,6.2
2024-09-01 15:00:00,15.5,70.4,1011.2,10.1,0.0,5.5
2024-09-01 16:00:00,12.2,70.4,1011.3,11.8,0.0,5.0
2024-09-01 17:00:00,12.0,,1008.9,11.0,0.0,4.0
2024-09-01 18:00:00,9.7,75.6,1012.4,13.9,0.0,2.8
2024-09-01 19:00:00,9.0,72.5,1010.6,26.3,0.0,1.4
2024-09-01 20:00:00,7.9,72.2,1010.1,14.9,0.0,0.1
2024-09-01 21:00:00,6.3,74.0,1007.6,24.5,0.0,0.0
2024-09-01 22:00:00,5.4,78.5,1010.9,13.6,0.0,0.0
2024-09-01 23:00:00,4.2,79.9,1009.9,7.0,0.0,0.0
2024-09-02 00:00:00,5.3,78.8,1009.5,10.2,0.0,0.0
2024-09-02 01:00:00,4.2,86.1,1013.9,18.1,0.0,0.0
2024-09-02 02:00:00,4.8,87.7,1011.2,9.7,0.0,0.0
02/09/2024 03:00,6.6,87.5,1010.8,13.3,0.0,0.0
2024-09-02 04:00:00,7.5,86.0,1008.2,4.8,0.0,0.0
2024-09-02 05:00:00,9.1,88.7,1012.8,5.3,0.0,0.0
2024-09-02 06:00:00,11.9,86.8,1011.1,4.4,0.0,0
2024-09-02 07:00:00,12.1,87.6,1011.1,5.0,0.0,1.4
2024-09-02 08:00:00,13.4,83.7,1011.4,8.9,0.0,2.6
2024-09-02 09:00:00,14.1,79.4,1009.0,5.4,0.0,3.9
2024-09-02 10:00:00,16.1,79.1,1013.0,7.9,0.0,5.2
2024-09-02 11:00:00,15.2,79.1,1013.2,7.4,0.0,5.8
2024-09-02 12:00:00,16.3,74.3,1012.8,8.7,0.0,6.2
2024-09-02 13:00:00,16.0,75.2,1008.7,10.6,0.0,6.4
2024-09-02 14:00:00,15.5,70.5,1011.8,10.2,0.0,6.3
2024-09-02 15:00:00,14.6,71.5,1012.2,18.6,0.0,5.9
2024-09-02 16:00:00,13.3,73.2,1011.4,23.9,0.0,4.8
2024-09-02 17:00:00,12.5,72.5,1011.6,14.3,0.0,3.7
2024-09-02 18:00:00,10.1,71.8,1008.5,20.6,0.0,2.4
2024-09-02 19:00:00,9.3,76.1,1012.0,17.0,0.0,1.7
2024-09-02 20:00:00,9.4,72.9,1010.9,11.0,0.0,0
2024-09-02 21:00:00,7.4,76.6,1011.4,15.4,0.0,0.0
2024-09-02 22:00:00,5.9,81.4,1011.1,7.1,0.0,0.0
2024-09-02 23:00:00,6.0,81.3,1012.5,6.3,0.0,0.0
2024-09-03 00:00:00,6.1,82.0,1013.6,17.0,0.0,0.0
2024-09-03 01:00:00,5.1,84.5,1008.9,13.6,0.0,0.0
2024-09-03 02:00:00,4.7,86.9,1010.5,4.8,0.0,0.0
2024-09-03 03:00:00,5.6,87.1,1012.1,14.4,0.0,0.0
2024-09-03 04:00:00,8.0,87.6,1011.8,6.1,0.0,0.0
2024-09-03 05:00:00,9.6,86.8,1011.9,9.7,0.0,0.0
03/09/2024 06:00,10.9,87.4,1009.8,11.2,0.0,0
2024-09-03 07:00:00,11.1,85.4,1007.9,7.2,0.0,1.9
2024-09-03 08:00:00,14.0,83.1,1010.6,5.3,0.0,3.0
2024-09-03 09:00:00,15.3,82.6,1011.9,10.5,0.0,3.7
2024-09-03 10:00:00,15.4,82.8,1011.7,5.4,0.0,5.0
2024-09-03 11:00:00,15.6,81.4,1010.5,9.8,0.0,5.8
2024-09-03 12:00:00,17.3,73.2,1007.4,18.8,0.0,6.3
2024-09-03 13:00:00,15.8,74.2,1012.0,22.0,0.0,6.6
2024-09-03 14:00:00,16.8,74.7,1012.5,12.7,0.0,5.9
2024-09-03 15:00:00,14.8,71.5,1008.8,17.2,0.0,5.7
2024-09-03 16:00:00,14.6,71.5,1011.4,10.7,0.0,4.6
2024-09-03 17:00:00,11.5,70.9,1011.0,20.8,0.0,3.9
2024-09-03 18:00:00,10.3,72.4,1008.4,10.0,0.0,2.9
2024-09-03 19:00:00,9.4,75.5,1010.5,19.8,0.0,1.4
2024-09-03 20:00:00,7.0,75.3,1009.5,14.6,0.0,0.1
2024-09-03 21:00:00,6.5,78.7,1012.9,17.9,0.0,0.0
2024-09-03 22:00:00,5.0,77.9,1007.9,20.4,0.0,0.0
2024-09-03 23:00:00,4.9,82.8,1012.3,15.6,0.0,0.0
2024-09-04 00:00:00,6.1,81.1,1012.2,10.7,0.0,0.0
2024-09-04 01:00:00,5.2,81.2,1010.9,26.2,0.0,0.0
2024-09-04 02:00:00,6.0,86.8,1011.9,11.2,0.0,0.0
2024-09-04 03:00:00,5.8,91.0,1012.7,11.2,0.0,0.0
2024-09-04 04:00:00,7.9,84.9,1011.0,5.1,0.0,0.0
2024-09-04 05:00:00,8.6,86.9,1012.0,10.2,0.0,0.0
2024-09-04 06:00:00,10.4,89.9,1011.8,4.1,0.0,0.7
2024-09-04 07:00:00,12.2,85.5,1010.8,6.5,0.0,1.4
2024-09-04 08:00:00,12.6,82.9,1010.8,5.7,0.0,2.5
2024-09-04 09:00:00,13.6,82.4,1011.8,5.6,0.0,4.2
04/09/2024 10:00,15.2,81.9,1007.8,5.4,0.0,5.0
2024-09-04 11:00:00,17.0,80.4,1010.3,8.7,0.0,5.6
2024-09-04 12:00:00,16.4,76.0,1013.3,5.4,0.0,6.6
2024-09-04 13:00:00,17.2,74.5,1011.8,10.7,0.0,6.0
2024-09-04 14:00:00,15.9,73.6,1009.3,15.2,0.0,6.1
2024-09-04 15:00:00,15.4,74.9,1010.3,8.6,0.0,5.7
2024-09-04 16:00:00,13.9,73.4,1012.0,11.8,0.0,4.8
2024-09-04 17:00:00,12.1,74.3,1013.1,11.1,0.0,4.3
2024-09-04 18:00:00,10.8,72.2,1009.2,10.9,0.0,2.7
2024-09-04 19:00:00,10.2,74.3,1011.9,14.0,0.0,1.8
2024-09-04 20:00:00,9.2,76.0,1013.1,14.7,0.0,0
2024-09-04 21:00:00,8.4,75.7,1007.6,12.0,0.0,0.0
2024-09-04 22:00:00,7.6,78.5,1009.3,14.5,0.0,0.0
2024-09-04 23:00:00,6.0,78.2,1011.1,17.2,0.0,0.0
2024-09-05 00:00:00,5.6,80.6,1010.3,22.6,0.0,0.0
2024-09-05 01:00:00,5.6,82.4,1007.6,4.5,0.0,0.0
2024-09-05 02:00:00,5.5,85.4,1010.6,6.2,0.0,0.0
2024-09-05 03:00:00,7.6,80.7,1010.5,9.6,0.0,0.0
2024-09-05 04:00:00,7.6,87.9,1008.9,11.8,0.0,0.0
2024-09-05 05:00:00,9.2,91.2,1009.9,6.5,0.0,0.0
2024-09-05 06:00:00,11.4,85.3,1010.6,7.6,0.0,0.3
2024-09-05 07:00:00,13.9,85.3,1010.9,8.2,0.0,1.0
2024-09-05 08:00:00,13.7,84.6,1014.0,3.6,0.0,2.8
2024-09-05 09:00:00,15.3,80.5,1010.6,4.8,0.0,3.8
2024-09-05 10:00:00,15.8,77.9,1011.3,8.8,5.4,4.7
2024-09-05 11:00:00,17.1,81.1,1011.3,8.3,2.0,6.0
2024-09-05 12:00:00,15.6,74.5,1011.1,8.1,0.0,6.2
2024-09-05 13:00:00,16.3,74.5,1012.2,11.6,0.0,6.1
2024-09-05 14:00:00,15.9,71.6,1008.8,18.8,0.0,6.5
2024-09-05 15:00:00,14.7,72.9,1012.8,10.2,0.0,5.9
2024-09-05 16:00:00,13.0,73.8,1012.5,24.4,0.0,4.7
2024-09-05 17:00:00,12.9,70.7,1011.7,14.5,0.0,4.2
05/09/2024 18:00,10.5,77.5,1012.5,14.9,0.0,2.7
2024-09-05 19:00:00,8.2,75.9,1011.1,13.9,0.0,1.3
2024-09-05 20:00:00,7.7,73.0,1010.6,26.5,0.0,0
2024-09-05 21:00:00,8.1,76.6,,19.9,0.0,0.0
2024-09-05 22:00:00,5.9,74.3,1008.9,10.5,0.0,0.0
2024-09-05 23:00:00,5.3,80.1,1012.0,15.6,0.0,0.0
2024-09-06 00:00:00,4.1,82.4,1011.2,8.6,0.0,0.0
2024-09-06 01:00:00,6.4,85.8,1009.5,,0.0,0.0
06/09/2024 02:00,5.9,87.0,1011.8,13.0,0.0,0.0
2024-09-06 03:00:00,8.3,86.4,1013.0,7.1,0.0,0.0
2024-09-06 04:00:00,8.8,85.2,1012.0,6.3,0.0,0.0
2024-09-06 05:00:00,10.2,89.2,1007.4,9.1,0.0,0.0
2024-09-06 06:00:00,9.2,87.4,1014.6,6.6,0.0,0.0
2024-09-06 07:00:00,13.3,110,1012.3,4.8,0.0,1.6
2024-09-06 08:00:00,14.6,87.2,1011.6,6.4,0.0,2.8
2024-09-06 09:00:00,15.8,80.6,1012.4,15.6,0.0,3.8
2024-09-06 10:00:00,15.8,77.3,1011.9,7.2,0.0,5.3
2024-09-06 11:00:00,17.2,77.7,1011.7,9.2,0.0,6.4
2024-09-06 12:00:00,16.9,72.8,1009.6,15.3,0.0,6.3
2024-09-06 13:00:00,16.9,75.8,1009.7,12.0,0.0,7.0
2024-09-06 14:00:00,15.5,72.9,1009.5,11.0,0.0,6.0
2024-09-06 15:00:00,15.0,72.5,1010.7,13.0,0.0,6.1
2024-09-06 16:00:00,13.3,73.2,1011.8,10.5,0.0,5.1
2024-09-06 17:00:00,12.7,73.2,1012.6,15.1,0.0,4.3
2024-09-06 18:00:00,11.2,71.4,1011.7,12.9,0.0,2.8
2024-09-06 19:00:00,9.8,75.9,1010.7,28.4,0.0,1.3
2024-09-06 20:00:00,9.4,73.9,1010.3,18.9,0.0,0
2024-09-06 21:00:00,5.8,77.4,1013.4,19.1,0.0,0.0
2024-09-06 22:00:00,5.6,78.5,1010.9,33.7,0.0,0.0
2024-09-06 23:00:00,5.3,81.3,1011.2,18.4,0.0,0.0
2024-09-07 00:00:00,5.4,80.8,1011.6,14.0,0.0,0.0
2024-09-07 01:00:00,5.6,81.4,1010.7,11.3,0.0,0.0
07/09/2024 02:00,6.3,84.2,1011.9,7.8,0.0,0.0
2024-09-07 03:00:00,7.2,84.4,1009.7,10.9,0.0,0.0
2024-09-07 04:00:00,7.7,88.5,1008.2,8.1,2.6,0.0
2024-09-07 05:00:00,10.1,90.2,1007.7,8.5,0.0,0.0
2024-09-07 06:00:00,9.8,86.4,1012.0,5.3,0.0,0
2024-09-07 07:00:00,13.0,88.6,1011.8,4.6,0.0,1.5
2024-09-07 08:00:00,14.4,82.7,1010.2,6.1,0.0,2.7
2024-09-07 09:00:00,15.5,84.6,1013.7,5.3,0.0,4.0
2024-09-07 10:00:00,16.8,83.1,1008.5,7.7,0.0,5.0
2024-09-07 11:00:00,16.7,78.3,1010.5,4.9,0.0,6.0
2024-09-07 12:00:00,16.1,76.3,1009.8,17.2,0.0,6.7
2024-09-07 13:00:00,17.0,75.3,1015.3,6.5,0.0,6.6
2024-09-07 14:00:00,16.6,75.8,1012.5,19.5,0.0,6.0
2024-09-07 15:00:00,15.7,75.5,1010.3,6.3,0.0,5.9
2024-09-07 16:00:00,13.7,71.1,1008.4,12.7,0.0,5.3
2024-09-07 17:00:00,12.9,71.6,1013.0,15.4,0.0,4.1
2024-09-07 18:00:00,10.9,73.1,1010.5,29.4,0.0,3.2
2024-09-07 19:00:00,10.1,74.5,1011.8,21.3,0.0,1.7
2024-09-07 20:00:00,9.4,75.3,1010.6,10.1,0.0,0.1
2024-09-07 21:00:00,8.3,75.1,1009.7,8.2,0.0,0.0
2024-09-07 22:00:00,5.9,75.0,1008.9,27.5,0.0,0.0
2024-09-07 23:00:00,4.9,77.3,1010.6,11.1,0.0,0.0
2024-09-08 00:00:00,4.6,84.4,1014.1,18.1,0.0,0.0
2024-09-08 01:00:00,5.5,81.2,1013.8,15.2,0.0,0.0
2024-09-08 02:00:00,6.3,83.7,1011.1,7.6,0.0,0.0
2024-09-08 03:00:00,7.9,89.8,1008.0,6.0,0.0,0.0
2024-09-08 04:00:00,9.1,84.0,1012.7,11.3,0.0,0.0
2024-09-08 05:00:00,9.9,86.3,1010.8,12.1,0.0,0.0
2024-09-08 06:00:00,11.8,87.2,1012.0,2.8,1.4,0.4
2024-09-08 07:00:00,13.0,84.8,1010.5,5.4,0.0,1.6
08/09/2024 08:00,15.1,81.2,1010.8,4.7,0.0,2.9
2024-09-08 09:00:00,15.9,80.8,1010.1,8.6,1.1,3.9
2024-09-08 10:00:00,17.4,80.1,1011.5,9.2,0.0,5.8
2024-09-08 11:00:00,17.2,76.8,1013.9,19.0,0.0,5.9
2024-09-08 12:00:00,17.2,76.4,1010.9,12.1,0.0,6.5
2024-09-08 13:00:00,17.7,73.6,1014.2,4.7,0.0,7.0
2024-09-08 14:00:00,16.3,72.7,1011.7,17.3,0.0,6.3
2024-09-08 15:00:00,15.0,73.4,1010.1,18.9,0.0,6.1
2024-09-08 16:00:00,14.5,72.3,1011.4,15.0,0.0,4.8
2024-09-08 17:00:00,13.4,71.1,1010.8,14.4,0.0,4.0
2024-09-08 18:00:00,12.2,71.1,1012.2,11.2,0.0,2.9
2024-09-08 19:00:00,10.4,72.4,1011.0,19.4,0.0,0.8
2024-09-08 20:00:00,7.5,79.5,1012.8,16.4,0.0,0.0
2024-09-08 21:00:00,8.1,73.8,1009.2,16.0,0.0,0.0
2024-09-08 22:00:00,7.0,78.8,1014.1,22.2,0.2,0.0
2024-09-08 23:00:00,6.4,77.8,1011.7,12.0,0.0,0.0
2024-09-09 00:00:00,6.1,81.2,1011.2,14.5,0.0,0.0
2024-09-09 01:00:00,6.1,82.5,1010.9,11.9,0.0,0.0
2024-09-09 02:00:00,5.0,85.2,1011.3,19.9,0.0,0.0
2024-09-09 03:00:00,7.7,83.1,1011.0,10.8,0.0,0.0
2024-09-09 04:00:00,7.9,88.5,1010.4,10.1,0.0,0.0
2024-09-09 05:00:00,10.1,85.3,1009.8,11.8,0.0,0.0
09/09/2024 06:00,11.4,87.0,1011.3,8.1,0.0,0
2024-09-09 07:00:00,13.1,80.8,1011.6,4.9,0.0,1.5
2024-09-09 08:00:00,14.6,85.1,1010.8,5.2,2.6,3.2
2024-09-09 09:00:00,16.2,84.8,1012.9,7.5,0.0,4.4
2024-09-09 10:00:00,17.1,81.6,1012.7,5.7,0.0,5.2
2024-09-09 11:00:00,17.8,76.9,1008.9,11.6,0.0,6.0
2024-09-09 12:00:00,16.8,76.9,1012.4,12.8,0.0,6.6
2024-09-09 13:00:00,18.6,71.6,1011.5,18.4,0.0,7.0
2024-09-09 14:00:00,15.4,72.1,1008.5,9.6,0.0,6.9
2024-09-09 15:00:00,15.1,70.9,1009.8,7.9,0.0,6.2
2024-09-09 16:00:00,13.2,75.0,1013.8,7.5,0.0,5.5
2024-09-09 17:00:00,12.8,71.0,1010.7,11.4,0.0,4.2
09/09/2024 18:00,12.1,70.6,1012.2,10.8,0.0,2.6
2024-09-09 19:00:00,10.4,73.1,1012.1,13.3,0.0,1.5
2024-09-09 20:00:00,9.0,73.7,1013.2,20.5,0.0,0.0
2024-09-09 21:00:00,7.2,78.9,1009.7,17.8,0.0,0.0
2024-09-09 22:00:00,5.4,79.2,1014.1,16.1,0.0,0.0
2024-09-09 23:00:00,6.3,80.4,1013.3,14.2,0.0,0.0
2024-09-10 00:00:00,5.9,81.1,1011.4,12.2,0.0,0.0
2024-09-10 01:00:00,6.5,83.8,1010.6,10.0,0.0,0.0
2024-09-10 02:00:00,6.6,86.1,1010.1,8.0,0.0,0.0
2024-09-10 03:00:00,9.0,85.8,1012.2,9.0,0.0,0.0
2024-09-10 04:00:00,9.2,85.0,1011.6,10.5,0.0,0.0
2024-09-10 05:00:00,9.7,84.0,1011.2,7.1,0.0,0.0
10/09/2024 06:00,12.8,86.1,1012.7,7.7,0.0,0
10/09/2024 07:00,13.5,85.6,,13.1,0.0,1.8
2024-09-10 08:00:00,15.2,84.7,1013.5,3.8,0.0,2.9
2024-09-10 09:00:00,16.3,81.7,1013.4,4.4,0.0,4.4
2024-09-10 10:00:00,17.2,81.2,1010.9,9.1,0.0,5.1
2024-09-10 11:00:00,17.1,79.1,1010.6,6.1,0.0,6.2
2024-09-10 12:00:00,17.5,79.4,1010.6,7.7,0.0,6.5
2024-09-10 13:00:00,17.4,72.7,1012.3,10.7,0.0,6.5
2024-09-10 14:00:00,16.4,73.3,1010.8,8.9,0.0,7.0
2024-09-10 15:00:00,16.8,70.7,1011.8,6.6,0.0,5.9
2024-09-10 16:00:00,14.7,67.9,1010.0,13.1,0.0,5.4
2024-09-10 17:00:00,13.3,71.0,1008.5,19.4,0.0,3.9
2024-09-10 18:00:00,11.6,72.6,1010.4,10.5,0.0,2.9
2024-09-10 19:00:00,11.3,72.1,1012.9,9.4,0.0,1.7
2024-09-10 20:00:00,9.2,75.9,1009.4,27.4,0.0,0
2024-09-10 21:00:00,8.5,74.4,1011.9,23.1,0.0,0.0
2024-09-10 22:00:00,7.1,76.3,1011.8,17.2,0.0,0.0
2024-09-10 23:00:00,,81.1,1010.1,19.7,0.0,0.0
2024-09-11 00:00:00,6.1,84.2,1013.4,14.8,0.0,0.0
2024-09-11 01:00:00,6.5,83.1,1011.7,19.7,0.0,0.0
2024-09-11 02:00:00,5.7,85.1,1012.4,6.9,0.0,0.0
2024-09-11 03:00:00,7.6,84.3,1011.0,10.9,0.0,0.0
2024-09-11 04:00:00,8.2,84.6,1010.1,10.5,0.0,0.0
2024-09-11 05:00:00,10.4,85.7,1010.5,8.7,0.0,0.0
2024-09-11 06:00:00,13.5,86.0,1009.9,3.8,0.0,0.2
2024-09-11 07:00:00,13.9,83.3,1011.4,6.1,0.0,1.5
2024-09-11 08:00:00,14.3,85.8,1010.2,9.2,0.0,3.1
11/09/2024 09:00,16.0,80.9,1012.9,9.8,0.0,4.7
2024-09-11 10:00:00,16.5,78.7,1013.8,8.5,0.0,5.4
2024-09-11 11:00:00,17.4,78.3,1010.4,7.9,0.0,5.9
2024-09-11 12:00:00,17.5,74.2,1013.6,15.5,0.0,6.6
2024-09-11 13:00:00,18.3,73.0,1012.4,10.9,0.0,6.6
2024-09-11 14:00:00,17.8,69.1,1011.1,12.1,0.0,6.6
2024-09-11 15:00:00,16.3,73.1,1010.4,15.5,0.0,5.8
2024-09-11 16:00:00,15.5,72.3,1010.5,12.5,0.0,5.4
2024-09-11 17:00:00,13.5,68.1,1011.2,25.3,0.0,4.6
2024-09-11 18:00:00,12.4,68.4,1010.6,18.6,0.0,3.1
2024-09-11 19:00:00,10.3,73.3,1013.7,29.4,0.0,1.1
2024-09-11 20:00:00,9.9,77.1,,17.5,0.0,0
11/09/2024 21:00,6.5,76.6,1012.4,11.0,0.0,0.0
2024-09-11 22:00:00,7.1,73.3,1012.8,15.9,0.0,0.0
2024-09-11 23:00:00,6.1,78.3,1010.1,10.7,0.0,0.0
2024-09-12 00:00:00,6.9,79.8,1011.3,16.6,0.0,0.0
2024-09-12 01:00:00,6.4,83.5,1011.4,11.4,0.0,0.0
2024-09-12 02:00:00,6.4,82.2,1009.8,12.0,0.0,0.0
2024-09-12 03:00:00,7.3,81.2,1009.5,11.6,0.0,0.0
2024-09-12 04:00:00,9.9,86.0,1012.2,9.7,0.0,0.0
2024-09-12 05:00:00,-7.8,88.2,1011.8,14.2,0.0,0.0
2024-09-12 06:00:00,13.5,83.3,1012.8,9.2,0.0,0
2024-09-12 07:00:00,14.0,84.1,1010.1,6.0,0.0,1.3
2024-09-12 08:00:00,14.8,82.5,1011.7,4.8,0.0,2.8
2024-09-12 09:00:00,17.0,79.0,1009.4,6.7,0.0,4.3
2024-09-12 10:00:00,17.0,78.9,1010.2,9.5,0.0,5.7
12/09/2024 11:00,17.9,77.2,1012.0,7.3,0.0,6.0
2024-09-12 12:00:00,17.7,73.7,1011.4,10.1,0.0,6.7
2024-09-12 13:00:00,18.8,71.3,1010.5,11.6,0.0,6.5
2024-09-12 14:00:00,17.3,76.8,1010.0,9.8,0.0,6.6
2024-09-12 15:00:00,16.7,71.4,1011.1,29.6,0.0,6.0
2024-09-12 16:00:00,14.8,71.8,1009.8,7.1,0.0,5.3
2024-09-12 17:00:00,13.7,72.6,1010.3,12.7,0.0,4.2
2024-09-12 18:00:00,11.9,72.7,1011.3,10.5,0.0,3.1
2024-09-12 19:00:00,10.5,73.4,1008.1,18.4,0.0,1.3
2024-09-12 20:00:00,7.9,77.6,1010.9,7.6,0.0,0
2024-09-12 21:00:00,7.0,75.5,1009.4,22.5,0.0,0.0
2024-09-12 22:00:00,7.8,78.2,1011.5,28.7,0.0,0.0
2024-09-12 23:00:00,6.8,77.1,1010.1,16.3,0.0,0.0
2024-09-13 00:00:00,6.3,77.1,1009.2,7.1,0.0,0.0
2024-09-13 01:00:00,8.2,85.6,1011.8,9.1,0.0,0.0
2024-09-13 02:00:00,6.5,86.8,1008.9,14.4,0.0,0.0
2024-09-13 03:00:00,7.8,86.7,1012.8,10.2,0.0,0.0
2024-09-13 04:00:00,10.0,83.8,1015.1,8.2,0.0,0.0
2024-09-13 05:00:00,10.5,85.4,1010.7,6.8,0.0,0.0
2024-09-13 06:00:00,12.4,85.2,1010.6,8.0,0.0,0
13/09/2024 07:00,12.6,87.9,1011.1,9.0,0.0,1.8
2024-09-13 08:00:00,15.2,83.7,1012.6,6.5,0.0,2.8
2024-09-13 09:00:00,16.8,85.3,1013.9,12.6,0.0,4.6
2024-09-13 10:00:00,18.0,80.0,1011.5,4.3,0.0,5.2
2024-09-13 11:00:00,18.5,73.4,1010.8,15.8,0.0,5.8
2024-09-13 12:00:00,19.1,75.9,1012.9,13.7,0.0,7.1
2024-09-13 13:00:00,17.9,75.1,1010.0,4.6,0.0,6.8
2024-09-13 14:00:00,17.5,70.8,1011.2,20.1,0.0,6.3
2024-09-13 15:00:00,16.7,70.3,1011.7,12.0,0.0,6.6
2024-09-13 16:00:00,15.6,68.3,1012.1,25.4,0.0,5.8
2024-09-13 17:00:00,13.6,70.2,1012.5,17.9,0.0,4.8
2024-09-13 18:00:00,12.5,73.7,1009.5,16.9,0.0,3.1
2024-09-13 19:00:00,10.7,69.6,1013.4,14.9,0.0,1.7
2024-09-13 20:00:00,8.7,68.9,1013.2,16.0,0.0,0.3
2024-09-13 21:00:00,7.7,77.3,1013.1,21.9,0.0,0.0
2024-09-13 22:00:00,6.7,77.3,1011.8,8.1,0.0,0.0
2024-09-13 23:00:00,7.5,80.7,1010.6,19.3,0.0,0.0
2024-09-14 00:00:00,6.6,76.3,1010.5,14.1,0.0,0.0
2024-09-14 01:00:00,6.8,78.1,1009.5,11.4,0.0,0.0
2024-09-14 02:00:00,5.4,82.0,1009.9,13.3,0.0,0.0
14/09/2024 03:00,8.2,84.5,1014.0,9.3,0.0,0.0
2024-09-14 04:00:00,8.7,86.7,1011.2,8.2,0.0,0.0
2024-09-14 05:00:00,10.7,85.0,1013.3,7.7,0.0,0.0
2024-09-14 06:00:00,12.9,84.5,1013.2,8.4,0.0,0
2024-09-14 07:00:00,14.4,86.3,1012.9,8.2,0.0,1.2
2024-09-14 08:00:00,16.0,83.5,1013.6,7.6,0.0,2.7
2024-09-14 09:00:00,16.1,81.8,1013.2,6.5,2.5,4.4
2024-09-14 10:00:00,15.7,80.6,1011.1,10.0,0.0,5.8
2024-09-14 11:00:00,18.8,79.1,1011.1,9.0,0.0,6.7
2024-09-14 12:00:00,18.9,75.0,1012.0,11.0,3.5,6.7
2024-09-14 13:00:00,17.5,76.7,1012.1,7.2,0.0,7.5
2024-09-14 14:00:00,16.5,69.8,1011.8,8.4,0.0,6.5
2024-09-14 15:00:00,16.3,73.1,1010.9,12.4,0.0,6.3
2024-09-14 16:00:00,15.7,69.8,1013.1,13.1,0.0,5.1
2024-09-14 17:00:00,13.6,69.1,1013.7,26.5,0.0,4.3
2024-09-14 18:00:00,12.7,71.4,1012.2,14.1,0.0,2.8
2024-09-14 19:00:00,9.9,71.6,1013.8,31.4,0.0,1.5
2024-09-14 20:00:00,10.2,72.9,1012.8,41.3,0.0,0.1
2024-09-14 21:00:00,8.5,76.4,1012.6,9.1,0.0,0.0
2024-09-14 22:00:00,7.4,76.3,1012.9,11.3,0.0,0.0
2024-09-14 23:00:00,6.1,78.9,1009.7,9.0,0.0,0.0
2024-09-15 00:00:00,6.5,78.9,1011.1,11.5,0.0,0.0
2024-09-15 01:00:00,6.7,83.0,1011.6,11.7,0.0,0.0
2024-09-15 02:00:00,7.0,84.0,1011.8,12.6,0.0,0.0
2024-09-15 03:00:00,10.4,86.7,1011.6,15.2,0.0,0.0
2024-09-15 04:00:00,10.0,86.8,1010.3,12.2,0.0,0.0
2024-09-15 05:00:00,11.2,87.4,1014.0,7.4,0.0,0.0
2024-09-15 06:00:00,14.0,82.3,1011.6,12.3,0.0,0
2024-09-15 07:00:00,14.5,84.8,1011.1,4.8,0.0,1.8
2024-09-15 08:00:00,15.7,83.5,1011.3,5.0,0.0,3.3
2024-09-15 09:00:00,16.4,81.0,1012.2,5.9,0.0,4.5
2024-09-15 10:00:00,19.2,77.2,1011.4,5.7,0.0,5.3
2024-09-15 11:00:00,17.9,78.6,1013.5,5.5,2.0,6.3
2024-09-15 12:00:00,19.3,71.5,1010.2,6.1,0.0,6.8
2024-09-15 13:00:00,18.6,73.4,1011.7,9.3,0.0,6.9
2024-09-15 14:00:00,17.7,72.9,1012.4,10.7,0.0,6.6
2024-09-15 15:00:00,17.7,71.3,1010.9,17.4,0.0,6.5
2024-09-15 16:00:00,15.5,71.2,1013.4,23.7,0.0,5.8
2024-09-15 17:00:00,14.6,69.9,1009.0,19.7,0.0,4.5
2024-09-15 18:00:00,13.8,70.7,1010.8,23.7,0.0,3.2
2024-09-15 19:00:00,11.5,73.0,1010.6,14.2,0.0,1.7
2024-09-15 20:00:00,9.6,74.3,1010.9,9.6,0.0,0
2024-09-15 21:00:00,10.0,73.6,1016.0,24.6,0.0,0.0
2024-09-15 22:00:00,7.8,74.2,1010.3,20.3,0.0,0.0
2024-09-15 23:00:00,7.2,79.1,1011.7,10.3,0.0,0.0
2024-09-16 00:00:00,7.3,81.9,1011.3,21.2,0.0,0.0
2024-09-16 01:00:00,6.3,83.5,1009.8,12.9,0.0,0.0
2024-09-16 02:00:00,7.2,83.5,1010.7,13.0,0.0,0.0
16/09/2024 03:00,7.2,87.0,1011.1,13.0,0.0,0.0
2024-09-16 04:00:00,9.0,88.9,1013.2,13.6,0.0,0.0
2024-09-16 05:00:00,11.9,87.6,1009.7,6.1,0.0,0.0
2024-09-16 06:00:00,12.7,81.1,1012.3,6.7,0.0,0.1
2024-09-16 07:00:00,15.1,84.8,1010.8,10.4,0.0,1.9
2024-09-16 08:00:00,16.6,,1010.3,7.8,0.0,3.6
2024-09-16 09:00:00,16.6,82.3,1011.8,7.7,0.0,4.6
2024-09-16 10:00:00,17.7,76.1,1009.4,6.3,0.0,6.0
2024-09-16 11:00:00,18.9,76.1,1013.0,8.6,0.0,6.4
2024-09-16 12:00:00,18.7,77.4,1011.7,15.4,0.0,7.0
2024-09-16 13:00:00,18.1,75.8,1013.7,11.3,0.0,7.1
16/09/2024 14:00,18.1,69.9,1014.2,10.2,0.0,6.9
2024-09-16 15:00:00,17.4,70.2,1010.2,17.6,0.0,6.5
2024-09-16 16:00:00,15.8,67.9,1012.7,21.9,0.0,5.5
2024-09-16 17:00:00,13.9,70.8,1012.1,17.5,0.0,4.3
2024-09-16 18:00:00,13.5,70.5,1011.7,19.6,0.0,3.1
2024-09-16 19:00:00,11.7,70.3,1011.6,24.1,0.0,1.9
2024-09-16 20:00:00,9.4,74.3,1014.6,24.0,0.0,0.1
2024-09-16 21:00:00,8.0,74.7,1010.0,18.3,0.0,0.0
2024-09-16 22:00:00,7.9,74.7,1012.2,12.2,1.5,0.0
2024-09-16 23:00:00,6.7,76.5,1010.2,19.0,0.0,0.0
2024-09-17 00:00:00,7.8,80.6,1011.6,11.9,0.0,0.0
2024-09-17 01:00:00,7.7,81.5,1013.3,11.3,0.0,0.0
2024-09-17 02:00:00,7.8,82.0,1014.0,7.5,0.0,0.0
2024-09-17 03:00:00,8.3,81.8,1013.0,13.7,0.0,0.0
2024-09-17 04:00:00,9.5,86.5,1015.3,9.9,0.0,0.0
2024-09-17 05:00:00,11.3,84.9,1014.9,16.2,0.0,0.0
2024-09-17 06:00:00,13.2,84.7,1012.9,8.4,0.0,0
2024-09-17 07:00:00,15.2,79.9,1013.7,10.1,0.0,1.5
2024-09-17 08:00:00,16.1,80.3,1010.3,3.3,0.0,3.4
2024-09-17 09:00:00,16.8,81.2,1011.1,8.1,0.0,4.4
2024-09-17 10:00:00,20.0,78.1,1013.0,9.3,0.0,5.1
2024-09-17 11:00:00,18.3,74.6,1014.0,9.6,0.0,6.4
2024-09-17 12:00:00,19.9,72.7,1010.8,14.2,0.0,7.0
2024-09-17 13:00:00,19.3,74.2,1011.7,12.4,0.0,7.0
2024-09-17 14:00:00,18.1,71.6,1011.2,11.8,0.0,6.7
2024-09-17 15:00:00,19.0,70.3,1010.9,13.6,0.0,6.6
2024-09-17 16:00:00,16.5,73.5,1011.0,14.4,0.0,5.6
2024-09-17 17:00:00,,70.0,1011.2,19.9,0.0,4.7
2024-09-17 18:00:00,13.5,67.7,1010.8,16.5,0.0,3.2
2024-09-17 19:00:00,12.6,70.2,1012.9,13.8,0.0,1.5
2024-09-17 20:00:00,11.0,68.7,1014.6,14.8,0.0,0
2024-09-17 21:00:00,8.8,77.0,1013.4,16.1,0.0,0.0
2024-09-17 22:00:00,7.6,77.2,1011.5,13.8,0.0,0.0
2024-09-17 23:00:00,6.6,77.2,1011.9,14.5,0.0,0.0
2024-09-18 00:00:00,7.1,80.2,1010.5,5.8,0.0,0.0
2024-09-18 01:00:00,7.1,80.4,1014.2,16.5,0.0,0.0
2024-09-18 02:00:00,7.9,83.8,1011.7,7.9,0.0,0.0
2024-09-18 03:00:00,8.0,84.6,1012.4,13.5,0.0,0.0
2024-09-18 04:00:00,9.7,87.5,1010.0,20.0,0.0,0.0
2024-09-18 05:00:00,10.3,84.6,1011.5,9.2,0.0,0.0
2024-09-18 06:00:00,12.6,89.1,1013.4,12.5,0.0,0.4
2024-09-18 07:00:00,13.5,85.8,1012.4,6.6,0.0,1.7
2024-09-18 08:00:00,16.2,82.2,1012.5,9.0,0.0,2.8
18/09/2024 09:00,16.7,77.3,1010.9,6.8,0.0,4.7
2024-09-18 10:00:00,19.2,78.7,1012.0,5.4,0.0,5.6
2024-09-18 11:00:00,19.8,78.4,1010.3,5.7,0.0,6.5
2024-09-18 12:00:00,18.5,75.0,1015.6,6.9,0.0,7.6
2024-09-18 13:00:00,19.6,68.9,1013.9,11.9,0.0,7.0
2024-09-18 14:00:00,18.4,70.2,1012.0,9.2,0.0,6.8
2024-09-18 15:00:00,17.2,70.8,1009.8,13.5,0.0,6.3
2024-09-18 16:00:00,16.1,68.7,1011.7,16.6,0.0,5.6
2024-09-18 17:00:00,15.2,71.4,1014.6,13.7,0.0,4.9
2024-09-18 18:00:00,13.4,74.5,1012.2,11.3,0.0,3.0
2024-09-18 19:00:00,12.0,69.9,1010.9,22.5,0.0,1.5
2024-09-18 20:00:00,9.6,73.8,1014.6,26.5,0.0,0
2024-09-18 21:00:00,8.7,75.6,1010.8,22.5,0.0,0.0
2024-09-18 22:00:00,7.9,76.7,1014.2,13.0,0.0,0.0
2024-09-18 23:00:00,8.1,78.6,1013.3,23.3,0.0,0.0
2024-09-19 00:00:00,6.4,79.7,1014.5,13.5,0.0,0.0
2024-09-19 01:00:00,7.6,85.7,1012.0,24.0,0.0,0.0
2024-09-19 02:00:00,7.2,79.4,1012.7,20.5,0.0,0.0
2024-09-19 03:00:00,7.5,83.0,1010.7,5.7,0.0,0.0
2024-09-19 04:00:00,9.9,,1010.3,5.8,0.0,0.0
2024-09-19 05:00:00,11.9,85.4,1011.2,3.7,0.0,0.0
2024-09-19 06:00:00,11.4,84.3,1013.4,8.4,0.0,0.4
2024-09-19 07:00:00,14.4,85.8,1014.0,12.3,0.0,1.8
2024-09-19 08:00:00,16.1,79.8,1014.0,9.1,0.0,3.2
2024-09-19 09:00:00,18.1,79.2,1014.3,8.0,0.0,4.3
2024-09-19 10:00:00,18.7,81.5,1010.8,4.5,0.0,5.6
2024-09-19 11:00:00,19.9,73.3,1011.3,21.2,0.0,6.8
2024-09-19 12:00:00,19.7,73.2,1012.8,11.2,0.0,7.6
2024-09-19 13:00:00,19.2,73.9,1011.5,12.3,0.0,7.4
2024-09-19 14:00:00,17.3,70.5,1013.1,9.6,0.0,7.5
2024-09-19 15:00:00,18.9,71.6,1011.2,22.7,0.0,6.5
2024-09-19 16:00:00,16.6,69.7,1009.8,11.8,0.0,5.7
2024-09-19 17:00:00,14.6,71.4,1010.6,18.4,0.0,4.4
2024-09-19 18:00:00,13.2,67.7,1013.5,23.7,0.0,3.2
2024-09-19 19:00:00,10.6,72.0,1013.7,14.2,0.0,1.6
2024-09-19 20:00:00,8.7,73.2,1013.3,20.1,0.0,0
2024-09-19 21:00:00,9.5,73.5,1012.8,17.5,0.0,0.0
2024-09-19 22:00:00,7.0,76.4,1011.6,11.4,0.0,0.0
2024-09-19 23:00:00,6.0,78.2,1013.8,25.8,0.0,0.0
2024-09-20 00:00:00,7.2,81.6,1011.8,9.2,0.0,0.0
20/09/2024 01:00,7.4,81.0,1012.3,13.5,0.0,0.0
2024-09-20 02:00:00,7.5,85.1,1010.9,13.5,0.0,0.0
2024-09-20 03:00:00,9.3,84.6,1014.5,5.3,0.0,0.0
2024-09-20 04:00:00,11.0,85.1,1012.1,11.0,0.0,0.0
2024-09-20 05:00:00,11.6,83.8,1014.8,6.6,0.0,0.0
2024-09-20 06:00:00,13.3,83.4,1010.3,14.0,0.0,0
2024-09-20 07:00:00,14.1,87.7,1012.1,5.6,0.0,1.7
2024-09-20 08:00:00,16.8,82.7,1009.7,5.5,0.0,3.2
2024-09-20 09:00:00,17.2,79.4,1010.1,8.1,0.0,4.7
2024-09-20 10:00:00,18.9,82.5,1012.4,5.4,0.0,5.4
2024-09-20 11:00:00,19.1,75.8,1013.0,8.5,0.0,6.5
2024-09-20 12:00:00,18.6,76.1,1013.4,10.2,0.0,7.4
2024-09-20 13:00:00,19.1,70.8,1009.9,11.9,0.0,7.4
2024-09-20 14:00:00,19.0,71.7,1013.0,14.8,0.0,7.0
2024-09-20 15:00:00,17.5,71.2,1009.9,13.6,0.0,6.7
2024-09-20 16:00:00,16.7,71.4,1010.2,10.7,0.0,5.6
2024-09-20 17:00:00,15.2,73.5,1012.7,9.4,0.0,4.9
2024-09-20 18:00:00,12.7,70.2,1013.5,12.5,0.0,3.6
2024-09-20 19:00:00,12.5,69.9,1010.9,9.9,0.0,2.0
2024-09-20 20:00:00,10.6,75.0,1011.9,13.7,0.0,0.1
2024-09-20 21:00:00,9.7,76.6,1010.9,10.1,0.0,0.0
2024-09-20 22:00:00,8.4,75.3,1006.5,22.0,0.0,0.0
2024-09-20 23:00:00,7.4,79.7,1012.3,11.6,0.0,0.0
2024-09-21 00:00:00,7.3,80.6,1010.6,7.0,0.0,0.0
2024-09-21 01:00:00,8.7,78.2,1012.7,27.7,0.0,0.0
2024-09-21 02:00:00,7.5,84.9,1012.4,9.6,0.0,0.0
2024-09-21 03:00:00,9.8,84.5,1011.8,11.0,0.0,0.0
2024-09-21 04:00:00,11.1,86.0,1011.5,17.4,0.0,0.0
2024-09-21 05:00:00,11.7,88.4,1013.8,19.1,0.0,0.0
2024-09-21 06:00:00,14.0,81.4,1011.1,7.2,0.0,0
2024-09-21 07:00:00,15.8,84.8,1012.0,5.8,0.0,1.5
21/09/2024 08:00,16.8,82.0,1014.3,6.8,0.0,3.2
2024-09-21 09:00:00,17.7,79.2,1011.5,7.5,0.0,4.7
2024-09-21 10:00:00,18.7,77.4,1012.8,8.9,0.0,5.9
2024-09-21 11:00:00,19.0,76.7,1011.0,8.7,0.0,6.4
2024-09-21 12:00:00,19.4,74.9,1012.3,6.4,0.0,7.0
2024-09-21 13:00:00,19.9,67.8,1011.7,9.2,0.0,7.2
2024-09-21 14:00:00,17.8,69.5,1011.0,12.7,0.0,7.1
2024-09-21 15:00:00,19.1,69.8,1012.0,11.7,0.0,6.5
21/09/2024 16:00,16.3,68.8,1014.8,11.5,0.0,5.9
2024-09-21 17:00:00,14.7,71.9,1011.8,19.8,0.0,4.6
2024-09-21 18:00:00,13.6,68.9,1014.6,6.6,0.0,3.2
2024-09-21 19:00:00,12.0,68.4,1011.8,16.1,0.0,1.5
2024-09-21 20:00:00,10.9,74.3,1011.0,23.3,0.0,0
2024-09-21 21:00:00,10.2,73.0,1013.3,13.1,0.0,0.0
2024-09-21 22:00:00,6.7,73.8,1012.7,17.4,0.0,0.0
2024-09-21 23:00:00,7.4,79.2,1012.5,16.2,0.0,0.0
2024-09-22 00:00:00,8.0,81.1,1011.8,10.5,0.0,0.0
2024-09-22 01:00:00,7.8,81.4,1013.7,7.9,0.0,0.0
2024-09-22 02:00:00,7.9,82.3,1011.9,13.0,0.0,0.0
2024-09-22 03:00:00,9.4,82.5,1011.9,10.5,0.0,0.0
2024-09-22 04:00:00,11.7,84.8,1010.4,8.8,0.0,0.0
2024-09-22 05:00:00,11.7,82.2,1011.9,7.4,0.0,0.0
2024-09-22 06:00:00,14.6,85.0,1009.8,8.4,0.0,0
2024-09-22 07:00:00,16.2,82.5,1013.2,6.2,0.0,1.7
2024-09-22 08:00:00,15.6,84.1,1012.0,4.1,0.0,3.5
2024-09-22 09:00:00,18.3,77.6,1012.2,6.4,0.0,4.8
2024-09-22 10:00:00,18.1,80.4,1010.5,7.9,0.0,6.5
2024-09-22 11:00:00,19.8,74.2,1014.2,13.9,0.0,6.8
2024-09-22 12:00:00,19.3,72.9,1014.8,6.2,0.0,7.4
2024-09-22 13:00:00,20.9,68.9,1012.6,,0.0,7.2
2024-09-22 14:00:00,19.5,72.7,1013.7,12.9,0.0,7.6
2024-09-22 15:00:00,19.1,69.6,1012.4,14.1,0.0,6.9
2024-09-22 16:00:00,16.4,68.9,1012.9,15.9,0.0,6.1
2024-09-22 17:00:00,15.2,67.3,1014.4,31.9,0.0,4.7
2024-09-22 18:00:00,13.7,69.1,1013.5,13.5,0.0,3.2
2024-09-22 19:00:00,12.0,70.5,1015.0,13.5,0.0,1.4
2024-09-22 20:00:00,11.2,73.3,1011.7,9.8,0.0,0.1
2024-09-22 21:00:00,10.0,72.7,1011.5,18.3,0.0,0.0
2024-09-22 22:00:00,8.2,75.0,1013.3,9.7,0.0,0.0
2024-09-22 23:00:00,6.4,81.2,1011.7,10.4,0.0,0.0
2024-09-23 00:00:00,8.2,74.8,1010.2,6.2,0.0,0.0
2024-09-23 01:00:00,8.0,79.7,1012.7,10.9,0.0,0.0
2024-09-23 02:00:00,7.8,84.2,1012.4,39.4,0.0,0.0
2024-09-23 03:00:00,10.3,81.9,1011.1,10.8,0.0,0.0
2024-09-23 04:00:00,11.1,84.4,1012.4,8.9,0.0,0.0
2024-09-23 05:00:00,12.9,81.4,1013.6,10.5,0.0,0.0
2024-09-23 06:00:00,13.8,85.4,1010.2,7.4,0.0,0.2
2024-09-23 07:00:00,16.0,82.2,1012.0,9.2,0.0,1.3
2024-09-23 08:00:00,17.0,83.0,1016.1,7.6,0.0,3.1
2024-09-23 09:00:00,20.3,80.4,1012.4,6.2,0.0,4.8
2024-09-23 10:00:00,19.4,75.7,1010.5,7.4,0.0,5.7
2024-09-23 11:00:00,20.6,73.3,1011.4,19.1,0.0,7.2
2024-09-23 12:00:00,20.9,70.6,1011.6,9.2,0.0,7.6
2024-09-23 13:00:00,19.9,70.0,1016.6,7.7,0.0,8.0
2024-09-23 14:00:00,19.6,71.8,1011.3,17.1,0.0,7.4
2024-09-23 15:00:00,18.5,70.7,1011.5,10.6,0.0,6.7
2024-09-23 16:00:00,16.7,66.7,1012.4,10.7,0.0,5.8
2024-09-23 17:00:00,15.8,68.2,1014.6,9.0,0.0,4.7
2024-09-23 18:00:00,13.9,68.2,1011.2,23.9,0.0,3.3
2024-09-23 19:00:00,13.1,72.9,1013.0,32.8,0.0,1.4
2024-09-23 20:00:00,10.1,71.8,1013.2,11.1,0.0,0
2024-09-23 21:00:00,9.3,71.8,1013.3,13.2,0.0,0.0
2024-09-23 22:00:00,8.0,75.8,1012.2,25.9,0.0,0.0
2024-09-23 23:00:00,7.4,77.1,1013.5,11.5,0.0,0.0
2024-09-24 00:00:00,8.8,77.7,1014.5,19.3,0.0,0.0
2024-09-24 01:00:00,9.3,80.6,1012.2,8.8,0.0,0.0
2024-09-24 02:00:00,8.6,83.9,1012.7,12.7,0.0,0.0
2024-09-24 03:00:00,9.7,82.8,1013.5,12.7,0.0,0.0
2024-09-24 04:00:00,10.6,85.6,1010.6,14.5,0.0,0.0
2024-09-24 05:00:00,12.4,84.6,1009.9,10.1,0.0,0.0
2024-09-24 06:00:00,13.7,85.6,1011.2,18.6,0.0,0.2
2024-09-24 07:00:00,14.7,85.6,1012.8,7.4,0.0,1.9
2024-09-24 08:00:00,18.2,79.0,1009.2,7.8,0.0,3.5
2024-09-24 09:00:00,19.4,78.4,1012.5,6.6,0.0,5.0
2024-09-24 10:00:00,19.4,77.0,1011.4,9.4,0.0,6.0
2024-09-24 11:00:00,20.2,73.1,1013.5,10.3,0.0,6.7
2024-09-24 12:00:00,20.6,74.2,1013.4,10.1,0.0,7.5
2024-09-24 13:00:00,20.0,69.9,1011.9,10.7,0.0,8.1
2024-09-24 14:00:00,20.2,72.8,1010.7,7.7,0.0,7.5
2024-09-24 15:00:00,18.5,66.9,1012.7,7.9,0.0,7.2
2024-09-24 16:00:00,16.3,68.5,1012.8,18.9,0.0,5.9
2024-09-24 17:00:00,16.5,68.9,1010.8,24.4,0.0,4.5
2024-09-24 18:00:00,15.1,65.6,1010.3,10.8,0.0,3.4
2024-09-24 19:00:00,12.3,71.9,1013.5,26.3,0.0,1.9
2024-09-24 20:00:00,11.4,70.1,1014.6,16.0,0.0,0.0
2024-09-24 21:00:00,8.8,,1012.4,7.7,0.0,0.0
2024-09-24 22:00:00,8.0,75.0,1010.5,21.3,0.0,0.0
2024-09-24 23:00:00,,78.1,1013.7,7.8,0.0,0.0
2024-09-25 00:00:00,10.1,77.6,1014.7,15.8,0.0,0.0
2024-09-25 01:00:00,8.3,80.2,1010.7,23.6,0.0,0.0
2024-09-25 02:00:00,8.1,86.1,1012.9,12.9,0.0,0.0
2024-09-25 03:00:00,9.3,84.8,1014.4,6.4,0.0,0.0
2024-09-25 04:00:00,11.5,82.5,1011.8,6.2,0.0,0.0
2024-09-25 05:00:00,12.5,83.9,1015.2,7.1,0.0,0.0
2024-09-25 06:00:00,13.8,85.4,1011.5,10.6,0.0,0.0
2024-09-25 07:00:00,15.5,81.5,1011.3,6.1,0.0,1.7
2024-09-25 08:00:00,17.6,82.9,,6.7,0.0,3.6
2024-09-25 09:00:00,18.6,79.7,1012.9,8.8,0.0,4.7
25/09/2024 10:00,19.4,77.6,1011.0,4.0,0.0,5.8
2024-09-25 11:00:00,21.4,70.8,1013.5,4.9,0.0,6.5
2024-09-25 12:00:00,20.6,76.3,1013.7,6.3,0.0,7.2
2024-09-25 13:00:00,20.3,70.4,1013.9,17.4,0.0,7.3
2024-09-25 14:00:00,20.5,70.8,1013.6,11.9,0.0,7.4
2024-09-25 15:00:00,18.7,,1011.6,15.0,0.0,7.1
2024-09-25 16:00:00,16.1,70.2,1007.7,16.2,0.0,6.1
2024-09-25 17:00:00,14.9,72.8,1012.1,14.7,0.0,4.5
25/09/2024 18:00,13.9,70.5,1012.8,11.7,0.0,3.5
2024-09-25 19:00:00,11.4,72.8,1009.6,11.8,0.0,1.7
2024-09-25 20:00:00,10.2,69.8,1011.5,10.7,0.0,0.0
2024-09-25 21:00:00,9.6,74.5,1013.3,18.8,0.0,0.0
2024-09-25 22:00:00,9.9,72.1,1012.2,13.4,0.0,0.0
2024-09-25 23:00:00,8.5,77.9,1013.4,20.0,0.0,0.0
2024-09-26 00:00:00,36.7,78.7,1012.7,18.7,0.0,0.0
2024-09-26 01:00:00,8.6,78.1,1012.4,11.9,0.0,0.0
2024-09-26 02:00:00,8.9,82.5,1009.9,11.3,0.0,0.0
2024-09-26 03:00:00,10.3,80.5,1012.0,21.9,0.0,0.0
2024-09-26 04:00:00,11.1,86.1,1013.2,8.4,0.0,0.0
2024-09-26 05:00:00,13.6,83.6,1014.0,12.0,0.0,0.0
2024-09-26 06:00:00,14.7,82.5,1015.4,7.3,0.0,0.1
2024-09-26 07:00:00,16.0,83.3,1013.5,10.4,0.0,1.3
2024-09-26 08:00:00,17.1,79.2,1011.9,12.0,0.0,3.3
26/09/2024 09:00,19.8,76.6,1010.8,6.2,0.0,4.8
2024-09-26 10:00:00,19.2,77.0,,9.5,0.0,6.2
2024-09-26 11:00:00,21.0,72.9,1011.7,9.5,0.0,7.4
2024-09-26 12:00:00,21.0,72.5,1013.2,7.9,0.0,7.5
2024-09-26 13:00:00,21.2,70.5,1011.8,14.1,0.0,7.4
2024-09-26 14:00:00,,68.9,1013.6,14.1,0.0,7.2
2024-09-26 15:00:00,19.6,70.8,1011.1,11.9,0.0,7.2
2024-09-26 16:00:00,17.2,70.7,1013.9,17.7,0.0,6.2
2024-09-26 17:00:00,16.5,66.0,1013.3,10.3,0.0,4.7
2024-09-26 18:00:00,14.1,68.6,1014.8,15.5,0.0,3.3
2024-09-26 19:00:00,12.8,70.0,1014.6,11.5,0.0,1.7
2024-09-26 20:00:00,10.6,70.9,1012.0,22.9,0.0,0
2024-09-26 21:00:00,8.5,71.1,1013.9,22.7,0.0,0.0
2024-09-26 22:00:00,8.2,73.5,1011.3,9.7,0.0,0.0
2024-09-26 23:00:00,8.2,78.7,1010.4,17.3,0.0,0.0
2024-09-27 00:00:00,7.6,80.2,,21.8,0.0,0.0
27/09/2024 01:00,8.5,78.1,1014.9,15.1,0.0,0.0
2024-09-27 02:00:00,9.2,83.4,1012.5,14.9,0.0,0.0
27/09/2024 03:00,10.3,80.1,1015.3,18.0,0.0,0.0
2024-09-27 04:00:00,12.0,85.4,1011.0,11.1,0.0,0.0
2024-09-27 05:00:00,12.0,79.9,1012.7,8.0,0.0,0.0
2024-09-27 06:00:00,14.1,84.4,1011.0,6.0,0.0,0.0
2024-09-27 07:00:00,15.9,81.0,1013.4,7.2,0.0,1.7
2024-09-27 08:00:00,16.9,79.5,1013.0,4.5,0.0,3.3
2024-09-27 09:00:00,19.1,78.8,1013.4,5.4,0.0,5.0
2024-09-27 10:00:00,19.7,75.7,1013.2,6.0,0.0,6.2
2024-09-27 11:00:00,20.8,74.7,1013.4,10.1,0.0,6.8
2024-09-27 12:00:00,20.2,71.0,1013.3,7.9,0.0,7.8
2024-09-27 13:00:00,20.5,71.6,1010.2,15.6,0.0,8.1
2024-09-27 14:00:00,21.0,66.0,1010.5,11.8,0.0,7.7
2024-09-27 15:00:00,20.3,68.2,1011.2,,0.0,7.1
2024-09-27 16:00:00,18.1,67.3,1012.2,34.1,0.0,6.1
2024-09-27 17:00:00,16.0,69.1,1009.9,24.7,0.0,4.2
2024-09-27 18:00:00,14.5,71.0,,14.0,0.0,3.3
2024-09-27 19:00:00,13.7,69.3,1015.1,12.1,0.0,1.5
2024-09-27 20:00:00,11.3,75.8,1012.4,19.2,0.0,0
2024-09-27 21:00:00,9.4,74.6,1012.5,14.3,0.0,0.0
2024-09-27 22:00:00,8.9,75.1,1013.5,24.8,0.0,0.0
2024-09-27 23:00:00,8.5,77.4,1010.0,16.2,0.0,0.0
2024-09-28 00:00:00,8.2,79.7,1012.3,9.7,0.0,0.0
2024-09-28 01:00:00,8.0,82.3,1013.4,16.0,0.0,0.0
2024-09-28 02:00:00,9.5,84.4,1013.5,8.4,0.0,0.0
2024-09-28 03:00:00,11.1,85.1,1012.8,5.8,0.0,0.0
2024-09-28 04:00:00,11.6,81.3,1011.0,20.1,0.0,0.0
2024-09-28 05:00:00,13.2,88.0,1015.3,6.1,0.0,0.0
2024-09-28 06:00:00,15.9,84.0,1014.4,6.4,0.0,0.1
2024-09-28 07:00:00,14.8,79.8,1015.3,8.5,0.0,1.8
2024-09-28 08:00:00,18.1,79.4,1010.8,5.9,0.0,3.5
2024-09-28 09:00:00,20.2,75.8,1014.7,8.9,0.0,4.7
2024-09-28 10:00:00,19.3,77.3,1012.3,7.2,0.0,6.1
2024-09-28 11:00:00,20.7,72.3,1010.4,8.7,0.0,7.2
2024-09-28 12:00:00,22.3,72.2,1015.6,13.9,0.0,7.3
2024-09-28 13:00:00,22.0,71.2,1013.5,13.2,0.0,7.9
2024-09-28 14:00:00,19.5,68.7,1013.3,31.7,0.0,7.6
2024-09-28 15:00:00,18.2,70.6,1012.8,20.7,0.0,6.7
2024-09-28 16:00:00,18.9,65.4,1013.7,10.6,0.0,6.2
2024-09-28 17:00:00,17.0,70.2,1010.8,30.1,0.0,5.2
2024-09-28 18:00:00,15.2,69.4,1012.5,28.4,0.0,3.5
2024-09-28 19:00:00,12.5,69.0,1012.1,11.9,0.0,1.9
2024-09-28 20:00:00,10.8,69.8,1010.5,13.2,0.0,0
2024-09-28 21:00:00,9.2,73.5,1011.1,12.3,0.0,0.0
2024-09-28 22:00:00,8.9,74.7,1012.4,18.9,0.0,0.0
2024-09-28 23:00:00,8.4,78.6,1012.7,9.6,0.0,0.0
2024-09-29 00:00:00,9.4,78.0,1010.9,20.4,0.0,0.0
2024-09-29 01:00:00,7.9,79.1,1013.6,12.4,0.0,0.0
2024-09-29 02:00:00,10.8,,1014.4,14.3,0.0,0.0
2024-09-29 03:00:00,10.1,81.8,1011.1,10.1,0.0,0.0
2024-09-29 04:00:00,11.3,83.3,1013.4,10.9,0.0,0.0
2024-09-29 05:00:00,12.1,84.9,1014.0,10.7,0.0,0.0
2024-09-29 06:00:00,15.8,79.4,1014.6,10.5,0.0,0.4
2024-09-29 07:00:00,16.8,80.4,1012.3,13.5,0.0,1.6
2024-09-29 08:00:00,18.3,79.9,1014.3,11.9,0.0,3.4
2024-09-29 09:00:00,18.2,76.1,1013.0,5.8,0.0,4.6
2024-09-29 10:00:00,20.8,76.8,1012.1,9.5,0.0,6.1
2024-09-29 11:00:00,21.2,77.1,1014.5,4.7,0.0,6.9
2024-09-29 12:00:00,21.3,71.4,1012.9,14.1,0.0,7.5
2024-09-29 13:00:00,21.2,,1011.2,10.9,0.0,7.9
2024-09-29 14:00:00,20.0,69.5,1013.9,15.0,0.0,7.4
2024-09-29 15:00:00,19.7,65.0,1014.7,13.3,0.0,7.2
2024-09-29 16:00:00,18.4,68.3,1011.4,12.8,0.0,6.3
2024-09-29 17:00:00,17.0,64.7,1013.9,27.0,0.0,4.4
2024-09-29 18:00:00,13.8,67.8,1012.9,20.4,0.0,3.3
2024-09-29 19:00:00,,71.7,1014.2,11.0,2.5,1.9
2024-09-29 20:00:00,10.0,76.0,1013.9,14.2,0.0,0.1
2024-09-29 21:00:00,,73.5,1014.6,10.5,0.0,0.0
2024-09-29 22:00:00,9.6,77.8,1011.9,19.0,0.0,0.0
2024-09-29 23:00:00,9.6,76.0,1011.6,19.8,0.0,0.0
2024-09-30 00:00:00,8.9,77.5,1013.2,7.0,0.0,0.0
2024-09-30 01:00:00,8.9,78.1,1013.4,10.5,0.0,0.0
2024-09-30 02:00:00,9.4,83.7,1011.6,9.1,0.0,0.0
2024-09-30 03:00:00,10.9,84.0,1012.5,4.4,0.0,0.0
2024-09-30 04:00:00,12.5,80.0,1012.6,9.8,0.0,0.0
2024-09-30 05:00:00,13.8,83.1,1013.8,11.2,0.0,0.0
2024-09-30 06:00:00,14.7,80.3,1013.7,11.5,0.0,0.2
2024-09-30 07:00:00,16.6,82.2,1010.6,8.4,0.0,2.0
2024-09-30 08:00:00,18.9,81.0,1014.0,6.5,0.0,3.7
2024-09-30 09:00:00,18.5,77.1,1010.6,9.1,0.0,5.1
2024-09-30 10:00:00,20.6,74.4,1011.7,4.4,0.0,6.5
2024-09-30 11:00:00,21.5,71.4,1011.7,3.6,0.0,6.9
2024-09-30 12:00:00,21.7,71.9,1013.3,10.9,0.0,7.7
2024-09-30 13:00:00,20.7,72.8,1012.8,14.4,0.0,7.7
2024-09-30 14:00:00,22.7,67.7,1013.3,,0.0,7.7
2024-09-30 15:00:00,20.3,69.6,1014.0,12.7,0.0,7.3
2024-09-30 16:00:00,18.3,66.9,1013.0,,0.0,6.3
2024-09-30 17:00:00,16.2,70.8,1014.5,15.1,0.0,5.0
2024-09-30 18:00:00,14.3,67.3,1011.1,23.7,0.0,3.8
2024-09-30 19:00:00,14.3,68.2,1014.5,17.8,0.0,1.9
2024-09-30 20:00:00,12.1,70.2,1011.3,16.6,0.0,0
2024-09-30 21:00:00,10.7,,1012.3,8.6,0.0,0.0
2024-09-30 22:00:00,9.8,76.4,1013.0,11.9,0.0,0.0
2024-09-30 23:00:00,8.1,75.5,1012.5,16.9,0.0,0.0
01/10/2024 00:00,9.8,78.3,1012.9,18.7,0.0,0.0
2024-10-01 01:00:00,8.8,80.6,1013.0,14.8,0.0,0.0
2024-10-01 02:00:00,9.6,80.1,1013.9,18.8,0.0,0.0
01/10/2024 03:00,10.3,81.6,1014.8,16.4,0.0,0.0
2024-10-01 04:00:00,12.1,84.1,1011.8,10.0,0.0,0.0
2024-10-01 05:00:00,14.9,86.4,1013.5,9.5,0.0,0.0
2024-10-01 06:00:00,16.6,81.5,1013.1,15.1,0.0,0
01/10/2024 07:00,16.6,86.1,1012.5,7.5,0.0,1.7
2024-10-01 08:00:00,18.6,80.3,1011.0,6.0,0.0,3.4
2024-10-01 09:00:00,19.5,78.5,1015.6,4.2,0.0,5.0
2024-10-01 10:00:00,20.3,77.5,1012.0,16.2,0.0,7.1
2024-10-01 11:00:00,21.5,72.1,1014.2,8.6,0.0,7.3
2024-10-01 12:00:00,21.6,71.2,1013.1,15.5,0.0,7.8
2024-10-01 13:00:00,22.3,69.4,1012.2,13.7,0.0,7.5
2024-10-01 14:00:00,21.0,66.7,1013.1,22.1,0.0,8.0
2024-10-01 15:00:00,19.5,66.4,1012.6,,0.6,7.1
2024-10-01 16:00:00,17.7,66.0,1012.7,15.2,0.0,5.8
2024-10-01 17:00:00,16.3,68.1,1014.3,17.7,0.0,4.8
2024-10-01 18:00:00,15.0,69.2,1012.2,13.8,0.0,2.9
2024-10-01 19:00:00,12.4,71.0,1014.9,20.9,0.0,1.6
01/10/2024 20:00,11.2,74.0,1012.6,20.1,0.0,0.5
2024-10-01 21:00:00,10.0,74.8,1011.6,20.1,0.0,0.0
2024-10-01 22:00:00,,72.9,1013.2,14.1,0.0,0.0
2024-10-01 23:00:00,9.2,77.4,1014.8,10.4,0.0,0.0
2024-10-02 00:00:00,8.1,77.6,1014.7,22.9,0.0,0.0
2024-10-02 01:00:00,8.2,77.4,1014.5,12.2,0.0,0.0
2024-10-02 02:00:00,10.9,80.1,1009.8,10.3,0.0,0.0
2024-10-02 03:00:00,11.8,84.6,1011.8,8.8,0.0,0.0
2024-10-02 04:00:00,11.9,83.8,1013.0,8.9,0.0,0.0
2024-10-02 05:00:00,14.2,78.5,1015.3,8.8,0.0,0.0
2024-10-02 06:00:00,16.3,78.9,1011.5,33.6,0.0,0.3
2024-10-02 07:00:00,18.6,80.3,1012.5,10.0,0.0,1.8
2024-10-02 08:00:00,17.9,79.1,1013.1,11.4,0.0,3.8
2024-10-02 09:00:00,21.0,78.8,1015.4,13.3,0.0,5.0
2024-10-02 10:00:00,23.0,76.7,1012.7,8.3,0.0,6.0
2024-10-02 11:00:00,22.0,72.5,1012.2,10.6,0.0,7.1
2024-10-02 12:00:00,22.7,71.7,1012.3,11.6,0.0,7.8
2024-10-02 13:00:00,,69.9,1015.8,17.1,0.0,8.2
2024-10-02 14:00:00,22.0,68.5,1011.7,8.8,0.0,8.1
2024-10-02 15:00:00,20.8,68.4,1013.3,16.8,0.0,7.4
2024-10-02 16:00:00,19.2,64.2,1014.2,21.3,0.0,5.9
2024-10-02 17:00:00,16.7,64.8,1011.9,11.9,0.0,4.8
2024-10-02 18:00:00,15.5,66.2,1012.8,14.9,0.0,3.5
2024-10-02 19:00:00,13.7,70.1,1013.1,22.9,0.0,1.8
2024-10-02 20:00:00,12.8,70.3,1014.8,18.8,0.0,0
2024-10-02 21:00:00,10.6,72.5,1011.0,17.3,0.0,0.0
2024-10-02 22:00:00,9.6,73.9,1012.5,10.5,0.0,0.0
2024-10-02 23:00:00,8.8,73.3,1014.9,21.8,0.0,0.0
2024-10-03 00:00:00,8.5,78.3,1011.1,8.5,0.0,0.0
2024-10-03 01:00:00,10.8,76.9,1015.0,13.3,0.0,0.0
2024-10-03 02:00:00,11.0,79.1,1013.5,13.6,0.0,0.0
2024-10-03 03:00:00,10.6,82.2,1015.0,9.1,0.0,0.0
2024-10-03 04:00:00,13.3,81.1,1012.9,9.3,0.0,0.0
2024-10-03 05:00:00,13.4,84.4,1013.1,7.8,0.0,0.0
2024-10-03 06:00:00,15.9,80.6,1013.1,9.0,0.0,0.3
2024-10-03 07:00:00,18.3,79.1,1012.3,9.8,0.0,1.5
2024-10-03 08:00:00,18.1,77.9,1013.7,5.1,0.0,3.1
2024-10-03 09:00:00,18.9,76.5,1017.7,8.8,0.0,4.7
03/10/2024 10:00,21.7,75.3,1012.1,6.7,0.0,6.4
2024-10-03 11:00:00,21.9,74.0,1013.9,14.6,0.0,7.2
03/10/2024 12:00,22.3,70.7,1012.5,17.1,0.0,8.1
2024-10-03 13:00:00,23.6,69.6,1013.5,18.0,0.0,8.5
2024-10-03 14:00:00,21.0,67.0,1010.7,24.0,0.0,8.7
2024-10-03 15:00:00,19.7,67.5,1016.6,12.0,0.0,7.6
2024-10-03 16:00:00,18.5,67.7,1011.9,13.9,0.0,6.1
03/10/2024 17:00,17.9,66.3,1013.4,9.7,0.0,5.3
2024-10-03 18:00:00,15.2,69.7,1014.9,25.9,0.0,3.9
2024-10-03 19:00:00,15.0,65.5,1013.4,15.5,0.0,2.0
2024-10-03 20:00:00,12.3,67.7,1014.8,18.7,0.0,0.2
2024-10-03 21:00:00,10.7,74.2,1013.0,23.9,0.0,0.0
2024-10-03 22:00:00,10.1,71.8,1012.9,20.0,0.0,0.0
2024-10-03 23:00:00,9.3,77.0,1011.5,8.3,0.0,0.0
2024-10-04 00:00:00,8.5,78.1,1015.2,20.2,0.0,0.0
2024-10-04 01:00:00,9.2,79.2,1012.1,11.2,0.0,0.0
2024-10-04 02:00:00,10.6,78.1,1013.2,11.8,0.0,0.0
2024-10-04 03:00:00,12.1,79.8,1012.9,9.7,0.0,0.0
2024-10-04 04:00:00,11.2,80.0,1014.3,17.5,0.0,0.0
2024-10-04 05:00:00,13.4,82.6,1015.4,8.4,0.0,0.0
2024-10-04 06:00:00,17.0,79.5,1013.2,7.5,0.0,0
2024-10-04 07:00:00,17.3,81.1,1015.6,4.6,0.0,1.7
2024-10-04 08:00:00,19.1,75.9,1015.7,12.6,0.0,3.5
2024-10-04 09:00:00,22.0,71.6,1013.2,6.5,0.0,5.0
2024-10-04 10:00:00,22.2,73.1,1010.9,7.9,0.0,6.5
2024-10-04 11:00:00,21.9,73.5,1015.0,10.2,0.0,7.7
2024-10-04 12:00:00,21.8,73.5,1014.2,13.9,0.0,7.7
2024-10-04 13:00:00,23.0,67.4,1013.6,4.9,0.0,8.3
2024-10-04 14:00:00,22.9,69.0,1012.8,8.6,0.0,7.7
2024-10-04 15:00:00,20.9,68.4,1015.4,7.8,0.0,7.1
2024-10-04 16:00:00,19.5,67.9,1013.6,11.3,0.0,6.6
2024-10-04 17:00:00,17.6,68.5,1014.4,9.8,0.0,4.9
2024-10-04 18:00:00,14.8,64.8,1013.7,22.6,0.0,3.6
2024-10-04 19:00:00,14.0,70.9,1015.2,20.2,0.0,2.1
2024-10-04 20:00:00,13.0,71.3,1012.0,13.6,0.0,0
2024-10-04 21:00:00,11.6,71.6,1011.8,11.7,0.0,0.0
2024-10-04 22:00:00,10.3,78.0,1010.5,20.2,0.0,0.0
2024-10-04 23:00:00,9.1,78.6,1013.3,18.4,0.0,0.0
2024-10-05 00:00:00,8.2,78.9,1010.8,13.9,0.0,0.0
2024-10-05 01:00:00,9.2,79.7,1013.6,15.7,0.0,0.0
2024-10-05 02:00:00,10.5,83.7,1015.0,12.2,0.0,0.0
2024-10-05 03:00:00,12.2,80.2,1012.1,16.5,0.0,0.0
2024-10-05 04:00:00,13.4,84.3,1015.0,6.0,0.0,0.0
2024-10-05 05:00:00,14.5,83.1,1015.0,6.8,0.0,0.0
2024-10-05 06:00:00,17.3,79.6,1012.1,6.6,0.0,0
2024-10-05 07:00:00,18.6,80.3,1015.7,7.7,0.0,1.1
2024-10-05 08:00:00,20.4,77.1,1014.5,3.7,0.0,3.8
2024-10-05 09:00:00,20.2,79.0,1012.9,12.2,0.0,5.2
2024-10-05 10:00:00,22.2,72.6,1016.0,5.0,0.0,6.3
2024-10-05 11:00:00,,70.7,1014.4,14.6,0.0,7.4
2024-10-05 12:00:00,23.5,68.5,1010.2,9.3,0.0,8.0
2024-10-05 13:00:00,22.1,72.2,1012.1,10.2,0.0,8.6
2024-10-05 14:00:00,22.4,70.3,1014.3,9.5,0.0,7.7
2024-10-05 15:00:00,21.2,67.0,1011.0,22.0,0.0,7.7
2024-10-05 16:00:00,19.1,67.0,1009.9,14.2,0.0,6.3
2024-10-05 17:00:00,18.7,70.0,1014.1,12.1,0.0,5.5
2024-10-05 18:00:00,17.2,66.7,1012.3,16.9,0.0,3.5
2024-10-05 19:00:00,14.4,70.5,1010.8,30.7,0.0,1.8
2024-10-05 20:00:00,11.9,69.4,1014.4,27.6,0.0,0.3
2024-10-05 21:00:00,12.1,70.7,1013.4,10.8,0.0,0.0
2024-10-05 22:00:00,9.9,74.4,1012.2,20.9,0.0,0.0
05/10/2024 23:00,9.9,77.0,1014.3,25.1,0.0,0.0
2024-10-06 00:00:00,8.9,78.9,1012.7,10.4,0.0,0.0
2024-10-06 01:00:00,11.3,79.0,1012.7,18.7,0.0,0.0
06/10/2024 02:00,10.3,81.9,1013.1,8.7,0.0,0.0
2024-10-06 03:00:00,11.7,83.1,1015.0,9.6,0.0,0.0
2024-10-06 04:00:00,13.3,84.5,1010.5,7.0,0.0,0.0
2024-10-06 05:00:00,15.0,78.4,1016.0,4.9,0.0,0.0
2024-10-06 06:00:00,15.6,79.9,1015.8,8.9,0.0,0
2024-10-06 07:00:00,19.0,77.4,1013.9,14.1,0.0,1.9
2024-10-06 08:00:00,21.1,79.1,1012.7,7.9,0.0,3.5
2024-10-06 09:00:00,20.8,77.6,1012.8,,0.0,5.1
2024-10-06 10:00:00,22.9,75.0,1012.8,9.1,0.0,6.4
2024-10-06 11:00:00,22.9,71.8,1015.5,5.4,0.0,7.9
2024-10-06 12:00:00,22.6,67.8,1012.0,4.7,0.0,8.0
2024-10-06 13:00:00,24.0,69.4,1014.1,6.5,0.0,8.5
2024-10-06 14:00:00,21.4,64.3,1016.7,8.4,0.0,8.2
2024-10-06 15:00:00,20.4,67.9,1015.0,9.1,0.0,7.4
2024-10-06 16:00:00,19.2,66.2,1012.7,15.1,0.0,6.7
2024-10-06 17:00:00,17.7,66.2,1011.8,11.5,0.0,5.3
2024-10-06 18:00:00,16.4,68.9,1016.8,26.0,0.0,3.5
2024-10-06 19:00:00,15.7,66.5,1015.5,22.0,0.0,2.3
2024-10-06 20:00:00,12.3,69.5,1016.2,23.5,0.0,0.1
06/10/2024 21:00,12.3,74.5,1012.8,28.7,0.0,0.0
2024-10-06 22:00:00,11.0,74.6,1015.0,11.5,0.0,0.0
2024-10-06 23:00:00,9.6,73.3,1015.0,12.6,0.0,0.0
2024-10-07 00:00:00,9.8,76.2,1012.5,11.9,0.0,0.0
2024-10-07 01:00:00,10.5,79.4,1013.9,28.9,0.0,0.0
07/10/2024 02:00,9.8,80.8,1014.1,10.8,0.0,0.0
2024-10-07 03:00:00,11.5,88.2,1013.5,9.2,0.0,0.0
2024-10-07 04:00:00,12.2,79.7,1013.3,13.4,0.0,0.0
2024-10-07 05:00:00,15.8,79.3,1013.4,8.4,0.0,0.0
2024-10-07 06:00:00,18.0,80.8,1013.6,4.6,0.0,0
2024-10-07 07:00:00,19.2,78.7,1012.4,7.0,0.0,2.3
2024-10-07 08:00:00,19.1,79.0,1014.6,9.6,0.0,3.4
2024-10-07 09:00:00,20.8,76.7,1016.0,7.8,0.0,5.0
2024-10-07 10:00:00,23.3,73.7,1013.0,7.6,0.0,6.5
2024-10-07 11:00:00,23.5,72.1,1015.0,8.9,0.0,7.3
07/10/2024 12:00,23.5,72.0,1015.6,14.4,0.0,8.2
2024-10-07 13:00:00,23.4,67.5,1014.6,6.9,0.0,8.4
2024-10-07 14:00:00,21.9,66.2,1013.9,16.8,0.0,8.2
2024-10-07 15:00:00,21.9,,1012.1,18.8,0.0,7.8
2024-10-07 16:00:00,18.8,66.9,1012.4,11.1,0.0,6.8
2024-10-07 17:00:00,18.0,63.5,1017.1,10.5,0.0,5.4
2024-10-07 18:00:00,16.2,65.9,1013.3,25.5,0.0,3.3
2024-10-07 19:00:00,16.3,70.3,1012.7,16.1,0.0,1.9
2024-10-07 20:00:00,14.1,67.7,1014.7,13.9,0.0,0.0
2024-10-07 21:00:00,12.2,71.3,1013.6,14.4,0.0,0.0
2024-10-07 22:00:00,10.3,76.1,1012.7,18.1,0.0,0.0
2024-10-07 23:00:00,9.5,76.7,1012.6,16.5,0.0,0.0
2024-10-08 00:00:00,9.4,77.7,1013.7,18.6,0.0,0.0
2024-10-08 01:00:00,9.5,78.8,1014.2,10.7,0.0,0.0
2024-10-08 02:00:00,10.7,79.4,1012.1,10.0,0.0,0.0
2024-10-08 03:00:00,12.0,80.7,1011.7,7.8,0.0,0.0
2024-10-08 04:00:00,11.4,82.5,1015.0,8.1,0.0,0.0
2024-10-08 05:00:00,14.9,84.5,1013.8,11.1,0.0,0.0
2024-10-08 06:00:00,16.6,83.5,1014.0,8.8,0.0,0
2024-10-08 07:00:00,18.6,80.7,1013.7,8.9,0.0,1.8
2024-10-08 08:00:00,20.2,76.9,1013.1,5.8,0.0,3.8
2024-10-08 09:00:00,20.4,75.6,1013.7,4.3,0.0,5.4
2024-10-08 10:00:00,22.3,73.8,1014.8,6.8,0.0,6.6
08/10/2024 11:00,23.6,72.7,1014.5,5.8,0.0,7.3
2024-10-08 12:00:00,23.2,70.3,1016.9,4.3,0.0,7.7
2024-10-08 13:00:00,22.9,70.0,1012.2,13.6,0.0,8.1
2024-10-08 14:00:00,22.6,67.6,1013.3,21.3,0.0,8.6
2024-10-08 15:00:00,20.7,63.8,1012.8,16.0,0.0,7.5
2024-10-08 16:00:00,20.6,63.1,1013.9,16.8,0.0,6.6
2024-10-08 17:00:00,18.5,64.9,1012.8,18.1,0.0,5.5
2024-10-08 18:00:00,17.3,67.8,1012.2,17.2,0.0,3.4
2024-10-08 19:00:00,14.8,68.9,1013.8,42.2,0.0,1.8
2024-10-08 20:00:00,13.5,66.1,1009.5,14.3,0.0,0.1
2024-10-08 21:00:00,12.1,70.5,1014.0,13.8,0.0,0.0
2024-10-08 22:00:00,11.3,,1015.5,20.2,0.0,0.0
2024-10-08 23:00:00,10.2,75.4,1010.7,16.2,0.0,0.0
2024-10-09 00:00:00,10.9,75.5,1013.8,19.3,0.0,0.0
2024-10-09 01:00:00,10.2,77.9,1011.8,14.1,0.0,0.0
2024-10-09 02:00:00,10.2,81.9,1011.0,6.5,0.0,0.0
2024-10-09 03:00:00,12.5,82.3,1014.6,11.9,0.0,0.0
2024-10-09 04:00:00,14.0,80.1,1012.1,8.3,0.0,0.0
09/10/2024 05:00,14.8,83.7,1013.9,14.0,0.0,0.0
2024-10-09 06:00:00,16.4,82.7,1013.6,6.7,0.0,0
2024-10-09 07:00:00,18.8,80.5,1012.3,6.4,0.0,2.1
2024-10-09 08:00:00,21.2,78.9,1015.5,6.6,0.0,3.6
2024-10-09 09:00:00,21.3,75.1,1014.4,5.9,0.0,5.6
2024-10-09 10:00:00,23.7,71.0,1015.2,6.6,0.0,6.8
2024-10-09 11:00:00,23.8,71.0,1011.4,5.0,0.0,7.6
2024-10-09 12:00:00,23.4,70.8,1015.2,6.5,0.0,8.5
2024-10-09 13:00:00,24.7,68.1,1012.9,7.3,0.0,8.6
2024-10-09 14:00:00,22.8,66.5,1013.8,8.7,0.0,8.3
2024-10-09 15:00:00,21.6,65.8,1012.1,7.5,0.0,7.8
2024-10-09 16:00:00,20.5,66.2,1013.0,6.7,0.0,6.5
2024-10-09 17:00:00,18.6,64.7,1013.7,16.0,0.0,5.3
2024-10-09 18:00:00,17.5,65.2,1014.9,17.4,0.0,3.7
2024-10-09 19:00:00,14.5,69.9,1013.5,14.9,0.0,1.3
2024-10-09 20:00:00,14.5,71.7,1011.3,17.4,0.0,0
09/10/2024 21:00,13.4,72.3,1011.2,11.9,0.0,0.0
2024-10-09 22:00:00,10.8,71.0,1015.8,8.2,0.0,0.0
2024-10-09 23:00:00,9.4,77.1,1011.9,14.5,0.0,0.0
2024-10-10 00:00:00,10.5,75.3,1012.2,13.3,0.0,0.0
2024-10-10 01:00:00,11.8,80.2,1013.1,22.2,0.0,0.0
2024-10-10 02:00:00,10.2,80.8,1013.5,13.2,0.0,0.0
2024-10-10 03:00:00,10.8,83.1,1014.9,16.7,0.0,0.0
2024-10-10 04:00:00,12.6,81.0,1014.7,6.2,0.0,0.0
2024-10-10 05:00:00,15.8,80.3,1014.6,5.2,0.0,0.0
2024-10-10 06:00:00,16.5,81.1,1011.6,5.4,0.0,0
2024-10-10 07:00:00,18.7,76.7,1011.8,6.6,0.0,2.0
2024-10-10 08:00:00,19.8,79.0,1013.5,8.5,0.0,3.7
2024-10-10 09:00:00,23.2,77.6,1014.5,10.2,0.0,5.3
2024-10-10 10:00:00,22.7,72.6,1015.4,7.0,0.0,6.8
2024-10-10 11:00:00,23.6,71.4,1012.4,17.3,0.0,8.0
2024-10-10 12:00:00,23.8,69.5,1011.9,18.9,0.0,8.5
2024-10-10 13:00:00,24.1,72.9,1011.9,4.7,0.0,8.6
2024-10-10 14:00:00,22.4,65.4,1011.2,9.8,0.0,8.5
2024-10-10 15:00:00,20.5,66.0,1015.3,19.8,0.0,8.2
2024-10-10 16:00:00,2.1,64.1,1013.1,18.1,0.0,6.6
10/10/2024 17:00,19.9,64.8,1013.0,20.9,0.0,5.3
2024-10-10 18:00:00,17.0,64.5,1011.3,22.0,0.0,4.0
2024-10-10 19:00:00,15.9,66.0,1012.2,14.3,0.0,2.0
2024-10-10 20:00:00,14.0,67.9,1015.9,17.5,0.0,0
2024-10-10 21:00:00,12.7,70.5,1019.3,19.6,0.0,0.0
2024-10-10 22:00:00,12.0,74.9,1014.5,20.9,0.0,0.0
2024-10-10 23:00:00,10.3,73.6,1014.3,6.7,0.0,0.0
2024-10-11 00:00:00,11.0,74.0,1015.8,14.6,0.0,0.0
2024-10-11 01:00:00,10.7,76.1,1013.0,11.5,0.0,0.0
2024-10-11 02:00:00,11.9,77.2,1014.7,14.3,0.0,0.0
2024-10-11 03:00:00,12.1,81.8,1014.7,17.3,0.0,0.0
2024-10-11 04:00:00,15.1,81.5,1014.0,15.9,0.0,0.0
11/10/2024 05:00,15.1,78.8,1014.8,9.4,0.0,0.0
2024-10-11 06:00:00,16.5,79.0,1013.6,9.0,0.0,0.1
2024-10-11 07:00:00,19.9,77.6,1014.6,8.0,0.0,1.8
2024-10-11 08:00:00,20.8,77.2,1014.7,6.1,0.0,3.8
2024-10-11 09:00:00,,73.9,1013.4,9.3,0.0,5.1
2024-10-11 10:00:00,22.8,75.0,1016.4,5.6,0.0,7.1
2024-10-11 11:00:00,24.3,70.3,1015.4,10.6,0.0,7.9
2024-10-11 12:00:00,23.1,67.7,1012.1,14.7,0.0,8.5
2024-10-11 13:00:00,25.0,69.3,1014.3,17.2,0.0,8.6
2024-10-11 14:00:00,23.4,66.3,1015.9,14.5,0.0,8.2
11/10/2024 15:00,23.2,64.1,1015.8,11.5,0.0,8.0
11/10/2024 16:00,21.7,63.4,1015.3,19.6,0.0,6.5
2024-10-11 17:00:00,19.9,67.2,1014.0,20.6,0.0,5.3
2024-10-11 18:00:00,17.4,66.1,1013.9,14.5,0.0,3.7
2024-10-11 19:00:00,15.6,68.7,1016.0,19.8,0.0,1.7
2024-10-11 20:00:00,13.4,68.2,1013.8,21.6,0.0,0.0
2024-10-11 21:00:00,12.8,71.7,1012.8,15.5,0.0,0.0
2024-10-11 22:00:00,11.8,70.1,1015.1,18.3,0.0,0.0
2024-10-11 23:00:00,,75.2,1014.9,7.2,0.0,0.0
2024-10-12 00:00:00,9.7,78.9,1015.1,9.9,0.0,0.0
2024-10-12 01:00:00,10.8,75.9,1014.0,13.6,0.0,0.0
2024-10-12 02:00:00,11.3,80.6,1015.5,11.7,0.0,0.0
2024-10-12 03:00:00,12.8,80.4,1014.4,12.7,0.0,0.0
2024-10-12 04:00:00,14.0,82.3,1013.7,19.4,0.0,0.0
2024-10-12 05:00:00,15.2,82.2,1013.4,,0.0,0.0
2024-10-12 06:00:00,18.8,78.4,1014.3,6.6,0.0,0.2
2024-10-12 07:00:00,18.5,78.8,1014.6,7.5,0.0,2.0
2024-10-12 08:00:00,21.2,76.3,1013.3,9.7,0.0,3.7
2024-10-12 09:00:00,24.1,74.7,1013.8,7.8,0.0,5.5
2024-10-12 10:00:00,23.1,75.5,1011.8,11.2,0.0,6.5
2024-10-12 11:00:00,24.2,71.5,1015.9,4.4,0.0,8.0
2024-10-12 12:00:00,25.3,65.6,1018.1,13.1,0.0,8.1
2024-10-12 13:00:00,24.4,66.7,1014.1,11.9,0.0,8.7
2024-10-12 14:00:00,24.7,64.5,1015.4,10.6,0.0,8.5
2024-10-12 15:00:00,21.9,64.3,1012.6,20.3,0.0,7.7
2024-10-12 16:00:00,20.7,67.8,1011.8,30.2,0.0,7.1
2024-10-12 17:00:00,18.7,67.5,1014.8,20.3,0.0,5.4
2024-10-12 18:00:00,18.2,67.7,1013.2,14.7,0.0,4.1
2024-10-12 19:00:00,15.5,65.5,1015.7,15.7,0.0,1.9
2024-10-12 20:00:00,14.0,-5,1014.9,22.9,0.0,0.4
2024-10-12 21:00:00,12.7,69.8,1012.7,14.1,0.0,0.0
2024-10-12 22:00:00,11.6,72.6,1013.0,20.7,0.0,0.0
2024-10-12 23:00:00,10.5,72.5,1015.4,14.7,0.0,0.0
2024-10-13 00:00:00,10.7,75.3,1015.1,16.1,0.0,0.0
2024-10-13 01:00:00,11.2,77.9,1016.8,21.2,0.0,0.0
2024-10-13 02:00:00,12.5,76.0,1013.0,15.5,0.0,0.0
2024-10-13 03:00:00,13.3,77.3,1012.1,20.2,0.0,0.0
2024-10-13 04:00:00,14.2,83.7,1014.5,9.0,0.0,0.0
2024-10-13 05:00:00,15.1,81.9,1014.6,11.0,0.0,0.0
2024-10-13 06:00:00,18.3,80.1,1013.0,5.4,0.0,0
2024-10-13 07:00:00,19.8,74.6,1017.9,6.4,0.0,2.0
2024-10-13 08:00:00,21.8,75.6,1014.4,10.5,0.0,3.7
2024-10-13 09:00:00,22.4,71.3,1012.7,9.4,0.0,5.8
2024-10-13 10:00:00,23.4,71.2,1012.9,12.9,0.0,6.8
2024-10-13 11:00:00,24.8,71.9,1015.4,10.9,0.0,7.9
2024-10-13 12:00:00,25.8,69.3,1013.9,11.2,0.0,8.8
2024-10-13 13:00:00,24.5,66.9,1012.1,15.5,0.0,8.9
2024-10-13 14:00:00,23.7,65.3,1013.3,12.7,0.0,8.7
2024-10-13 15:00:00,22.2,63.3,1014.7,25.7,0.0,8.1
2024-10-13 16:00:00,21.2,66.4,1013.2,24.0,0.0,7.0
2024-10-13 17:00:00,20.9,64.0,1015.3,12.4,0.0,5.4
13/10/2024 18:00,17.7,66.2,1015.1,17.7,0.0,3.8
2024-10-13 19:00:00,15.5,66.5,1013.4,26.0,0.0,2.1
2024-10-13 20:00:00,13.9,69.4,1014.6,17.8,0.0,0
2024-10-13 21:00:00,11.6,70.2,1015.5,30.6,0.0,0.0
2024-10-13 22:00:00,11.7,,1014.1,17.3,0.0,0.0
2024-10-13 23:00:00,10.3,76.4,1014.8,23.2,0.0,0.0
2024-10-14 00:00:00,10.5,75.7,1015.4,9.3,0.0,0.0
2024-10-14 01:00:00,11.1,78.0,1014.2,17.4,0.0,0.0
2024-10-14 02:00:00,10.9,78.2,1011.4,14.6,0.0,0.0
2024-10-14 03:00:00,12.7,82.3,1016.8,17.7,0.0,0.0
2024-10-14 04:00:00,15.2,80.6,1013.8,5.5,0.0,0.0
2024-10-14 05:00:00,15.5,82.1,1014.3,8.5,0.0,0.0
14/10/2024 06:00,17.9,77.0,1014.9,5.8,0.0,0
2024-10-14 07:00:00,19.9,78.1,1014.8,6.5,0.0,2.3
2024-10-14 08:00:00,22.3,75.9,1018.1,7.2,0.0,4.3
2024-10-14 09:00:00,22.7,71.3,1012.4,5.5,0.0,5.2
2024-10-14 10:00:00,23.3,71.7,1011.8,7.7,0.0,7.0
2024-10-14 11:00:00,25.1,72.7,1015.4,8.3,0.0,8.2
2024-10-14 12:00:00,25.2,68.4,1013.8,7.8,0.0,8.0
2024-10-14 13:00:00,24.5,70.0,1015.2,7.3,0.0,8.7
2024-10-14 14:00:00,23.1,64.9,1013.6,4.8,0.0,8.6
14/10/2024 15:00,22.6,63.6,1017.7,10.6,0.0,8.2
2024-10-14 16:00:00,21.9,65.8,1012.6,14.2,0.0,6.6
2024-10-14 17:00:00,20.7,65.9,1015.3,16.0,0.0,5.4
2024-10-14 18:00:00,18.5,64.5,1014.8,9.4,0.0,4.0
2024-10-14 19:00:00,16.3,65.2,1013.9,16.4,0.0,1.8
2024-10-14 20:00:00,14.4,68.2,1014.4,12.9,0.0,0
2024-10-14 21:00:00,12.9,67.4,1016.0,20.4,0.0,0.0
2024-10-14 22:00:00,12.3,72.6,1014.6,11.9,0.0,0.0
2024-10-14 23:00:00,12.4,70.7,1014.8,37.0,0.0,0.0
2024-10-15 00:00:00,11.0,77.5,1015.5,11.2,0.0,0.0
2024-10-15 01:00:00,9.8,77.5,1014.5,,0.0,0.0
2024-10-15 02:00:00,12.0,77.5,1016.5,11.6,0.0,0.0
2024-10-15 03:00:00,13.7,77.5,1014.0,13.4,0.0,0.0
2024-10-15 04:00:00,14.0,77.3,1012.5,10.8,0.0,0.0
2024-10-15 05:00:00,15.9,79.5,1014.8,12.3,0.0,0.0
2024-10-15 06:00:00,17.1,82.4,1012.0,27.6,0.0,0.1
2024-10-15 07:00:00,20.0,76.4,1014.2,6.3,0.0,2.4
2024-10-15 08:00:00,21.0,77.7,1015.3,7.6,0.0,3.7
2024-10-15 09:00:00,23.5,74.1,1013.7,12.9,0.0,5.8
2024-10-15 10:00:00,23.0,72.9,1015.4,14.1,0.0,6.9
2024-10-15 11:00:00,24.5,69.7,1014.2,8.3,0.0,8.3
2024-10-15 12:00:00,24.1,70.0,1016.8,13.4,0.0,8.3
2024-10-15 13:00:00,23.7,66.9,1012.8,10.7,0.0,9.2
2024-10-15 14:00:00,24.9,62.3,1012.3,14.9,0.0,8.9
2024-10-15 15:00:00,22.8,60.6,1014.6,13.6,0.0,8.7
2024-10-15 16:00:00,21.6,66.2,1017.4,13.9,0.0,7.4
2024-10-15 17:00:00,20.5,65.3,1016.9,21.5,0.0,5.6
2024-10-15 18:00:00,17.0,63.1,1014.9,9.3,0.0,4.1
2024-10-15 19:00:00,16.2,71.2,1014.8,22.1,0.0,1.9
2024-10-15 20:00:00,14.6,68.1,1012.7,17.0,0.0,0.6
2024-10-15 21:00:00,12.9,69.3,1014.7,20.3,0.0,0.0
2024-10-15 22:00:00,13.2,66.9,1016.0,10.8,0.0,0.0
2024-10-15 23:00:00,11.0,75.5,1011.7,12.3,0.0,0.0
2024-10-16 00:00:00,10.5,74.2,1014.5,11.6,0.0,0.0
2024-10-16 01:00:00,11.3,76.0,1015.5,11.3,0.0,0.0
2024-10-16 02:00:00,12.7,78.7,1014.0,8.9,0.0,0.0
2024-10-16 03:00:00,13.5,79.9,1015.2,13.0,0.0,0.0
2024-10-16 04:00:00,14.1,78.1,1012.6,8.9,0.0,0.0
2024-10-16 05:00:00,16.5,,1014.8,10.0,0.0,0.0
2024-10-16 06:00:00,17.7,77.5,1012.0,10.6,0.0,0.4
2024-10-16 07:00:00,20.4,75.2,1015.5,5.3,0.0,2.3
16/10/2024 08:00,21.5,79.3,1014.9,6.7,0.0,4.2
2024-10-16 09:00:00,23.0,75.9,1014.3,9.7,0.0,6.2
2024-10-16 10:00:00,24.3,73.4,1012.3,3.7,0.0,7.3
2024-10-16 11:00:00,24.5,69.5,1013.4,7.5,0.0,8.4
2024-10-16 12:00:00,25.7,67.8,1015.8,8.5,0.0,9.2
2024-10-16 13:00:00,24.1,65.8,1013.9,10.3,0.0,9.1
2024-10-16 14:00:00,24.6,61.9,1016.3,9.3,0.0,8.8
2024-10-16 15:00:00,23.2,61.1,1013.9,11.0,0.0,8.2
2024-10-16 16:00:00,22.0,60.2,1014.5,12.5,0.0,6.9
2024-10-16 17:00:00,20.6,62.5,1013.7,21.4,0.0,5.7
2024-10-16 18:00:00,17.9,64.2,1014.1,17.8,0.0,3.9
2024-10-16 19:00:00,16.5,66.4,1014.0,13.2,0.0,2.3
2024-10-16 20:00:00,14.4,68.7,1012.0,23.5,0.0,0.0
2024-10-16 21:00:00,13.3,70.4,1014.5,13.0,0.0,0.0
2024-10-16 22:00:00,10.9,71.2,1014.1,26.3,0.0,0.0
2024-10-16 23:00:00,11.4,70.7,1012.3,13.7,0.0,0.0
2024-10-17 00:00:00,9.6,77.1,1013.0,14.8,0.0,0.0
2024-10-17 01:00:00,11.5,75.4,1014.7,14.2,0.0,0.0
2024-10-17 02:00:00,12.4,80.7,1011.5,18.8,0.0,0.0
2024-10-17 03:00:00,14.4,75.4,1012.4,8.8,0.0,0.0
2024-10-17 04:00:00,14.8,77.5,1015.3,12.7,0.0,0.0
2024-10-17 05:00:00,17.7,78.7,1013.2,10.2,0.0,0.0
2024-10-17 06:00:00,40.3,81.1,1012.8,10.2,0.0,0.2
2024-10-17 07:00:00,20.5,79.7,1014.7,10.8,0.0,2.6
2024-10-17 08:00:00,21.8,75.5,1014.7,6.1,0.0,4.1
2024-10-17 09:00:00,22.3,72.3,1016.0,5.9,0.0,6.0
2024-10-17 10:00:00,24.6,72.0,1016.6,8.2,0.0,7.4
2024-10-17 11:00:00,23.6,72.3,1013.9,6.3,0.0,8.2
2024-10-17 12:00:00,25.1,66.7,1011.7,15.8,0.0,9.0
2024-10-17 13:00:00,25.1,66.2,1015.2,6.0,0.0,8.7
2024-10-17 14:00:00,25.0,68.2,1011.8,23.1,0.0,8.5
2024-10-17 15:00:00,24.6,63.5,1016.1,12.8,0.0,8.3
17/10/2024 16:00,22.2,64.1,1015.4,20.4,0.0,7.4
2024-10-17 17:00:00,20.8,64.1,1013.7,8.3,0.0,5.9
2024-10-17 18:00:00,17.1,66.9,1015.9,10.6,0.0,4.1
2024-10-17 19:00:00,15.4,67.6,1014.1,16.8,0.0,2.1
2024-10-17 20:00:00,14.6,68.1,1014.6,37.8,0.0,0
2024-10-17 21:00:00,13.4,69.1,1014.7,13.8,0.0,0.0
2024-10-17 22:00:00,11.9,71.7,1012.5,12.1,0.0,0.0
2024-10-17 23:00:00,12.2,72.8,1015.5,6.9,0.0,0.0
2024-10-18 00:00:00,10.2,77.0,1012.8,24.2,0.0,0.0
2024-10-18 01:00:00,11.2,74.5,1013.7,10.2,0.0,0.0
2024-10-18 02:00:00,12.4,77.1,1015.2,12.7,0.0,0.0
2024-10-18 03:00:00,14.0,80.1,1012.0,12.5,0.0,0.0
2024-10-18 04:00:00,14.2,78.0,1008.1,10.6,0.0,0.0
2024-10-18 05:00:00,15.8,79.6,1015.3,11.1,0.0,0.0
2024-10-18 06:00:00,20.6,71.8,1015.0,9.2,0.0,0
2024-10-18 07:00:00,19.7,78.3,1011.7,11.1,0.0,1.8
2024-10-18 08:00:00,21.8,75.3,1014.7,5.2,0.0,3.6
2024-10-18 09:00:00,24.0,72.6,1014.5,5.4,0.0,5.8
2024-10-18 10:00:00,24.6,72.4,1016.0,11.4,0.0,7.4
2024-10-18 11:00:00,26.2,69.8,1015.3,9.3,0.0,8.4
2024-10-18 12:00:00,26.1,68.9,1013.7,17.2,0.0,9.0
2024-10-18 13:00:00,25.5,63.3,1014.5,17.4,0.0,9.2
2024-10-18 14:00:00,24.1,67.2,1015.1,12.8,0.0,8.7
2024-10-18 15:00:00,24.2,64.7,1015.2,12.0,0.0,8.3
2024-10-18 16:00:00,21.4,64.6,1014.5,17.3,0.0,7.3
2024-10-18 17:00:00,20.7,65.0,1014.2,12.6,0.0,6.0
2024-10-18 18:00:00,17.7,64.2,1012.7,12.4,0.0,3.9
2024-10-18 19:00:00,16.9,65.9,1013.6,22.8,0.0,2.3
2024-10-18 20:00:00,15.4,67.7,1011.7,16.8,0.0,0.2
18/10/2024 21:00,13.2,64.9,1016.0,26.7,0.0,0.0
2024-10-18 22:00:00,11.6,70.4,1013.8,23.0,0.0,0.0
2024-10-18 23:00:00,11.5,73.6,1012.5,19.3,0.0,0.0
2024-10-19 00:00:00,9.6,76.7,1012.9,10.9,0.0,0.0
2024-10-19 01:00:00,12.3,76.5,1012.5,18.0,0.0,0.0
2024-10-19 02:00:00,12.7,73.7,1013.6,10.3,0.0,0.0
2024-10-19 03:00:00,14.1,82.5,1013.8,11.4,0.0,0.0
2024-10-19 04:00:00,16.3,75.8,1014.7,16.5,0.0,0.0
2024-10-19 05:00:00,18.2,80.3,1015.2,6.7,0.0,0.0
2024-10-19 06:00:00,18.1,79.6,1016.2,8.3,0.0,0
19/10/2024 07:00,21.0,76.5,1014.5,10.0,0.0,2.5
2024-10-19 08:00:00,22.2,74.1,1016.0,6.3,0.0,3.7
2024-10-19 09:00:00,24.0,75.9,1013.9,5.6,0.0,5.7
2024-10-19 10:00:00,25.7,71.8,1013.8,9.2,0.0,7.5
2024-10-19 11:00:00,25.4,70.8,1013.7,6.1,0.0,8.8
2024-10-19 12:00:00,26.6,67.5,1015.2,10.7,0.0,9.2
2024-10-19 13:00:00,26.9,63.6,1016.0,12.9,0.0,9.1
2024-10-19 14:00:00,24.9,63.9,1016.9,15.7,0.0,9.1
2024-10-19 15:00:00,23.4,63.3,1013.8,19.1,0.0,8.3
19/10/2024 16:00,22.7,62.3,1013.6,12.5,0.0,7.4
2024-10-19 17:00:00,21.3,62.5,1016.8,14.0,0.0,5.6
2024-10-19 18:00:00,19.6,61.8,1018.6,20.2,0.0,4.1
2024-10-19 19:00:00,17.8,65.2,1014.3,24.5,0.0,2.1
2024-10-19 20:00:00,15.7,63.6,1015.2,17.0,0.0,0.0
2024-10-19 21:00:00,14.7,68.8,1013.4,17.5,0.0,0.0
2024-10-19 22:00:00,13.0,70.4,1015.2,36.1,0.0,0.0
2024-10-19 23:00:00,12.9,73.6,1014.8,11.2,0.0,0.0
2024-10-20 00:00:00,12.5,76.3,1014.5,13.3,0.0,0.0
2024-10-20 01:00:00,12.1,76.3,1014.8,9.9,0.0,0.0
2024-10-20 02:00:00,12.6,79.3,1014.3,10.0,0.0,0.0
2024-10-20 03:00:00,14.1,80.1,1015.5,8.8,0.0,0.0
2024-10-20 04:00:00,16.2,81.2,1013.4,10.6,0.0,0.0
2024-10-20 05:00:00,18.3,79.0,1017.5,12.7,0.0,0.0
2024-10-20 06:00:00,18.3,80.6,1015.9,10.4,0.0,0
2024-10-20 07:00:00,21.1,79.2,1018.2,7.3,0.0,1.7
2024-10-20 08:00:00,22.9,76.2,1014.1,4.8,0.0,3.7
2024-10-20 09:00:00,23.6,75.6,1012.0,11.6,0.0,5.9
2024-10-20 10:00:00,25.2,70.6,1016.5,14.1,0.0,7.0
2024-10-20 11:00:00,25.8,71.8,1014.5,4.1,0.0,8.6
2024-10-20 12:00:00,27.0,66.8,1016.8,15.0,0.0,9.1
2024-10-20 13:00:00,26.7,64.2,1014.3,10.1,0.0,9.3
2024-10-20 14:00:00,26.0,63.9,1012.6,18.6,0.0,9.0
2024-10-20 15:00:00,,67.2,1016.7,6.8,0.0,8.2
2024-10-20 16:00:00,22.6,64.5,1014.7,17.1,0.0,7.3
2024-10-20 17:00:00,20.2,60.7,1015.5,22.1,0.0,5.4
2024-10-20 18:00:00,19.5,63.5,1013.1,15.8,0.0,4.1
2024-10-20 19:00:00,17.2,63.7,1014.9,34.7,0.0,2.0
2024-10-20 20:00:00,14.7,67.5,1016.6,29.6,0.0,0.2
2024-10-20 21:00:00,,105,1015.0,22.6,0.0,0.0
2024-10-20 22:00:00,11.2,67.5,1014.8,26.0,0.0,0.0
20/10/2024 23:00,12.6,75.3,1016.2,21.9,0.0,0.0
2024-10-21 00:00:00,12.1,,1015.9,14.1,0.0,0.0
2024-10-21 01:00:00,13.3,72.0,1013.2,29.5,0.0,0.0
2024-10-21 02:00:00,13.0,78.8,1014.4,12.6,0.0,0.0
2024-10-21 03:00:00,14.6,78.5,1013.9,8.9,0.0,0.0
2024-10-21 04:00:00,15.4,80.3,1015.4,11.5,0.0,0.0
2024-10-21 05:00:00,16.9,77.4,1014.8,5.1,0.0,0.0
2024-10-21 06:00:00,19.2,80.8,1014.4,4.8,0.0,0
2024-10-21 07:00:00,20.0,78.6,1017.4,9.3,0.0,1.9
2024-10-21 08:00:00,22.5,71.0,1012.3,5.7,0.0,4.1
21/10/2024 09:00,24.1,71.2,1016.9,9.6,0.0,6.1
2024-10-21 10:00:00,26.3,70.2,1015.0,6.3,0.0,7.3
2024-10-21 11:00:00,26.4,68.7,1014.2,8.8,0.0,8.5
2024-10-21 12:00:00,25.2,64.6,1013.6,13.1,0.0,9.2
2024-10-21 13:00:00,26.7,67.9,1014.6,12.4,0.0,8.9
2024-10-21 14:00:00,26.3,63.9,1016.3,14.1,0.0,8.8
2024-10-21 15:00:00,25.4,62.6,1013.0,9.1,0.0,8.6
2024-10-21 16:00:00,22.1,61.7,1013.4,16.2,0.0,7.0
2024-10-21 17:00:00,20.7,63.6,1015.1,11.2,0.0,6.1
2024-10-21 18:00:00,18.9,70.0,1014.3,17.0,0.0,3.8
2024-10-21 19:00:00,18.6,62.7,1015.9,19.0,0.0,2.4
2024-10-21 20:00:00,16.5,66.5,1016.3,12.8,0.0,0
2024-10-21 21:00:00,14.6,67.7,1012.5,20.5,0.0,0.0
2024-10-21 22:00:00,13.0,72.3,1014.3,15.2,0.0,0.0
2024-10-21 23:00:00,12.7,73.9,1014.1,13.0,0.0,0.0
2024-10-22 00:00:00,12.6,73.6,1014.9,9.6,0.0,0.0
2024-10-22 01:00:00,11.4,76.1,1015.7,16.2,0.0,0.0
2024-10-22 02:00:00,13.6,77.0,1016.9,14.4,0.0,0.0
2024-10-22 03:00:00,14.4,76.4,1016.9,21.3,0.0,0.0
2024-10-22 04:00:00,16.4,80.0,1017.8,13.0,0.0,0.0
2024-10-22 05:00:00,18.6,79.5,1014.7,13.9,0.0,0.0
2024-10-22 06:00:00,18.6,80.1,1015.5,7.0,0.0,0.7
2024-10-22 07:00:00,22.1,76.7,1016.3,8.0,0.0,2.1
2024-10-22 08:00:00,23.0,76.5,1018.9,13.4,0.0,3.8
2024-10-22 09:00:00,24.9,71.5,1016.2,11.4,0.0,6.0
2024-10-22 10:00:00,25.4,68.8,1014.7,7.9,0.0,7.7
2024-10-22 11:00:00,26.6,66.9,1015.4,10.2,0.0,8.9
2024-10-22 12:00:00,26.0,67.3,1014.9,11.4,0.0,9.4
2024-10-22 13:00:00,25.8,66.8,1014.1,9.3,0.0,9.2
2024-10-22 14:00:00,25.9,61.8,1017.5,9.2,0.0,9.3
2024-10-22 15:00:00,23.7,64.4,1014.2,11.3,0.0,8.3
2024-10-22 16:00:00,23.2,63.3,1014.7,16.9,0.0,7.4
2024-10-22 17:00:00,21.5,64.4,1015.4,11.1,0.0,6.3
2024-10-22 18:00:00,19.2,63.8,1014.6,18.1,0.0,3.6
2024-10-22 19:00:00,17.6,64.7,1015.9,17.4,0.0,2.2
2024-10-22 20:00:00,14.6,64.7,1013.1,16.2,0.0,0
22/10/2024 21:00,13.0,65.5,1014.5,18.0,0.0,0.0
2024-10-22 22:00:00,11.2,71.7,1015.4,19.2,0.0,0.0
2024-10-22 23:00:00,13.2,69.3,1014.9,14.2,0.0,0.0
2024-10-23 00:00:00,12.8,75.4,1016.9,14.7,0.0,0.0
2024-10-23 01:00:00,13.3,72.0,1012.1,6.0,0.0,0.0
2024-10-23 02:00:00,13.1,77.0,1016.0,10.5,0.0,0.0
2024-10-23 03:00:00,15.1,80.9,1013.4,9.9,0.0,0.0
2024-10-23 04:00:00,16.3,78.2,1014.3,9.7,0.0,0.0
2024-10-23 05:00:00,16.1,77.4,1016.0,6.6,0.0,0.0
2024-10-23 06:00:00,19.0,77.6,1014.8,6.3,0.0,0
2024-10-23 07:00:00,21.6,73.0,1016.4,9.8,0.0,2.0
2024-10-23 08:00:00,23.3,77.7,1013.8,5.1,0.0,4.3
2024-10-23 09:00:00,25.1,70.4,1015.2,8.2,0.0,6.1
2024-10-23 10:00:00,26.1,71.0,1013.3,10.7,0.0,7.2
2024-10-23 11:00:00,27.1,66.1,1015.3,9.0,0.0,8.6
2024-10-23 12:00:00,28.3,68.2,1015.4,10.8,0.0,9.5
2024-10-23 13:00:00,25.4,66.1,1014.5,11.1,0.0,9.4
2024-10-23 14:00:00,25.9,61.7,1014.5,12.0,0.0,9.6
2024-10-23 15:00:00,24.9,65.7,1014.7,12.5,0.0,8.6
2024-10-23 16:00:00,22.1,62.1,1013.6,13.6,0.0,7.6
2024-10-23 17:00:00,21.4,60.6,1013.2,24.6,0.0,5.8
2024-10-23 18:00:00,21.5,65.3,1014.3,30.4,0.0,4.1
2024-10-23 19:00:00,18.2,62.4,1013.4,17.1,0.0,2.1
2024-10-23 20:00:00,15.6,67.1,1014.8,18.8,0.0,0.2
2024-10-23 21:00:00,13.8,68.0,1014.8,15.1,0.0,0.0
2024-10-23 22:00:00,13.4,71.2,1016.7,32.6,0.0,0.0
2024-10-23 23:00:00,12.0,72.6,1011.1,11.9,0.0,0.0
2024-10-24 00:00:00,13.5,72.3,1015.8,13.8,0.0,0.0
24/10/2024 01:00,13.4,73.4,1014.7,15.9,0.0,0.0
2024-10-24 02:00:00,13.5,77.0,1014.8,13.2,0.0,0.0
2024-10-24 03:00:00,14.4,80.1,1014.8,11.5,0.0,0.0
2024-10-24 04:00:00,16.3,77.3,1014.8,8.5,0.0,0.0
2024-10-24 05:00:00,17.8,77.3,1013.6,14.1,0.0,0.0
2024-10-24 06:00:00,19.3,75.8,1012.7,13.0,0.0,0.3
2024-10-24 07:00:00,21.9,76.7,1016.5,10.5,0.0,2.1
2024-10-24 08:00:00,23.0,74.9,1013.6,5.9,0.0,4.1
2024-10-24 09:00:00,24.4,70.7,1014.8,7.9,0.0,5.8
2024-10-24 10:00:00,25.8,,1014.1,12.5,0.0,7.4
2024-10-24 11:00:00,25.6,65.8,1016.3,8.4,0.0,8.7
2024-10-24 12:00:00,25.2,69.3,1014.5,23.4,0.0,9.4
2024-10-24 13:00:00,25.8,66.8,1017.6,8.7,0.0,9.8
2024-10-24 14:00:00,26.4,59.6,1015.1,7.5,0.0,9.2
2024-10-24 15:00:00,25.5,60.9,1012.0,17.4,0.0,8.9
2024-10-24 16:00:00,23.6,64.1,1014.9,14.6,0.0,7.2
2024-10-24 17:00:00,21.4,64.1,1012.8,19.5,0.0,6.2
2024-10-24 18:00:00,18.9,63.5,1016.1,21.4,0.0,4.3
2024-10-24 19:00:00,18.2,66.2,1016.1,23.4,0.0,2.3
2024-10-24 20:00:00,16.8,66.7,1013.5,26.1,0.0,0
2024-10-24 21:00:00,15.1,69.8,1015.0,41.4,0.0,0.0
2024-10-24 22:00:00,13.2,67.5,1013.1,16.0,0.0,0.0
2024-10-24 23:00:00,13.8,71.3,1014.0,12.7,0.0,0.0
2024-10-25 00:00:00,12.5,72.7,1015.6,15.8,0.0,0.0
2024-10-25 01:00:00,12.5,75.4,1016.6,14.3,0.0,0.0
2024-10-25 02:00:00,12.7,77.9,1012.8,4.9,0.0,0.0
2024-10-25 03:00:00,15.5,77.8,1016.0,8.0,0.0,0.0
2024-10-25 04:00:00,15.5,79.4,1016.5,8.8,0.0,0.0
2024-10-25 05:00:00,19.6,76.3,1016.0,10.3,0.0,0.0
2024-10-25 06:00:00,20.1,75.0,1014.3,10.7,0.0,0.0
2024-10-25 07:00:00,23.3,79.0,1013.1,12.0,0.0,1.9
2024-10-25 08:00:00,25.5,73.3,1015.1,13.1,0.0,4.4
2024-10-25 09:00:00,24.1,71.2,1016.4,7.1,0.0,6.1
2024-10-25 10:00:00,25.6,71.2,1013.4,9.9,0.0,8.1
2024-10-25 11:00:00,26.4,67.4,1016.2,8.3,0.0,8.7
2024-10-25 12:00:00,27.1,68.8,1014.7,25.1,0.0,9.2
2024-10-25 13:00:00,26.9,64.6,1012.4,9.8,0.0,9.6
2024-10-25 14:00:00,26.0,63.5,1015.0,16.9,0.0,9.5
2024-10-25 15:00:00,25.8,62.5,1015.9,21.9,0.0,9.3
2024-10-25 16:00:00,23.9,62.4,1017.8,13.5,0.0,7.6
2024-10-25 17:00:00,21.1,58.4,1014.5,25.5,0.0,6.4
2024-10-25 18:00:00,19.6,64.2,1013.9,19.0,0.0,4.1
2024-10-25 19:00:00,17.5,66.2,1014.1,12.6,0.0,2.3
2024-10-25 20:00:00,16.6,66.3,1015.0,13.1,0.0,0.1
2024-10-25 21:00:00,14.8,68.8,1011.7,19.2,0.0,0.0
2024-10-25 22:00:00,13.6,67.9,1012.7,24.9,0.0,0.0
2024-10-25 23:00:00,12.2,70.9,1014.0,27.1,0.0,0.0
2024-10-26 00:00:00,13.8,72.9,1014.7,17.8,0.0,0.0
2024-10-26 01:00:00,13.9,73.0,1013.6,13.8,0.0,0.0
2024-10-26 02:00:00,12.9,77.1,1012.8,6.9,0.0,0.0
2024-10-26 03:00:00,16.0,76.9,1013.9,14.4,0.0,0.0
2024-10-26 04:00:00,15.5,78.2,1016.3,8.5,0.0,0.0
2024-10-26 05:00:00,17.9,78.6,1015.5,6.5,0.0,0.0
2024-10-26 06:00:00,19.9,77.3,1017.1,9.2,0.0,0
2024-10-26 07:00:00,20.1,75.9,1013.4,6.6,0.0,2.6
2024-10-26 08:00:00,24.7,73.8,1015.0,6.5,0.0,3.7
2024-10-26 09:00:00,24.9,72.8,1017.4,13.9,0.0,5.9
2024-10-26 10:00:00,26.5,-5,1014.7,9.9,0.0,7.4
2024-10-26 11:00:00,27.0,67.5,1018.1,13.2,0.0,9.5
2024-10-26 12:00:00,27.9,68.0,1017.1,8.1,0.0,9.4
2024-10-26 13:00:00,27.3,62.5,1014.1,20.1,0.0,9.9
2024-10-26 14:00:00,26.4,65.0,1017.5,15.1,0.0,9.4
2024-10-26 15:00:00,25.3,63.0,1017.2,10.1,0.0,8.5
2024-10-26 16:00:00,23.4,63.5,1015.4,35.4,0.0,7.5
2024-10-26 17:00:00,20.5,61.9,1013.7,24.6,0.0,6.2
2024-10-26 18:00:00,20.2,66.0,1014.8,16.6,0.0,4.0
2024-10-26 19:00:00,17.9,63.3,1014.8,21.1,0.0,1.9
2024-10-26 20:00:00,16.6,68.6,1016.6,17.5,0.0,0.2
2024-10-26 21:00:00,15.1,67.3,1018.8,12.1,0.0,0.0
2024-10-26 22:00:00,14.1,68.5,1014.6,33.7,0.0,0.0
2024-10-26 23:00:00,13.5,67.8,1013.1,22.8,0.0,0.0
2024-10-27 00:00:00,13.0,71.4,1014.6,11.4,0.0,0.0
2024-10-27 01:00:00,12.4,74.3,1014.9,13.0,0.0,0.0
2024-10-27 02:00:00,14.3,74.6,1014.7,9.3,0.0,0.0
2024-10-27 03:00:00,14.8,,,13.3,0.0,0.0
2024-10-27 04:00:00,16.4,78.6,1016.3,17.0,0.0,0.0
2024-10-27 05:00:00,17.0,76.4,1016.9,8.2,0.0,0.0
2024-10-27 06:00:00,20.8,74.1,1012.9,14.0,0.0,0
2024-10-27 07:00:00,22.8,76.1,1015.4,5.7,0.0,2.0
27/10/2024 08:00,24.3,73.4,1018.6,10.2,0.0,4.6
2024-10-27 09:00:00,25.2,73.5,1015.0,13.0,0.0,6.1
2024-10-27 10:00:00,26.7,69.9,1014.3,7.5,0.0,8.1
2024-10-27 11:00:00,26.9,69.6,1015.6,5.7,0.0,9.3
2024-10-27 12:00:00,28.9,64.8,1017.2,13.4,0.5,9.4
27/10/2024 13:00,27.2,62.3,1013.2,7.1,0.0,9.5
2024-10-27 14:00:00,26.2,63.4,1014.9,17.9,0.0,9.4
27/10/2024 15:00,25.7,62.3,1014.7,18.7,0.0,8.4
2024-10-27 16:00:00,23.5,61.3,1014.2,12.2,0.0,7.3
2024-10-27 17:00:00,21.9,62.8,1013.5,21.2,0.0,6.0
2024-10-27 18:00:00,20.0,63.3,1013.5,19.2,0.0,4.4
2024-10-27 19:00:00,19.0,63.8,1016.3,23.1,0.0,2.1
2024-10-27 20:00:00,17.6,65.3,1014.8,15.5,0.0,0.0
2024-10-27 21:00:00,14.4,68.9,1017.6,20.8,0.0,0.0
2024-10-27 22:00:00,12.8,70.5,1013.7,17.7,0.0,0.0
2024-10-27 23:00:00,13.1,73.6,1016.8,16.9,0.0,0.0
2024-10-28 00:00:00,14.3,73.5,1016.3,8.0,0.0,0.0
2024-10-28 01:00:00,13.2,76.3,1017.1,10.3,0.0,0.0
2024-10-28 02:00:00,14.4,75.6,1013.9,14.6,0.0,0.0
2024-10-28 03:00:00,14.7,77.5,1013.7,12.7,0.0,0.0
2024-10-28 04:00:00,16.9,76.6,1015.4,14.2,0.0,0.0
2024-10-28 05:00:00,18.3,78.6,,13.8,0.0,0.0
2024-10-28 06:00:00,18.9,79.8,1013.8,7.2,0.0,0.2
2024-10-28 07:00:00,22.1,74.9,1018.1,8.6,0.0,2.4
2024-10-28 08:00:00,24.0,74.4,1014.2,7.8,0.0,3.8
2024-10-28 09:00:00,26.0,72.9,1015.7,4.5,0.0,6.3
2024-10-28 10:00:00,27.5,69.5,1013.7,11.3,0.0,7.7
2024-10-28 11:00:00,28.1,69.8,1016.4,8.7,0.0,8.9
2024-10-28 12:00:00,29.3,65.4,1015.3,14.1,0.0,9.5
2024-10-28 13:00:00,28.0,64.0,1016.1,17.3,0.0,10.1
2024-10-28 14:00:00,27.0,63.2,1012.1,17.6,0.0,9.7
2024-10-28 15:00:00,24.7,61.6,1014.0,19.6,0.0,8.6
2024-10-28 16:00:00,24.9,61.3,1014.0,34.1,0.0,7.8
2024-10-28 17:00:00,22.5,60.7,1017.3,10.7,0.0,5.8
2024-10-28 18:00:00,20.2,63.8,1013.5,24.2,0.0,4.8
2024-10-28 19:00:00,17.6,62.1,1015.7,18.4,0.0,2.1
2024-10-28 20:00:00,17.8,66.7,1017.0,9.7,0.0,0.4
2024-10-28 21:00:00,14.0,66.8,1016.1,22.6,0.0,0.0
2024-10-28 22:00:00,15.4,66.8,1015.3,18.3,0.0,0.0
2024-10-28 23:00:00,13.8,71.9,1018.0,15.1,0.0,0.0
2024-10-29 00:00:00,14.2,75.0,1016.2,16.2,0.0,0.0
2024-10-29 01:00:00,13.8,79.1,1015.4,12.5,0.0,0.0
2024-10-29 02:00:00,13.3,76.3,1013.5,9.8,0.0,0.0
2024-10-29 03:00:00,16.2,78.7,1013.3,9.3,0.0,0.0
2024-10-29 04:00:00,17.9,76.4,1015.7,6.3,0.0,0.0
2024-10-29 05:00:00,18.6,78.2,,8.3,0.0,0.0
2024-10-29 06:00:00,20.7,73.8,1010.8,5.0,0.0,0.2
2024-10-29 07:00:00,22.5,77.3,1016.1,10.8,0.0,2.0
2024-10-29 08:00:00,25.6,72.0,1014.5,5.9,0.0,4.3
2024-10-29 09:00:00,26.1,71.3,1015.8,6.5,0.0,5.7
2024-10-29 10:00:00,25.9,70.9,1015.9,8.3,0.0,7.9
2024-10-29 11:00:00,29.1,70.7,1012.1,11.1,0.0,8.9
2024-10-29 12:00:00,29.3,66.6,1016.4,12.1,0.0,9.8
2024-10-29 13:00:00,28.4,64.1,1014.4,8.7,0.0,10.0
2024-10-29 14:00:00,26.3,64.9,1014.6,12.1,0.0,9.9
2024-10-29 15:00:00,25.1,62.6,1017.5,11.2,0.0,9.2
2024-10-29 16:00:00,25.3,60.5,1016.5,15.2,0.0,8.2
2024-10-29 17:00:00,21.7,61.4,1016.0,14.6,0.0,6.2
2024-10-29 18:00:00,20.0,59.7,1014.0,17.1,0.0,4.1
2024-10-29 19:00:00,18.4,63.3,1014.8,13.0,0.0,2.5
2024-10-29 20:00:00,17.1,69.7,1015.5,22.4,0.0,0.2
2024-10-29 21:00:00,17.5,68.3,1015.6,11.5,0.0,0.0
2024-10-29 22:00:00,13.9,67.9,1016.7,13.2,0.0,0.0
29/10/2024 23:00,13.3,71.9,,18.5,0.0,0.0
2024-10-30 00:00:00,13.0,76.1,1014.8,29.3,0.0,0.0
30/10/2024 01:00,14.6,73.1,1014.5,17.7,0.0,0.0
2024-10-30 02:00:00,14.9,75.4,1016.6,7.4,0.0,0.0
30/10/2024 03:00,15.7,77.4,1014.5,9.7,0.0,0.0
2024-10-30 04:00:00,15.8,76.7,1018.2,6.6,0.0,0.0
2024-10-30 05:00:00,19.4,74.9,1016.3,7.8,0.0,0.0
2024-10-30 06:00:00,21.9,75.5,1017.5,12.4,0.0,0
2024-10-30 07:00:00,22.2,77.0,1014.2,5.8,0.0,2.3
2024-10-30 08:00:00,24.6,72.8,1016.4,13.1,0.0,3.9
2024-10-30 09:00:00,25.1,71.5,1016.6,9.1,0.0,6.5
2024-10-30 10:00:00,27.3,72.6,1015.4,14.3,0.0,7.7
2024-10-30 11:00:00,28.3,68.3,1015.0,12.0,0.0,9.1
2024-10-30 12:00:00,28.2,66.1,1012.9,9.4,0.0,9.8
2024-10-30 13:00:00,28.3,62.1,1018.2,12.1,0.0,10.5
2024-10-30 14:00:00,28.1,60.9,1014.6,9.9,0.0,9.6
2024-10-30 15:00:00,24.9,65.8,1014.9,16.9,0.0,9.1
2024-10-30 16:00:00,24.8,60.8,1013.6,12.2,0.0,7.6
2024-10-30 17:00:00,23.1,61.1,1015.7,19.3,0.0,6.3
2024-10-30 18:00:00,20.6,62.8,1013.1,13.4,0.0,4.8
2024-10-30 19:00:00,19.3,65.5,1013.7,13.5,0.0,2.0
2024-10-30 20:00:00,17.7,66.5,1015.4,17.7,0.0,0
2024-10-30 21:00:00,14.6,62.6,1019.5,9.0,0.0,0.0
2024-10-30 22:00:00,13.8,70.6,1014.4,17.4,0.0,0.0
2024-10-30 23:00:00,12.2,70.6,1015.1,38.7,0.0,0.0
2024-10-31 00:00:00,13.2,73.1,1014.5,16.2,0.0,0.0
2024-10-31 01:00:00,13.2,77.0,1016.7,14.4,0.0,0.0
2024-10-31 02:00:00,13.6,79.1,1015.9,11.2,0.0,0.0
2024-10-31 03:00:00,16.1,80.6,1014.3,13.0,0.0,0.0
2024-10-31 04:00:00,16.0,78.3,1015.6,8.3,0.0,0.0
2024-10-31 05:00:00,18.6,76.2,1016.1,8.6,0.0,0.0
2024-10-31 06:00:00,19.3,76.0,1018.7,7.0,0.0,0
2024-10-31 07:00:00,21.5,74.9,1014.0,10.3,0.0,2.3
2024-10-31 08:00:00,24.2,75.8,1015.9,4.6,0.0,4.2
2024-10-31 09:00:00,26.7,69.8,1013.7,5.4,0.0,5.8
2024-10-31 10:00:00,27.0,68.9,1011.9,15.7,0.0,8.2
2024-10-31 11:00:00,28.2,67.4,1015.4,8.6,0.0,9.5
2024-10-31 12:00:00,29.8,64.7,1018.8,17.0,0.0,9.6
2024-10-31 13:00:00,28.2,63.7,1017.4,10.1,0.0,10.1
2024-10-31 14:00:00,27.1,62.3,1013.6,15.3,0.0,10.0
2024-10-31 15:00:00,27.0,61.0,,10.3,0.0,9.1
2024-10-31 16:00:00,25.4,63.7,1018.6,19.0,0.0,8.2
2024-10-31 17:00:00,23.2,64.2,1015.8,12.0,0.0,6.0
2024-10-31 18:00:00,21.6,61.8,1016.4,17.9,0.0,4.8
2024-10-31 19:00:00,18.8,67.1,1012.6,11.1,0.0,2.4
31/10/2024 20:00,17.1,66.4,1014.6,30.3,0.0,0.3
2024-10-31 21:00:00,15.8,64.6,1016.6,18.1,0.0,0.0
2024-10-31 22:00:00,15.8,70.5,1016.6,13.9,0.0,0.0
2024-10-31 23:00:00,13.2,71.3,1017.2,12.7,0.0,0.0
2024-11-01 00:00:00,14.4,71.2,1017.2,9.5,0.0,0.0
2024-11-01 01:00:00,12.3,76.7,1016.3,8.9,0.0,0.0
2024-11-01 02:00:00,14.4,79.8,1014.9,11.7,0.0,0.0
2024-11-01 03:00:00,16.6,73.6,1014.2,11.4,0.0,0.0
2024-11-01 04:00:00,17.0,75.7,1014.2,11.4,0.0,0.0
2024-11-01 05:00:00,18.4,76.4,1012.9,7.3,0.0,0.0
2024-11-01 06:00:00,21.3,78.1,1014.7,12.7,0.0,0
2024-11-01 07:00:00,21.6,76.6,1014.4,11.4,0.0,2.2
2024-11-01 08:00:00,25.0,73.5,1015.5,8.3,0.0,4.3
2024-11-01 09:00:00,26.2,72.0,1017.2,5.7,0.0,6.5
2024-11-01 10:00:00,27.1,68.7,1018.2,10.9,0.0,7.7
2024-11-01 11:00:00,28.2,63.2,1016.6,4.8,0.0,9.3
01/11/2024 12:00,30.4,61.6,1015.3,6.5,0.0,9.7
2024-11-01 13:00:00,28.1,61.7,1015.6,5.1,0.0,10.0
2024-11-01 14:00:00,28.5,64.1,1015.1,16.2,0.0,10.1
2024-11-01 15:00:00,26.7,61.9,1014.0,14.4,0.0,9.2
2024-11-01 16:00:00,26.0,58.5,1013.9,10.3,0.0,7.7
01/11/2024 17:00,22.8,63.0,1016.8,20.1,0.0,6.0
2024-11-01 18:00:00,21.6,60.4,1015.4,20.2,0.0,4.4
2024-11-01 19:00:00,19.2,60.8,1016.4,16.2,0.0,2.6
2024-11-01 20:00:00,18.9,,1015.6,19.6,0.0,0.3
2024-11-01 21:00:00,15.3,68.5,1013.9,19.8,0.0,0.0
2024-11-01 22:00:00,14.1,68.4,1017.6,28.1,0.0,0.0
2024-11-01 23:00:00,13.3,73.0,1013.9,17.6,0.0,0.0
2024-11-02 00:00:00,14.6,70.2,1017.1,26.6,0.0,0.0
2024-11-02 01:00:00,13.9,74.9,1016.5,8.1,0.0,0.0
02/11/2024 02:00,15.6,75.4,1015.9,23.2,0.0,0.0
2024-11-02 03:00:00,15.8,77.7,1014.7,15.5,0.0,0.0
2024-11-02 04:00:00,16.5,76.5,1016.5,14.8,0.0,0.0
2024-11-02 05:00:00,20.4,76.0,1015.7,5.6,0.0,0.0
2024-11-02 06:00:00,21.3,81.7,1017.8,11.0,0.0,0
2024-11-02 07:00:00,23.1,74.1,1012.8,6.7,0.0,2.2
2024-11-02 08:00:00,25.3,72.4,1013.6,9.5,0.0,4.3
2024-11-02 09:00:00,27.3,72.9,1015.4,15.0,0.0,6.7
2024-11-02 10:00:00,29.2,65.8,1014.1,5.4,0.0,8.0
2024-11-02 11:00:00,28.0,66.7,1018.1,6.3,0.0,9.1
2024-11-02 12:00:00,,66.0,1015.1,7.6,0.0,10.1
2024-11-02 13:00:00,28.2,64.0,1016.4,7.2,0.0,10.3
2024-11-02 14:00:00,28.1,62.4,1017.4,12.7,0.0,9.6
02/11/2024 15:00,27.7,60.2,1015.9,12.7,0.0,9.1
2024-11-02 16:00:00,26.9,58.9,1013.5,10.8,0.0,7.9
2024-11-02 17:00:00,22.5,64.1,1015.8,12.7,0.0,6.2
2024-11-02 18:00:00,21.9,61.2,1014.8,17.0,0.0,4.5
2024-11-02 19:00:00,18.7,61.0,1015.1,17.2,0.0,1.9
2024-11-02 20:00:00,18.1,65.5,1016.2,30.9,0.0,0
2024-11-02 21:00:00,16.4,66.8,1016.5,14.2,0.0,0.0
2024-11-02 22:00:00,14.7,71.1,1015.8,12.3,0.0,0.0
2024-11-02 23:00:00,12.8,70.9,1014.9,13.4,0.0,0.0
2024-11-03 00:00:00,13.9,71.7,1016.5,13.1,0.0,0.0
2024-11-03 01:00:00,13.9,76.1,1014.2,8.8,0.0,0.0
2024-11-03 02:00:00,14.2,71.8,1018.2,13.0,0.0,0.0
2024-11-03 03:00:00,16.4,74.2,1016.9,25.4,0.0,0.0
2024-11-03 04:00:00,17.3,75.7,1013.3,9.7,0.0,0.0
2024-11-03 05:00:00,19.7,74.1,1017.5,7.3,0.0,0.0
2024-11-03 06:00:00,21.4,75.0,1015.7,6.8,0.0,0.1
2024-11-03 07:00:00,23.3,77.1,1014.8,7.4,0.0,2.5
2024-11-03 08:00:00,24.3,69.7,1016.3,7.6,0.0,4.5
2024-11-03 09:00:00,26.8,68.4,1016.4,7.2,0.0,6.2
2024-11-03 10:00:00,28.5,70.3,1016.4,10.5,0.0,8.1
2024-11-03 11:00:00,28.9,67.0,1016.9,7.0,0.0,9.5
2024-11-03 12:00:00,29.5,65.8,1015.0,16.2,0.0,10.3
2024-11-03 13:00:00,29.3,67.2,1015.0,8.6,0.0,10.5
2024-11-03 14:00:00,28.1,61.8,1017.0,14.1,0.0,10.0
03/11/2024 15:00,27.6,59.7,1016.4,14.9,0.0,9.2
2024-11-03 16:00:00,24.7,62.8,1016.9,12.8,0.0,8.7
2024-11-03 17:00:00,23.0,61.7,1016.2,18.4,0.0,6.5
2024-11-03 18:00:00,22.3,60.0,1014.1,18.4,0.0,5.0
2024-11-03 19:00:00,19.0,60.5,1017.1,17.7,0.0,2.6
2024-11-03 20:00:00,17.8,67.4,1015.9,31.0,0.0,0
2024-11-03 21:00:00,17.8,64.5,1018.5,25.0,0.0,0.0
2024-11-03 22:00:00,15.0,68.7,1014.3,21.8,0.0,0.0
2024-11-03 23:00:00,13.8,71.4,1017.7,15.0,0.0,0.0
2024-11-04 00:00:00,15.5,67.6,1016.4,9.1,0.0,0.0
2024-11-04 01:00:00,16.0,72.6,1018.1,22.7,0.0,0.0
2024-11-04 02:00:00,16.3,74.8,1014.6,13.9,0.0,0.0
04/11/2024 03:00,15.9,77.4,1017.0,9.0,0.0,0.0
2024-11-04 04:00:00,17.3,74.3,1015.0,10.2,0.0,0.0
2024-11-04 05:00:00,18.0,75.0,1014.2,14.3,0.0,0.0
2024-11-04 06:00:00,20.8,75.8,1014.9,10.6,0.0,0.2
2024-11-04 07:00:00,24.4,72.1,1015.7,7.1,0.0,2.3
2024-11-04 08:00:00,25.6,73.3,1016.9,6.3,0.0,4.4
2024-11-04 09:00:00,27.6,71.6,1015.7,5.5,0.0,6.3
2024-11-04 10:00:00,27.8,68.2,1018.1,12.5,0.0,8.0
2024-11-04 11:00:00,30.1,68.8,1016.5,11.1,0.0,9.9
2024-11-04 12:00:00,29.7,64.6,1015.1,14.5,0.0,9.9
2024-11-04 13:00:00,29.6,63.2,1012.2,14.7,0.0,10.5
2024-11-04 14:00:00,28.1,63.0,1015.7,6.4,0.0,10.5
2024-11-04 15:00:00,26.8,57.5,1012.4,17.4,0.0,9.5
2024-11-04 16:00:00,24.5,60.4,1015.9,15.6,0.0,8.4
2024-11-04 17:00:00,23.2,62.7,1016.8,24.6,0.0,6.1
2024-11-04 18:00:00,21.9,61.1,1014.9,26.8,0.0,4.8
2024-11-04 19:00:00,20.1,65.0,1017.9,19.1,0.0,2.1
2024-11-04 20:00:00,18.5,65.9,1014.7,15.1,0.0,0.2
2024-11-04 21:00:00,16.1,67.1,1016.0,17.2,0.0,0.0
2024-11-04 22:00:00,14.8,70.3,1014.4,31.6,0.0,0.0
2024-11-04 23:00:00,15.3,71.9,1014.6,15.9,0.0,0.0
05/11/2024 00:00,13.4,72.6,1015.6,10.7,0.0,0.0
2024-11-05 01:00:00,14.9,71.5,1016.6,22.3,0.0,0.0
2024-11-05 02:00:00,15.2,73.6,1014.6,10.2,0.0,0.0
2024-11-05 03:00:00,16.4,78.1,1014.4,19.0,0.0,0.0
2024-11-05 04:00:00,18.7,72.7,1017.0,11.0,0.0,0.0
2024-11-05 05:00:00,21.3,75.0,1019.3,11.2,0.0,0.0
2024-11-05 06:00:00,22.5,73.3,1014.8,5.4,0.0,0
2024-11-05 07:00:00,24.4,73.9,1016.7,8.9,0.0,2.2
2024-11-05 08:00:00,26.1,72.0,1017.3,5.5,0.0,4.6
2024-11-05 09:00:00,27.4,71.3,1016.0,8.2,0.0,6.7
2024-11-05 10:00:00,27.4,71.7,1017.0,6.0,0.0,8.5
2024-11-05 11:00:00,28.7,64.3,1016.3,12.0,0.0,9.4
2024-11-05 12:00:00,29.7,66.0,1016.0,13.0,0.0,10.4
2024-11-05 13:00:00,29.9,66.4,1017.7,10.0,0.0,10.5
2024-11-05 14:00:00,29.1,59.5,1016.0,18.2,0.0,10.0
2024-11-05 15:00:00,26.7,58.5,1015.6,13.5,0.0,9.4
2024-11-05 16:00:00,25.0,59.4,1017.0,30.9,0.0,8.3
2024-11-05 17:00:00,23.6,60.9,1014.1,15.8,0.0,6.5
2024-11-05 18:00:00,22.3,60.0,1016.4,20.9,0.0,4.1
05/11/2024 19:00,19.9,60.9,1014.3,22.7,0.0,2.1
2024-11-05 20:00:00,,61.0,1015.9,12.8,0.0,0.1
05/11/2024 21:00,17.3,65.4,1015.3,9.3,0.0,0.0
2024-11-05 22:00:00,15.2,67.8,1015.7,18.5,0.0,0.0
2024-11-05 23:00:00,14.3,69.4,1016.6,18.1,0.0,0.0
2024-11-06 00:00:00,14.9,74.5,1017.0,14.8,0.0,0.0
2024-11-06 01:00:00,15.2,72.6,1016.8,19.9,0.0,0.0
2024-11-06 02:00:00,16.5,75.3,1012.8,7.6,0.0,0.0
2024-11-06 03:00:00,17.1,74.6,1018.2,9.3,0.0,0.0
2024-11-06 04:00:00,18.8,73.1,1016.2,9.8,0.0,0.0
2024-11-06 05:00:00,20.0,74.8,1016.0,12.0,0.0,0.0
2024-11-06 06:00:00,22.2,73.6,1016.8,10.9,0.0,0.0
2024-11-06 07:00:00,24.0,73.9,1016.7,8.5,0.0,1.9
2024-11-06 08:00:00,26.1,74.1,1015.9,10.3,0.0,4.4
2024-11-06 09:00:00,26.4,69.3,1014.1,9.8,0.0,6.6
2024-11-06 10:00:00,28.1,64.0,1014.6,7.5,0.0,8.2
2024-11-06 11:00:00,30.0,65.1,1017.5,12.4,0.0,9.1
2024-11-06 12:00:00,30.6,63.9,1018.1,12.0,0.0,10.1
2024-11-06 13:00:00,29.6,63.1,1015.2,4.8,0.0,10.4
2024-11-06 14:00:00,29.3,64.8,1017.5,12.6,0.0,10.3
2024-11-06 15:00:00,,57.7,1020.4,10.4,0.0,9.7
2024-11-06 16:00:00,25.9,58.8,1015.7,25.4,0.0,8.1
2024-11-06 17:00:00,23.4,59.3,1015.1,16.3,0.0,7.0
2024-11-06 18:00:00,22.0,62.0,1015.3,15.3,0.0,4.6
2024-11-06 19:00:00,20.4,63.1,1016.9,29.2,0.0,2.1
2024-11-06 20:00:00,19.3,63.5,1016.5,16.7,0.0,0.4
2024-11-06 21:00:00,17.1,65.9,1014.0,10.0,0.0,0.0
2024-11-06 22:00:00,15.3,68.1,1016.5,13.2,0.0,0.0
2024-11-06 23:00:00,13.4,71.7,1015.1,15.6,0.0,0.0
2024-11-07 00:00:00,14.3,70.7,1016.8,14.6,0.0,0.0
2024-11-07 01:00:00,15.8,73.2,1016.9,20.1,0.0,0.0
2024-11-07 02:00:00,15.0,72.4,1015.2,9.5,0.0,0.0
07/11/2024 03:00,16.8,71.9,1011.7,11.7,0.0,0.0
2024-11-07 04:00:00,18.0,72.9,1014.9,20.2,0.0,0.0
2024-11-07 05:00:00,20.9,75.4,1015.2,9.5,0.0,0.0
2024-11-07 06:00:00,23.8,74.8,1016.8,8.9,0.0,0
2024-11-07 07:00:00,22.5,73.6,1017.2,5.7,0.0,1.8
2024-11-07 08:00:00,27.1,72.2,1016.1,7.0,0.0,4.4
2024-11-07 09:00:00,27.5,72.0,1016.1,9.3,0.0,7.3
2024-11-07 10:00:00,28.1,65.4,1017.7,3.8,0.0,8.0
2024-11-07 11:00:00,29.6,65.6,1016.9,7.0,0.0,9.4
07/11/2024 12:00,29.4,63.5,1017.3,7.4,0.0,10.3
07/11/2024 13:00,30.9,61.2,1015.8,8.5,0.0,10.3
2024-11-07 14:00:00,29.6,60.0,1012.9,10.6,0.0,10.2
2024-11-07 15:00:00,28.5,61.4,1018.2,10.1,0.0,9.6
2024-11-07 16:00:00,26.5,61.6,1017.2,10.9,0.0,8.0
2024-11-07 17:00:00,24.4,59.8,1017.6,8.5,0.0,6.2
2024-11-07 18:00:00,23.3,60.6,1017.2,23.5,2.0,5.0
2024-11-07 19:00:00,19.8,61.4,1017.2,11.4,0.0,2.3
2024-11-07 20:00:00,18.1,65.6,1015.8,16.9,0.0,0
2024-11-07 21:00:00,17.0,66.6,1016.8,11.2,0.0,0.0
2024-11-07 22:00:00,14.9,66.5,1015.6,19.5,0.0,0.0
2024-11-07 23:00:00,15.4,67.8,1015.2,13.8,0.0,0.0
2024-11-08 00:00:00,15.3,71.3,1016.2,11.8,0.0,0.0
2024-11-08 01:00:00,14.9,72.9,1014.7,12.3,0.0,0.0
2024-11-08 02:00:00,15.5,75.3,1012.7,10.7,0.0,0.0
08/11/2024 03:00,16.5,76.5,1016.3,8.1,0.0,0.0
2024-11-08 04:00:00,18.5,73.6,1014.4,10.6,0.0,0.0
2024-11-08 05:00:00,21.0,72.7,1017.4,10.7,0.0,0.0
2024-11-08 06:00:00,21.4,74.0,1017.2,3.4,0.0,0
2024-11-08 07:00:00,26.0,74.4,1017.5,11.4,0.0,2.5
2024-11-08 08:00:00,26.1,71.3,1015.9,10.6,0.0,4.6
2024-11-08 09:00:00,28.7,68.4,1015.7,5.0,0.0,7.2
08/11/2024 10:00,30.0,66.1,1017.0,10.7,0.0,8.2
2024-11-08 11:00:00,30.6,66.1,1016.4,9.6,0.0,9.4
2024-11-08 12:00:00,30.5,61.9,1014.7,9.0,0.0,10.2
2024-11-08 13:00:00,29.7,61.3,1016.4,10.7,0.0,10.9
2024-11-08 14:00:00,29.1,62.0,1017.3,38.6,0.0,10.7
2024-11-08 15:00:00,26.6,60.8,1015.8,14.3,0.0,9.6
2024-11-08 16:00:00,25.8,58.2,1016.7,31.7,0.0,8.0
2024-11-08 17:00:00,24.9,55.2,1015.7,23.6,0.0,6.8
2024-11-08 18:00:00,21.8,60.5,1015.1,18.8,0.0,4.1
2024-11-08 19:00:00,19.4,59.6,1016.7,18.4,0.0,2.7
2024-11-08 20:00:00,18.8,60.5,1016.1,28.5,0.0,0.2
2024-11-08 21:00:00,16.5,67.2,1016.8,22.5,0.0,0.0
2024-11-08 22:00:00,15.3,66.9,1015.1,12.0,0.0,0.0
2024-11-08 23:00:00,16.5,69.0,1012.7,18.1,0.0,0.0
09/11/2024 00:00,14.2,73.4,1017.5,12.2,0.0,0.0
2024-11-09 01:00:00,14.9,70.9,1017.8,12.2,0.0,0.0
2024-11-09 02:00:00,15.3,75.6,1015.6,14.0,0.0,0.0
2024-11-09 03:00:00,16.8,74.4,1016.4,25.5,0.0,0.0
2024-11-09 04:00:00,18.0,74.5,1014.6,9.5,0.0,0.0
2024-11-09 05:00:00,20.2,74.8,1017.8,15.7,0.0,0.0
2024-11-09 06:00:00,22.3,71.7,1015.5,9.1,0.0,0
2024-11-09 07:00:00,23.7,75.4,1015.7,7.6,0.0,2.4
2024-11-09 08:00:00,27.3,71.7,1017.0,14.4,0.0,4.2
2024-11-09 09:00:00,27.9,64.2,1015.0,13.0,0.0,6.1
2024-11-09 10:00:00,30.1,68.2,1015.9,14.4,0.0,8.7
2024-11-09 11:00:00,29.4,62.1,1016.0,16.5,0.0,9.7
2024-11-09 12:00:00,31.3,63.1,1014.0,6.6,0.0,10.4
2024-11-09 13:00:00,29.2,65.6,1015.4,20.3,0.0,10.5
2024-11-09 14:00:00,28.3,60.3,1016.1,8.7,0.0,10.3
2024-11-09 15:00:00,28.9,61.2,1016.0,14.6,0.0,9.7
2024-11-09 16:00:00,28.2,57.1,1015.8,15.8,0.0,7.9
2024-11-09 17:00:00,24.7,58.3,1016.8,13.6,0.0,6.7
2024-11-09 18:00:00,22.8,62.8,1018.7,20.0,0.0,4.6
2024-11-09 19:00:00,20.1,61.9,1020.8,14.5,0.0,2.5
2024-11-09 20:00:00,19.1,64.7,1017.7,36.5,0.0,0
2024-11-09 21:00:00,,66.5,1019.5,26.3,0.0,0.0
2024-11-09 22:00:00,16.4,70.5,1015.4,7.9,0.0,0.0
2024-11-09 23:00:00,15.7,71.0,1017.4,26.5,0.0,0.0
2024-11-10 00:00:00,13.9,70.5,1014.8,22.7,0.0,0.0
2024-11-10 01:00:00,17.3,70.0,1016.6,13.5,0.0,0.0
10/11/2024 02:00,16.8,74.4,1016.0,15.9,0.0,0.0
2024-11-10 03:00:00,16.7,77.4,1018.2,9.1,0.0,0.0
2024-11-10 04:00:00,19.1,73.5,1017.0,8.9,0.0,0.0
2024-11-10 05:00:00,20.5,,1020.3,11.7,0.0,0.0
10/11/2024 06:00,22.3,72.5,1016.4,8.4,0.0,0.1
2024-11-10 07:00:00,24.3,71.6,1014.6,12.5,0.0,3.1
2024-11-10 08:00:00,26.5,68.9,1016.1,6.9,0.0,4.8
10/11/2024 09:00,28.6,67.6,1016.4,5.5,0.0,6.6
2024-11-10 10:00:00,29.4,66.2,1016.2,9.5,0.0,8.2
2024-11-10 11:00:00,29.7,68.5,1016.1,6.4,0.0,9.6
2024-11-10 12:00:00,29.6,64.1,1017.5,8.8,0.0,10.2
2024-11-10 13:00:00,29.5,64.8,1015.2,14.6,0.0,10.7
2024-11-10 14:00:00,29.9,60.8,1017.4,8.5,0.0,10.7
2024-11-10 15:00:00,27.7,57.9,1016.5,6.4,0.0,9.3
2024-11-10 16:00:00,26.4,60.6,1018.3,23.6,0.0,8.3
2024-11-10 17:00:00,25.0,59.9,1016.8,13.8,0.0,6.3
2024-11-10 18:00:00,23.1,60.9,1018.6,12.9,0.0,5.1
2024-11-10 19:00:00,21.0,56.8,1016.4,19.7,0.0,2.2
2024-11-10 20:00:00,19.0,64.3,1015.9,16.5,0.0,0.2
10/11/2024 21:00,17.2,64.8,1012.3,9.8,0.0,0.0
2024-11-10 22:00:00,16.7,69.0,1016.7,14.7,0.0,0.0
2024-11-10 23:00:00,15.4,67.4,1015.9,33.9,0.0,0.0
2024-11-11 00:00:00,15.6,67.3,1016.7,20.1,0.0,0.0
2024-11-11 01:00:00,15.0,73.0,1014.8,19.4,0.0,0.0
2024-11-11 02:00:00,16.3,74.1,1015.3,16.5,0.0,0.0
11/11/2024 03:00,17.4,73.4,1017.1,17.0,0.0,0.0
2024-11-11 04:00:00,0.1,74.3,1014.6,14.2,0.0,0.0
2024-11-11 05:00:00,21.9,73.2,1016.9,11.3,0.0,0.0
2024-11-11 06:00:00,23.7,77.0,1018.2,7.0,0.0,0.1
2024-11-11 07:00:00,6.4,68.3,1015.1,10.0,0.0,2.2
2024-11-11 08:00:00,25.8,75.3,1017.8,6.4,0.0,4.5
2024-11-11 09:00:00,30.0,67.9,1015.4,3.2,0.0,7.0
2024-11-11 10:00:00,30.0,67.8,1016.5,6.7,0.0,8.5
2024-11-11 11:00:00,30.5,62.4,1015.1,6.2,0.0,9.5
2024-11-11 12:00:00,31.1,64.7,1016.7,8.9,0.0,10.8
2024-11-11 13:00:00,31.0,61.5,1018.4,14.2,0.0,10.8
2024-11-11 14:00:00,,62.1,1017.1,12.4,0.0,10.6
2024-11-11 15:00:00,29.0,57.8,1015.6,15.0,0.0,9.2
2024-11-11 16:00:00,25.7,61.3,1016.9,12.0,0.0,8.0
11/11/2024 17:00,25.1,57.4,1014.6,15.0,0.0,7.4
2024-11-11 18:00:00,23.0,57.0,1012.4,15.5,0.0,4.8
2024-11-11 19:00:00,22.2,61.8,1015.1,13.5,0.0,2.1
2024-11-11 20:00:00,18.3,62.7,1012.8,24.2,0.0,0.3
2024-11-11 21:00:00,,62.8,1017.4,16.8,0.0,0.0
2024-11-11 22:00:00,16.9,63.6,1016.6,17.3,0.0,0.0
2024-11-11 23:00:00,15.0,69.3,1015.1,9.1,0.0,0.0
2024-11-12 00:00:00,15.4,69.8,1018.3,13.4,0.0,0.0
2024-11-12 01:00:00,13.7,74.7,1018.0,8.1,0.0,0.0
2024-11-12 02:00:00,17.4,70.5,1014.6,23.3,0.0,0.0
2024-11-12 03:00:00,18.5,74.3,1015.2,12.4,0.0,0.0
2024-11-12 04:00:00,19.7,78.9,1016.4,6.8,0.0,0.0
2024-11-12 05:00:00,21.3,77.1,1020.2,7.7,0.0,0.0
2024-11-12 06:00:00,22.9,74.9,1017.9,5.7,0.0,0.2
2024-11-12 07:00:00,26.0,72.7,1016.8,4.4,0.0,2.0
2024-11-12 08:00:00,26.0,71.8,1013.0,8.3,0.0,4.4
2024-11-12 09:00:00,29.4,65.8,1016.9,4.5,0.0,7.0
2024-11-12 10:00:00,31.9,64.9,1015.5,12.4,0.0,8.8
2024-11-12 11:00:00,31.0,64.5,1016.6,4.9,0.0,9.7
2024-11-12 12:00:00,31.8,62.4,1016.6,9.4,0.0,10.5
2024-11-12 13:00:00,30.4,63.4,1015.6,7.1,0.0,10.7
2024-11-12 14:00:00,29.2,58.4,1014.6,10.4,0.0,11.1
2024-11-12 15:00:00,28.9,59.6,1017.3,13.7,0.0,9.7
2024-11-12 16:00:00,25.7,57.5,1013.5,8.5,0.0,8.6
2024-11-12 17:00:00,24.2,61.8,1016.2,17.9,0.0,6.6
2024-11-12 18:00:00,22.1,61.0,1018.0,13.1,0.0,4.9
2024-11-12 19:00:00,20.6,57.0,1017.2,32.3,0.0,2.7
2024-11-12 20:00:00,18.8,65.1,1016.8,18.6,0.0,0.3
2024-11-12 21:00:00,17.7,67.4,1016.3,20.7,0.0,0.0
2024-11-12 22:00:00,15.9,66.1,1019.8,21.3,0.0,0.0
2024-11-12 23:00:00,16.8,69.6,1014.6,17.7,0.0,0.0
2024-11-13 00:00:00,15.9,71.7,1017.7,14.8,0.0,0.0
2024-11-13 01:00:00,16.2,72.0,1016.9,11.2,0.0,0.0
2024-11-13 02:00:00,17.1,70.4,1016.9,15.4,0.0,0.0
2024-11-13 03:00:00,17.5,73.6,1015.8,7.0,0.0,0.0
2024-11-13 04:00:00,19.1,72.5,1018.9,11.0,0.0,0.0
2024-11-13 05:00:00,20.7,75.9,1017.2,6.7,0.0,0.0
2024-11-13 06:00:00,24.0,71.9,1016.1,12.1,0.0,0
2024-11-13 07:00:00,25.8,71.5,1013.3,12.9,0.0,2.5
2024-11-13 08:00:00,28.0,68.8,1017.5,10.8,0.0,4.9
2024-11-13 09:00:00,29.2,64.8,1016.5,4.7,0.0,6.4
2024-11-13 10:00:00,30.7,66.2,1016.8,10.9,0.0,8.2
2024-11-13 11:00:00,31.2,61.1,1015.2,9.1,0.0,9.6
2024-11-13 12:00:00,32.5,61.7,1018.5,8.8,0.0,10.2
2024-11-13 13:00:00,30.4,58.7,1014.4,12.1,0.0,11.0
2024-11-13 14:00:00,29.5,61.3,1016.1,11.1,0.0,10.3
2024-11-13 15:00:00,27.8,56.9,1016.1,12.8,0.0,10.2
2024-11-13 16:00:00,26.3,57.4,1018.7,22.5,0.0,8.5
2024-11-13 17:00:00,26.1,58.3,1016.8,10.3,0.0,7.0
2024-11-13 18:00:00,23.0,57.6,1013.4,18.6,0.0,5.0
2024-11-13 19:00:00,21.3,62.0,1014.4,17.8,0.0,2.4
2024-11-13 20:00:00,19.4,60.9,1018.4,28.0,0.0,0.0
2024-11-13 21:00:00,17.8,64.4,1019.1,16.3,0.0,0.0
2024-11-13 22:00:00,16.6,68.6,1015.8,18.1,0.0,0.0
2024-11-13 23:00:00,15.5,69.1,1016.2,19.2,0.0,0.0
14/11/2024 00:00,15.6,70.7,1017.9,14.5,0.0,0.0
2024-11-14 01:00:00,15.2,73.6,1015.8,8.1,0.0,0.0
2024-11-14 02:00:00,16.8,72.1,1021.0,9.4,0.0,0.0
2024-11-14 03:00:00,17.5,76.3,1016.4,23.3,0.0,0.0
2024-11-14 04:00:00,20.1,76.3,1015.9,12.4,0.0,0.0
2024-11-14 05:00:00,22.4,73.4,1016.1,10.1,0.0,0.0
2024-11-14 06:00:00,23.9,73.4,1017.5,13.0,0.0,0
2024-11-14 07:00:00,24.8,73.2,1017.8,10.4,0.0,2.0
2024-11-14 08:00:00,26.7,75.0,1016.3,7.0,0.0,4.5
2024-11-14 09:00:00,29.5,70.4,1013.7,9.2,0.0,7.1
2024-11-14 10:00:00,30.6,68.3,1014.9,6.4,0.0,8.7
2024-11-14 11:00:00,31.0,66.6,1015.3,9.8,0.0,9.7
2024-11-14 12:00:00,31.8,61.1,1014.8,12.6,0.0,10.7
2024-11-14 13:00:00,30.8,57.9,1018.7,7.9,0.0,11.1
2024-11-14 14:00:00,29.9,57.7,1017.7,17.1,0.0,10.5
2024-11-14 15:00:00,29.4,60.4,1013.9,13.6,0.0,9.8
2024-11-14 16:00:00,26.9,60.8,1016.2,20.6,0.0,8.7
2024-11-14 17:00:00,25.8,55.8,1015.6,20.0,0.0,7.0
2024-11-14 18:00:00,22.0,59.0,1015.7,18.4,0.0,4.7
2024-11-14 19:00:00,20.7,61.7,1016.6,15.0,0.0,2.4
2024-11-14 20:00:00,19.4,63.9,1016.5,13.8,0.0,0
2024-11-14 21:00:00,18.6,62.6,1013.3,18.9,0.0,0.0
2024-11-14 22:00:00,16.3,70.3,1018.4,14.8,0.0,0.0
2024-11-14 23:00:00,16.4,69.8,1017.5,25.7,0.0,0.0
2024-11-15 00:00:00,15.5,67.6,1018.0,11.5,0.0,0.0
2024-11-15 01:00:00,15.4,72.6,1015.1,14.3,0.0,0.0
15/11/2024 02:00,16.9,76.3,1018.5,13.0,0.0,0.0
2024-11-15 03:00:00,17.6,75.0,1017.3,10.4,0.0,0.0
2024-11-15 04:00:00,19.3,75.7,1019.1,10.2,0.0,0.0
2024-11-15 05:00:00,22.5,71.7,1017.8,10.7,0.0,0.0
2024-11-15 06:00:00,23.6,73.8,1016.9,7.5,0.0,0.0
2024-11-15 07:00:00,24.7,73.6,1018.6,5.6,0.0,2.6
2024-11-15 08:00:00,27.9,69.9,1017.4,6.0,0.0,5.2
2024-11-15 09:00:00,29.8,67.4,1016.6,12.5,0.0,6.8
2024-11-15 10:00:00,31.4,64.6,1018.4,6.0,0.0,8.8
2024-11-15 11:00:00,30.5,64.5,1018.0,10.9,0.0,10.2
2024-11-15 12:00:00,31.5,60.7,1019.1,8.8,0.0,10.8
2024-11-15 13:00:00,30.3,62.9,1018.4,18.4,0.0,11.2
2024-11-15 14:00:00,30.4,61.0,1017.9,7.3,0.0,10.8
2024-11-15 15:00:00,28.5,59.5,1017.6,12.3,0.0,9.8
2024-11-15 16:00:00,28.1,57.7,1016.3,17.3,0.0,8.4
2024-11-15 17:00:00,26.0,60.7,1014.5,13.2,0.0,6.8
2024-11-15 18:00:00,23.8,60.7,1014.8,22.6,0.0,5.0
2024-11-15 19:00:00,22.4,62.0,1016.1,14.5,0.0,2.0
2024-11-15 20:00:00,20.0,62.8,1015.8,14.8,0.0,0
2024-11-15 21:00:00,18.7,61.9,1016.3,25.4,0.0,0.0
2024-11-15 22:00:00,15.0,66.8,1017.9,15.5,0.0,0.0
2024-11-15 23:00:00,16.4,66.7,1017.5,9.2,0.0,0.0
2024-11-16 00:00:00,16.9,72.5,1013.8,12.4,0.0,0.0
2024-11-16 01:00:00,15.3,71.0,1015.6,7.7,0.0,0.0
2024-11-16 02:00:00,15.8,76.8,1016.4,6.7,0.0,0.0
2024-11-16 03:00:00,18.8,76.2,1016.8,10.3,0.0,0.0
2024-11-16 04:00:00,20.1,76.9,1017.5,7.3,0.0,0.0
2024-11-16 05:00:00,22.4,71.7,1014.9,,0.0,0.0
2024-11-16 06:00:00,23.1,74.6,1017.2,4.1,0.0,0.0
2024-11-16 07:00:00,25.9,70.0,1015.9,5.7,0.0,2.5
2024-11-16 08:00:00,27.1,71.1,1016.6,11.5,0.0,4.8
2024-11-16 09:00:00,30.1,68.3,1017.2,6.6,0.0,6.8
2024-11-16 10:00:00,32.5,66.3,1016.4,9.9,0.0,8.8
2024-11-16 11:00:00,31.4,64.4,1017.1,3.5,0.0,10.2
2024-11-16 12:00:00,32.4,60.6,1016.7,7.5,0.0,11.1
2024-11-16 13:00:00,31.3,60.0,1015.3,9.4,0.0,11.3
2024-11-16 14:00:00,30.3,59.6,1017.8,8.0,0.0,11.4
2024-11-16 15:00:00,29.7,59.0,1016.7,9.8,0.0,10.3
2024-11-16 16:00:00,27.9,58.6,1019.8,16.2,0.0,9.0
2024-11-16 17:00:00,25.8,55.7,1015.0,13.1,0.0,6.8
2024-11-16 18:00:00,25.1,56.0,1016.4,27.7,0.0,4.7
2024-11-16 19:00:00,21.8,57.4,1015.7,13.8,0.0,2.5
2024-11-16 20:00:00,20.4,61.9,1014.7,22.8,0.0,0
2024-11-16 21:00:00,18.4,65.5,1014.3,13.7,0.0,0.0
2024-11-16 22:00:00,17.3,66.3,1015.8,13.2,0.0,0.0
2024-11-16 23:00:00,16.2,68.5,1017.1,12.0,0.0,0.0
2024-11-17 00:00:00,15.1,71.8,1015.1,14.9,0.0,0.0
17/11/2024 01:00,16.7,71.6,1019.1,11.8,0.0,0.0
2024-11-17 02:00:00,16.8,,1014.9,9.2,0.0,0.0
2024-11-17 03:00:00,17.1,72.3,1016.5,9.3,0.0,0.0
2024-11-17 04:00:00,19.3,73.7,1014.9,7.8,0.0,0.0
2024-11-17 05:00:00,22.1,72.8,1016.0,16.5,0.0,0.0
2024-11-17 06:00:00,23.6,72.0,1017.0,8.4,0.0,0
2024-11-17 07:00:00,26.1,76.2,1017.0,13.2,0.0,2.5
2024-11-17 08:00:00,28.1,69.9,1016.1,4.4,0.0,4.7
2024-11-17 09:00:00,30.1,70.2,1017.2,10.5,0.0,6.7
2024-11-17 10:00:00,30.7,64.9,1019.1,8.6,0.0,8.6
2024-11-17 11:00:00,32.5,64.7,1016.6,10.0,0.0,10.1
2024-11-17 12:00:00,32.7,59.5,1015.0,5.2,0.0,10.8
2024-11-17 13:00:00,31.2,61.3,1012.5,12.0,0.0,11.3
2024-11-17 14:00:00,31.4,59.7,1016.2,14.4,0.0,10.5
2024-11-17 15:00:00,29.8,55.0,1013.7,7.2,0.0,10.1
2024-11-17 16:00:00,29.2,59.9,1015.7,11.5,0.0,9.0
2024-11-17 17:00:00,26.5,58.8,1017.8,34.5,0.0,7.3
2024-11-17 18:00:00,23.5,58.9,1017.5,16.5,0.0,4.7
2024-11-17 19:00:00,21.3,63.1,1016.2,13.2,0.0,2.2
2024-11-17 20:00:00,19.5,63.9,1016.4,29.1,0.0,0
2024-11-17 21:00:00,17.3,63.1,1017.9,16.6,0.0,0.0
2024-11-17 22:00:00,17.9,66.4,1017.1,35.9,0.0,0.0
2024-11-17 23:00:00,16.2,68.5,1016.7,8.8,0.0,0.0
2024-11-18 00:00:00,15.8,69.2,1016.9,12.1,0.0,0.0
2024-11-18 01:00:00,16.0,73.0,1017.6,7.3,0.0,0.0
2024-11-18 02:00:00,17.0,70.9,1015.9,24.3,0.0,0.0
2024-11-18 03:00:00,18.5,72.9,1017.7,10.9,0.0,0.0
2024-11-18 04:00:00,20.5,74.4,1016.8,5.0,0.0,0.0
2024-11-18 05:00:00,22.7,73.9,1016.6,9.3,0.0,0.0
2024-11-18 06:00:00,24.4,70.3,1018.1,8.8,0.0,0
2024-11-18 07:00:00,26.4,71.6,1017.4,7.7,0.0,2.3
2024-11-18 08:00:00,28.5,71.9,1016.7,4.7,0.0,5.1
2024-11-18 09:00:00,30.4,69.2,1017.4,11.0,0.0,7.1
2024-11-18 10:00:00,30.9,105,1019.8,10.1,0.0,8.6
2024-11-18 11:00:00,30.7,65.3,1013.3,8.2,0.0,10.3
2024-11-18 12:00:00,32.6,59.9,1017.2,13.8,0.0,10.9
2024-11-18 13:00:00,31.3,61.0,1017.9,8.7,0.0,11.2
2024-11-18 14:00:00,31.8,58.9,1016.2,8.7,0.0,10.8
2024-11-18 15:00:00,30.5,57.2,1019.3,13.8,0.0,10.2
2024-11-18 16:00:00,27.9,56.1,1017.6,18.6,0.0,8.7
2024-11-18 17:00:00,25.9,59.8,,18.6,0.0,6.9
2024-11-18 18:00:00,25.5,57.4,1016.0,14.3,0.0,5.2
2024-11-18 19:00:00,20.5,59.3,1018.9,26.0,0.0,2.7
2024-11-18 20:00:00,19.0,62.2,1014.1,26.1,0.0,0.0
18/11/2024 21:00,18.4,66.4,1016.2,24.5,0.0,0.0
2024-11-18 22:00:00,17.1,65.5,1018.7,11.0,0.0,0.0
2024-11-18 23:00:00,15.6,69.5,1016.0,12.7,0.0,0.0
2024-11-19 00:00:00,16.7,64.7,1015.2,20.1,0.0,0.0
2024-11-19 01:00:00,17.1,71.5,1019.1,11.3,0.0,0.0
2024-11-19 02:00:00,16.5,71.1,1017.7,24.1,0.0,0.0
2024-11-19 03:00:00,18.0,75.5,1017.1,13.4,0.0,0.0
2024-11-19 04:00:00,20.6,73.0,1018.0,10.9,0.0,0.0
2024-11-19 05:00:00,21.6,74.8,1017.3,15.2,0.0,0.0
2024-11-19 06:00:00,24.1,72.1,1016.4,5.8,0.0,0
2024-11-19 07:00:00,26.4,72.2,1018.1,6.3,0.0,2.5
2024-11-19 08:00:00,28.4,68.2,1016.3,13.9,0.0,4.6
2024-11-19 09:00:00,31.1,67.9,1016.4,8.2,0.0,7.0
2024-11-19 10:00:00,30.7,66.5,1016.5,11.8,0.0,9.0
2024-11-19 11:00:00,32.9,63.8,1016.8,7.2,0.0,10.0
2024-11-19 12:00:00,31.3,61.4,1015.4,7.0,0.0,10.2
2024-11-19 13:00:00,31.7,60.7,1017.4,6.9,0.0,11.5
2024-11-19 14:00:00,30.7,61.8,1017.1,9.6,0.0,10.6
2024-11-19 15:00:00,29.6,59.1,1017.2,20.4,0.0,10.1
2024-11-19 16:00:00,27.9,58.5,1018.8,16.9,0.0,8.7
2024-11-19 17:00:00,26.8,55.5,1016.0,13.8,0.0,6.9
2024-11-19 18:00:00,24.0,55.6,1016.8,20.1,0.0,4.5
2024-11-19 19:00:00,22.5,59.6,1016.6,20.2,0.0,2.8
2024-11-19 20:00:00,20.4,61.7,1014.5,15.2,0.0,0.2
2024-11-19 21:00:00,19.2,63.5,1017.3,14.9,0.0,0.0
2024-11-19 22:00:00,17.6,64.4,1016.5,24.3,0.0,0.0
2024-11-19 23:00:00,16.8,64.7,1016.1,14.4,0.0,0.0
2024-11-20 00:00:00,15.5,68.9,1011.8,29.7,0.0,0.0
2024-11-20 01:00:00,17.1,68.8,1016.8,18.1,0.0,0.0
2024-11-20 02:00:00,18.0,74.1,1016.4,9.5,0.0,0.0
2024-11-20 03:00:00,19.3,72.7,1018.0,23.1,0.0,0.0
2024-11-20 04:00:00,19.4,74.1,1017.2,14.2,0.0,0.0
2024-11-20 05:00:00,23.6,71.0,1016.7,8.5,0.0,0.0
2024-11-20 06:00:00,25.6,71.6,1020.1,9.8,0.0,0.4
2024-11-20 07:00:00,26.6,75.5,1017.2,7.7,0.0,2.4
2024-11-20 08:00:00,28.6,68.7,1017.5,4.0,0.0,5.0
2024-11-20 09:00:00,30.2,67.8,1017.7,5.1,0.0,6.8
2024-11-20 10:00:00,32.2,64.3,1018.5,10.1,0.0,9.1
2024-11-20 11:00:00,31.9,65.8,1017.1,7.7,0.0,10.3
2024-11-20 12:00:00,30.2,64.1,1015.7,6.5,0.0,11.7
2024-11-20 13:00:00,30.8,59.6,1016.9,8.9,0.0,11.4
2024-11-20 14:00:00,30.9,59.4,1015.8,14.1,0.0,10.7
2024-11-20 15:00:00,29.4,57.4,1016.2,16.5,0.0,10.3
2024-11-20 16:00:00,27.6,55.7,1016.9,14.4,0.0,9.2
2024-11-20 17:00:00,26.8,54.6,1014.8,,0.0,7.1
2024-11-20 18:00:00,25.3,55.7,1016.7,8.0,0.0,4.9
2024-11-20 19:00:00,22.7,60.7,1016.9,32.0,0.0,2.5
2024-11-20 20:00:00,20.0,64.4,1017.1,14.5,0.0,0
2024-11-20 21:00:00,18.4,63.0,1017.5,17.5,0.0,0.0
2024-11-20 22:00:00,18.8,64.7,1014.6,14.7,0.0,0.0
2024-11-20 23:00:00,16.8,65.2,1016.5,12.5,0.0,0.0
2024-11-21 00:00:00,16.5,69.9,1017.4,15.7,0.0,0.0
2024-11-21 01:00:00,15.6,71.1,1017.4,11.7,0.0,0.0
2024-11-21 02:00:00,16.7,69.6,1017.3,18.4,0.0,0.0
2024-11-21 03:00:00,18.9,74.2,1016.0,7.0,0.0,0.0
2024-11-21 04:00:00,20.2,73.4,1020.5,12.8,0.0,0.0
2024-11-21 05:00:00,22.9,74.5,1016.1,7.0,0.0,0.0
2024-11-21 06:00:00,24.1,70.5,1016.7,16.4,0.0,0
2024-11-21 07:00:00,26.8,71.9,1016.0,9.6,0.0,2.5
2024-11-21 08:00:00,28.8,69.3,1016.2,4.1,0.0,5.5
2024-11-21 09:00:00,30.5,68.0,1017.8,12.7,0.0,7.0
2024-11-21 10:00:00,31.1,65.4,1016.0,8.5,0.0,8.9
2024-11-21 11:00:00,31.5,63.1,1018.4,13.0,0.0,10.4
2024-11-21 12:00:00,32.1,66.3,1018.3,10.4,0.0,11.6
2024-11-21 13:00:00,32.0,62.2,1016.9,12.0,0.0,11.5
2024-11-21 14:00:00,31.3,59.7,1015.9,16.3,0.0,11.0
2024-11-21 15:00:00,30.5,60.1,1015.5,7.7,0.0,10.3
2024-11-21 16:00:00,26.8,59.2,1017.3,19.3,0.0,9.0
2024-11-21 17:00:00,25.4,57.6,1013.6,22.5,0.0,7.3
2024-11-21 18:00:00,25.5,57.1,1020.0,17.7,0.0,4.8
2024-11-21 19:00:00,22.4,60.2,1017.5,9.6,0.0,2.7
2024-11-21 20:00:00,21.4,64.5,1015.9,10.2,0.0,0.1
2024-11-21 21:00:00,20.0,62.4,1016.8,16.6,0.0,0.0
2024-11-21 22:00:00,16.0,68.4,1015.9,9.3,0.0,0.0
2024-11-21 23:00:00,17.7,67.6,1017.7,8.1,0.0,0.0
2024-11-22 00:00:00,17.0,66.1,1018.4,10.2,0.0,0.0
2024-11-22 01:00:00,16.3,69.7,1016.1,11.9,0.0,0.0
2024-11-22 02:00:00,17.1,75.9,1015.9,10.5,0.0,0.0
2024-11-22 03:00:00,19.8,72.0,1017.9,11.1,0.0,0.0
2024-11-22 04:00:00,,74.1,1018.0,10.4,0.0,0.0
2024-11-22 05:00:00,22.7,73.1,1016.8,10.7,0.0,0.0
2024-11-22 06:00:00,25.6,70.9,1014.2,5.0,0.0,0.1
2024-11-22 07:00:00,26.3,72.5,1012.9,10.4,0.0,2.2
2024-11-22 08:00:00,28.4,69.9,1016.1,13.1,0.0,4.8
2024-11-22 09:00:00,29.8,70.5,1015.7,4.9,0.0,6.8
2024-11-22 10:00:00,33.0,66.6,1018.2,8.8,0.0,9.3
2024-11-22 11:00:00,31.5,62.1,1017.0,6.7,0.0,9.8
22/11/2024 12:00,33.9,60.0,1016.2,8.0,0.0,11.1
2024-11-22 13:00:00,32.1,56.0,1013.3,12.8,0.0,11.1
2024-11-22 14:00:00,31.0,57.2,1018.1,14.7,0.0,11.4
2024-11-22 15:00:00,31.0,56.0,1015.0,14.0,0.0,10.7
2024-11-22 16:00:00,28.1,55.9,1018.6,18.2,0.0,8.5
2024-11-22 17:00:00,26.9,58.1,1017.2,13.5,0.0,6.8
2024-11-22 18:00:00,24.8,59.6,1018.3,9.1,0.0,5.1
22/11/2024 19:00,22.6,58.8,1016.1,11.4,0.0,2.7
2024-11-22 20:00:00,20.5,60.3,1019.2,18.0,0.0,0.2
2024-11-22 21:00:00,19.5,62.0,1017.5,20.4,0.0,0.0
2024-11-22 22:00:00,17.5,65.1,1015.6,15.7,0.0,0.0
2024-11-22 23:00:00,18.1,65.9,1015.9,9.4,0.0,0.0
2024-11-23 00:00:00,17.7,67.3,1019.2,7.2,0.0,0.0
2024-11-23 01:00:00,18.3,70.0,1017.8,9.6,0.0,0.0
23/11/2024 02:00,17.0,74.3,1017.0,8.7,0.0,0.0
2024-11-23 03:00:00,18.8,74.1,1017.3,12.5,0.0,0.0
2024-11-23 04:00:00,20.4,74.0,1016.8,6.8,0.0,0.0
2024-11-23 05:00:00,23.6,75.2,1018.2,9.7,0.0,0.0
2024-11-23 06:00:00,24.9,70.9,1015.7,9.3,0.0,0.1
2024-11-23 07:00:00,27.1,73.5,1017.5,5.5,0.0,2.9
2024-11-23 08:00:00,28.4,71.0,1015.7,6.0,0.0,4.5
2024-11-23 09:00:00,30.0,70.2,1019.2,10.2,0.0,7.3
2024-11-23 10:00:00,31.4,63.4,1015.4,4.4,0.0,9.3
2024-11-23 11:00:00,33.0,61.2,1018.4,11.4,0.0,10.2
2024-11-23 12:00:00,33.5,58.2,1018.1,6.3,0.0,11.4
2024-11-23 13:00:00,32.8,61.2,1015.2,12.6,0.0,11.4
2024-11-23 14:00:00,32.0,56.3,1017.9,12.1,0.0,11.3
2024-11-23 15:00:00,31.0,61.6,1017.5,11.2,0.0,10.9
2024-11-23 16:00:00,29.1,56.1,1016.5,13.4,0.0,9.4
2024-11-23 17:00:00,27.0,59.1,1018.3,13.7,0.0,6.8
2024-11-23 18:00:00,25.0,56.2,1014.7,26.4,0.0,5.5
2024-11-23 19:00:00,22.6,58.6,1017.2,22.8,0.0,2.3
2024-11-23 20:00:00,22.2,62.2,1015.5,28.0,0.0,0
2024-11-23 21:00:00,18.7,62.3,1015.8,10.9,0.0,0.0
2024-11-23 22:00:00,18.3,65.7,1017.0,26.2,0.0,0.0
2024-11-23 23:00:00,17.0,66.3,1017.3,11.0,0.0,0.0
2024-11-24 00:00:00,18.2,70.8,1018.3,14.3,0.0,0.0
2024-11-24 01:00:00,17.2,73.7,1017.6,12.1,0.0,0.0
2024-11-24 02:00:00,17.9,73.3,1019.4,12.5,0.0,0.0
2024-11-24 03:00:00,19.2,71.2,1014.4,10.9,0.0,0.0
2024-11-24 04:00:00,20.8,74.9,1015.0,6.3,0.0,0.0
2024-11-24 05:00:00,21.7,72.6,1017.6,15.7,0.0,0.0
2024-11-24 06:00:00,24.7,71.9,1019.3,7.9,0.0,0.4
2024-11-24 07:00:00,27.7,73.1,1016.5,7.9,0.0,2.8
2024-11-24 08:00:00,28.4,65.9,1015.9,7.0,0.0,4.9
2024-11-24 09:00:00,31.1,66.4,1017.7,6.5,0.0,7.0
2024-11-24 10:00:00,32.1,66.8,1017.9,9.7,0.0,9.5
2024-11-24 11:00:00,34.0,62.0,1019.1,7.2,0.0,9.9
2024-11-24 12:00:00,33.3,60.8,1015.5,9.1,0.0,10.9
2024-11-24 13:00:00,31.6,60.5,1015.3,22.0,0.0,11.5
2024-11-24 14:00:00,33.4,56.0,1017.3,17.2,0.0,11.0
2024-11-24 15:00:00,30.7,56.8,1018.7,10.2,0.0,10.1
2024-11-24 16:00:00,27.5,57.3,1019.8,16.8,0.0,8.9
2024-11-24 17:00:00,27.9,59.0,1017.8,19.2,0.0,7.3
2024-11-24 18:00:00,25.8,110,1017.6,28.5,0.0,5.1
2024-11-24 19:00:00,23.3,59.7,1016.0,12.9,0.0,2.7
2024-11-24 20:00:00,22.1,60.2,1018.8,12.2,0.0,0
2024-11-24 21:00:00,18.9,65.6,1014.4,16.3,0.0,0.0
2024-11-24 22:00:00,17.2,65.3,1016.4,19.8,0.0,0.0
2024-11-24 23:00:00,17.4,65.7,1017.9,7.8,0.0,0.0
2024-11-25 00:00:00,16.6,68.5,1016.7,9.7,0.0,0.0
2024-11-25 01:00:00,17.6,70.9,1014.5,10.8,0.0,0.0
2024-11-25 02:00:00,18.3,72.9,1017.1,12.4,0.0,0.0
2024-11-25 03:00:00,19.1,71.0,1014.8,7.9,0.0,0.0
2024-11-25 04:00:00,49.6,73.9,1014.8,9.4,0.0,0.0
2024-11-25 05:00:00,24.2,75.5,1016.4,7.5,0.0,0.0
2024-11-25 06:00:00,24.3,71.4,1018.6,6.2,0.0,0
2024-11-25 07:00:00,28.5,69.0,1017.6,6.7,0.0,2.6
2024-11-25 08:00:00,28.8,67.1,1015.9,8.3,0.0,5.7
2024-11-25 09:00:00,32.3,68.2,1018.0,7.2,0.0,7.2
2024-11-25 10:00:00,,60.9,1017.6,10.6,0.0,8.8
2024-11-25 11:00:00,33.5,62.2,1018.6,10.6,0.0,11.0
2024-11-25 12:00:00,33.9,60.5,1016.7,11.0,0.0,11.4
2024-11-25 13:00:00,33.1,57.2,1015.4,8.8,0.0,11.9
2024-11-25 14:00:00,32.3,59.5,1016.2,12.3,0.0,11.3
2024-11-25 15:00:00,31.7,57.1,1017.2,15.0,0.0,10.7
2024-11-25 16:00:00,29.3,51.8,1017.6,11.8,0.0,9.0
2024-11-25 17:00:00,27.7,57.6,1019.0,12.3,0.0,7.4
2024-11-25 18:00:00,25.8,58.4,1013.6,21.1,0.0,5.1
2024-11-25 19:00:00,23.1,58.9,1019.5,23.1,0.0,2.8
2024-11-25 20:00:00,20.9,61.4,1017.8,16.8,0.0,0.3
2024-11-25 21:00:00,19.4,64.4,1014.1,13.4,0.0,0.0
2024-11-25 22:00:00,17.0,65.0,1016.7,30.9,0.0,0.0
2024-11-25 23:00:00,17.7,62.7,1016.4,20.4,0.0,0.0
26/11/2024 00:00,17.7,69.0,1014.9,12.2,0.0,0.0
2024-11-26 01:00:00,17.5,70.9,1016.2,10.1,0.0,0.0
2024-11-26 02:00:00,16.6,72.2,1015.2,22.1,0.0,0.0
2024-11-26 03:00:00,18.7,74.0,1017.8,12.2,0.0,0.0
2024-11-26 04:00:00,21.3,74.2,1015.2,12.3,0.0,0.0
2024-11-26 05:00:00,23.7,70.8,1016.9,10.4,0.0,0.0
2024-11-26 06:00:00,26.1,69.3,1017.0,10.9,0.0,0
2024-11-26 07:00:00,27.2,69.2,1015.4,9.8,0.0,2.5
2024-11-26 08:00:00,29.2,69.0,1013.7,9.1,0.0,5.2
2024-11-26 09:00:00,29.9,65.6,1019.1,7.5,0.0,7.4
2024-11-26 10:00:00,32.4,68.6,1016.8,10.6,0.0,9.0
2024-11-26 11:00:00,33.4,58.4,1015.9,8.6,0.0,10.1
2024-11-26 12:00:00,33.3,57.2,1017.6,8.4,0.0,11.2
2024-11-26 13:00:00,32.4,59.5,1014.1,10.9,0.0,11.3
2024-11-26 14:00:00,33.4,55.3,1017.1,20.7,0.0,11.7
2024-11-26 15:00:00,31.7,59.3,1018.3,7.5,0.0,10.3
2024-11-26 16:00:00,28.7,57.7,1017.6,36.9,0.0,9.7
2024-11-26 17:00:00,27.9,54.4,1017.7,10.4,0.0,7.0
2024-11-26 18:00:00,23.5,57.8,1016.4,16.1,0.0,5.4
2024-11-26 19:00:00,23.8,57.8,1014.6,14.0,0.0,2.5
2024-11-26 20:00:00,20.6,62.5,1016.3,17.1,0.0,0
2024-11-26 21:00:00,20.2,62.6,1017.3,29.3,0.0,0.0
26/11/2024 22:00,19.1,64.4,1019.3,14.2,0.0,0.0
26/11/2024 23:00,17.2,67.3,1016.4,18.6,0.0,0.0
2024-11-27 00:00:00,18.0,70.6,1017.5,14.9,0.0,0.0
2024-11-27 01:00:00,17.7,69.0,1015.7,11.0,0.0,0.0
2024-11-27 02:00:00,17.9,73.3,1015.4,5.2,0.0,0.0
2024-11-27 03:00:00,20.0,71.9,1016.4,11.2,0.0,0.0
2024-11-27 04:00:00,21.9,73.3,1020.2,9.3,0.0,0.0
2024-11-27 05:00:00,23.1,72.6,1017.8,11.9,0.0,0.0
2024-11-27 06:00:00,26.2,73.8,1018.1,11.8,0.0,0
2024-11-27 07:00:00,26.9,70.0,,14.8,0.0,2.8
2024-11-27 08:00:00,30.2,66.0,1017.0,11.4,0.0,5.2
2024-11-27 09:00:00,31.5,68.8,1017.4,12.3,0.0,7.1
2024-11-27 10:00:00,33.5,66.9,1014.3,9.9,0.0,9.0
2024-11-27 11:00:00,33.3,61.0,1017.0,13.1,0.0,11.0
2024-11-27 12:00:00,33.5,61.1,1017.7,15.7,0.0,11.7
2024-11-27 13:00:00,34.0,59.5,1015.2,13.8,0.0,11.9
2024-11-27 14:00:00,32.2,56.4,1018.2,9.3,0.0,11.5
2024-11-27 15:00:00,31.3,59.0,1016.0,10.8,0.0,10.2
2024-11-27 16:00:00,29.1,60.9,1018.3,14.0,0.0,8.6
2024-11-27 17:00:00,28.2,54.3,1017.1,19.6,0.0,7.0
2024-11-27 18:00:00,25.6,57.5,1018.8,24.7,0.0,4.8
2024-11-27 19:00:00,22.8,59.0,1020.1,19.1,0.0,2.7
2024-11-27 20:00:00,21.3,61.2,1018.4,14.9,0.0,0
2024-11-27 21:00:00,18.8,63.3,1018.7,11.3,0.0,0.0
2024-11-27 22:00:00,17.8,62.6,1014.2,24.3,0.0,0.0
2024-11-27 23:00:00,17.1,66.9,1018.2,13.9,2.8,0.0
2024-11-28 00:00:00,16.7,68.9,1018.6,10.3,0.0,0.0
2024-11-28 01:00:00,16.9,69.1,1020.8,8.3,0.0,0.0
2024-11-28 02:00:00,18.7,69.9,1016.3,13.4,0.0,0.0
2024-11-28 03:00:00,18.8,73.8,1016.2,12.9,0.0,0.0
2024-11-28 04:00:00,21.9,69.9,1017.4,11.3,0.0,0.0
2024-11-28 05:00:00,23.1,74.8,1017.7,9.8,0.0,0.0
2024-11-28 06:00:00,26.5,69.0,1018.2,10.1,0.0,0
2024-11-28 07:00:00,28.2,68.9,1016.5,13.3,0.0,2.4
2024-11-28 08:00:00,30.2,68.0,1016.2,13.5,0.0,5.3
2024-11-28 09:00:00,32.2,67.6,1017.9,6.8,0.0,7.7
2024-11-28 10:00:00,33.1,64.8,1017.5,7.5,0.0,8.6
2024-11-28 11:00:00,34.4,61.9,1015.9,16.2,0.0,10.8
2024-11-28 12:00:00,34.3,61.6,1016.8,12.1,0.0,11.8
2024-11-28 13:00:00,33.7,57.8,1020.6,8.9,0.0,11.7
2024-11-28 14:00:00,34.1,53.3,1017.0,12.0,0.0,11.8
2024-11-28 15:00:00,31.4,55.6,1017.8,27.8,0.0,10.8
28/11/2024 16:00,30.9,55.7,1018.5,11.9,0.0,9.6
2024-11-28 17:00:00,28.5,54.9,1016.4,17.1,0.0,7.7
2024-11-28 18:00:00,24.7,58.9,1021.4,21.1,0.0,5.3
2024-11-28 19:00:00,23.7,59.0,1014.6,12.4,0.0,2.9
2024-11-28 20:00:00,20.7,60.8,1016.7,20.6,0.0,0
2024-11-28 21:00:00,20.5,62.6,1018.6,8.8,0.0,0.0
2024-11-28 22:00:00,17.9,65.3,1016.4,12.3,0.0,0.0
2024-11-28 23:00:00,18.4,65.1,1015.3,21.8,5.9,0.0
2024-11-29 00:00:00,16.8,67.4,1018.1,14.7,0.0,0.0
2024-11-29 01:00:00,17.4,67.5,1015.7,13.4,0.0,0.0
2024-11-29 02:00:00,16.9,69.8,1018.3,13.7,0.0,0.0
29/11/2024 03:00,20.1,73.9,1015.8,7.3,0.0,0.0
2024-11-29 04:00:00,22.0,72.6,1016.7,15.8,0.0,0.0
2024-11-29 05:00:00,23.2,74.6,1016.4,12.8,0.0,0.0
2024-11-29 06:00:00,25.9,71.2,1019.3,7.1,0.0,0.2
2024-11-29 07:00:00,26.8,70.7,1017.0,14.3,0.0,2.2
2024-11-29 08:00:00,29.6,67.8,1020.1,5.1,0.0,5.3
2024-11-29 09:00:00,32.9,67.3,1018.5,8.1,0.0,7.2
2024-11-29 10:00:00,33.0,65.6,1018.1,5.1,0.0,9.2
2024-11-29 11:00:00,34.1,62.5,1018.3,9.5,0.0,10.6
2024-11-29 12:00:00,34.6,61.6,1017.4,10.7,0.0,11.5
2024-11-29 13:00:00,33.0,60.0,1016.0,10.9,0.0,11.9
2024-11-29 14:00:00,31.9,58.6,1016.9,22.4,0.0,11.4
2024-11-29 15:00:00,31.5,59.5,1015.7,17.6,0.0,10.0
2024-11-29 16:00:00,29.7,59.9,1015.1,11.1,0.0,9.5
2024-11-29 17:00:00,27.9,55.0,1016.7,25.9,0.0,7.4
2024-11-29 18:00:00,24.1,57.2,1017.4,18.4,0.0,5.2
2024-11-29 19:00:00,24.9,55.7,1016.4,16.2,0.0,3.0
2024-11-29 20:00:00,21.8,58.2,1016.9,24.3,0.0,0
2024-11-29 21:00:00,20.5,65.0,1015.5,19.8,0.0,0.0
2024-11-29 22:00:00,18.7,62.5,1018.1,13.4,0.0,0.0
2024-11-29 23:00:00,17.7,70.7,1017.9,15.8,0.0,0.0
2024-11-30 00:00:00,18.3,70.9,1022.1,9.5,0.0,0.0
2024-11-30 01:00:00,16.6,64.7,1015.9,20.2,2.0,0.0
2024-11-30 02:00:00,18.5,72.3,1017.4,8.6,0.0,0.0
2024-11-30 03:00:00,20.7,73.6,1016.0,20.0,0.0,0.0
2024-11-30 04:00:00,21.0,69.6,1016.2,9.9,0.0,0.0
2024-11-30 05:00:00,24.3,71.1,1019.2,5.2,0.0,0.0
2024-11-30 06:00:00,25.2,71.6,1019.3,8.0,0.0,0
2024-11-30 07:00:00,27.8,69.9,1020.8,11.1,0.0,2.6
30/11/2024 08:00,30.1,68.1,1017.6,9.0,0.0,5.3
2024-11-30 09:00:00,32.1,68.8,1017.0,14.7,0.0,7.8
2024-11-30 10:00:00,32.9,62.0,1019.1,6.2,0.0,9.5
2024-11-30 11:00:00,34.7,62.1,1015.0,15.0,0.0,11.1
2024-11-30 12:00:00,34.6,56.7,1016.0,7.8,0.0,12.0
2024-11-30 13:00:00,35.1,57.2,1017.3,10.3,0.0,11.8
2024-11-30 14:00:00,33.3,55.9,1017.4,11.2,0.0,12.0
2024-11-30 15:00:00,53.1,59.5,1015.8,13.5,0.0,10.9
2024-11-30 16:00:00,30.1,55.4,1015.7,16.5,0.0,9.3
2024-11-30 17:00:00,28.2,57.9,1018.4,17.1,0.0,7.1
2024-11-30 18:00:00,47.6,56.5,1016.2,16.6,0.0,5.2
2024-11-30 19:00:00,23.8,57.6,1017.2,13.5,0.0,2.8
2024-11-30 20:00:00,20.4,63.3,1020.3,27.8,0.0,0
2024-11-30 21:00:00,19.8,62.4,1017.3,24.7,0.0,0.0
2024-11-30 22:00:00,18.9,62.9,1018.2,18.1,0.0,0.0
2024-11-30 23:00:00,17.9,67.4,1014.7,15.2,0.0,0.0
2024-12-01 00:00:00,17.7,67.2,1016.9,14.4,0.0,0.0
2024-12-01 01:00:00,-0.2,69.8,1017.2,16.3,0.0,0.0
2024-12-01 02:00:00,17.9,70.8,1016.7,13.3,0.0,0.0
2024-12-01 03:00:00,19.6,68.9,1017.7,8.1,0.0,0.0
2024-12-01 04:00:00,21.2,72.8,1016.7,12.2,0.0,0.0
2024-12-01 05:00:00,23.5,72.5,1015.3,10.9,0.0,0.0
2024-12-01 06:00:00,26.2,70.5,1016.4,6.0,0.0,0
2024-12-01 07:00:00,27.8,72.9,1019.7,12.7,0.0,2.2
2024-12-01 08:00:00,31.0,64.2,1017.1,7.8,0.0,4.9
2024-12-01 09:00:00,32.4,64.5,1016.6,14.4,0.0,7.6
2024-12-01 10:00:00,33.4,63.0,1015.8,7.1,0.0,9.1
2024-12-01 11:00:00,34.1,63.1,1017.5,9.4,0.0,10.6
2024-12-01 12:00:00,34.6,60.4,1016.0,13.3,0.0,11.8
2024-12-01 13:00:00,34.9,55.9,1017.8,6.5,0.0,12.2
2024-12-01 14:00:00,32.5,56.8,1018.0,12.8,0.0,11.1
2024-12-01 15:00:00,32.3,53.0,1018.5,15.8,0.0,10.5
2024-12-01 16:00:00,30.5,53.8,1019.7,10.6,0.0,9.4
2024-12-01 17:00:00,28.0,62.0,1016.5,10.9,0.0,7.4
2024-12-01 18:00:00,26.6,55.0,1017.8,22.0,0.0,5.2
2024-12-01 19:00:00,23.6,58.5,1017.9,13.1,0.0,2.5
2024-12-01 20:00:00,22.6,57.2,1017.6,17.7,0.0,0
2024-12-01 21:00:00,19.4,60.7,1018.4,10.7,0.0,0.0
2024-12-01 22:00:00,18.2,62.5,1014.7,35.3,0.0,0.0
01/12/2024 23:00,17.7,67.3,1016.8,16.6,0.0,0.0
02/12/2024 00:00,19.1,67.2,1018.4,21.9,0.0,0.0
2024-12-02 01:00:00,18.5,67.0,1019.0,10.3,0.0,0.0
2024-12-02 02:00:00,19.0,68.9,1019.3,15.0,0.0,0.0
02/12/2024 03:00,20.9,72.6,1018.1,13.6,0.0,0.0
2024-12-02 04:00:00,22.4,69.4,1016.4,13.0,0.0,0.0
2024-12-02 05:00:00,23.9,72.2,1017.5,9.7,0.0,0.0
2024-12-02 06:00:00,26.6,70.7,1017.4,18.9,0.0,0.1
2024-12-02 07:00:00,28.6,69.8,1019.0,4.8,0.0,3.1
2024-12-02 08:00:00,30.7,63.6,1018.6,8.1,0.0,5.2
2024-12-02 09:00:00,33.1,64.0,1016.6,7.3,0.0,7.4
2024-12-02 10:00:00,33.1,60.8,1020.9,7.6,0.0,9.4
2024-12-02 11:00:00,33.8,61.8,1018.0,9.9,0.0,10.7
2024-12-02 12:00:00,34.3,57.6,1018.4,11.7,0.0,11.6
2024-12-02 13:00:00,34.9,59.4,1014.9,9.3,0.0,12.1
2024-12-02 14:00:00,32.3,56.8,1015.0,17.4,0.0,12.0
2024-12-02 15:00:00,33.3,53.3,1017.1,16.0,0.0,11.2
2024-12-02 16:00:00,30.7,57.5,1019.8,12.8,0.0,9.3
2024-12-02 17:00:00,26.9,58.5,1016.7,12.9,0.0,7.5
2024-12-02 18:00:00,27.1,52.3,1020.1,23.7,0.0,5.2
2024-12-02 19:00:00,23.5,59.4,1015.9,18.1,0.0,2.6
2024-12-02 20:00:00,22.0,57.6,1019.0,13.2,0.0,0
2024-12-02 21:00:00,20.3,58.7,1018.3,16.8,0.0,0.0
2024-12-02 22:00:00,18.4,66.2,1016.9,12.5,0.0,0.0
2024-12-02 23:00:00,17.8,63.3,1019.3,14.0,0.0,0.0
2024-12-03 00:00:00,17.4,66.2,1016.0,12.5,0.0,0.0
2024-12-03 01:00:00,17.8,70.3,1018.3,7.2,0.0,0.0
2024-12-03 02:00:00,18.7,70.8,1017.6,17.0,0.0,0.0
2024-12-03 03:00:00,21.5,71.1,1015.4,10.1,0.0,0.0
2024-12-03 04:00:00,21.9,69.6,1015.8,13.7,0.0,0.0
2024-12-03 05:00:00,23.4,73.2,1018.0,5.2,0.0,0.0
2024-12-03 06:00:00,26.4,68.2,1017.2,14.0,0.0,0
2024-12-03 07:00:00,27.4,72.3,1016.5,5.5,0.0,3.2
2024-12-03 08:00:00,30.9,65.7,1018.4,12.5,0.0,4.7
2024-12-03 09:00:00,31.9,64.8,1019.7,5.5,0.0,7.3
2024-12-03 10:00:00,33.9,64.0,1018.4,6.0,0.0,9.2
2024-12-03 11:00:00,34.7,63.9,1015.4,9.8,0.0,10.8
2024-12-03 12:00:00,34.5,59.7,1018.3,19.4,0.0,11.7
2024-12-03 13:00:00,34.9,55.8,1015.3,22.0,0.0,11.7
2024-12-03 14:00:00,34.8,54.3,1018.0,13.9,0.0,11.8
2024-12-03 15:00:00,32.5,55.4,1016.5,18.8,0.0,10.8
2024-12-03 16:00:00,30.2,56.3,1017.9,24.2,0.0,9.2
2024-12-03 17:00:00,29.8,57.4,1016.6,12.0,0.0,7.6
2024-12-03 18:00:00,23.7,60.0,1017.5,17.0,0.0,5.3
2024-12-03 19:00:00,23.4,53.1,1018.7,21.3,0.0,2.7
2024-12-03 20:00:00,21.3,59.4,1015.3,19.8,0.0,0.1
2024-12-03 21:00:00,21.1,61.3,1015.5,15.6,0.0,0.0
2024-12-03 22:00:00,17.7,63.9,1016.6,13.6,0.0,0.0
2024-12-03 23:00:00,18.5,64.3,1016.1,17.8,0.0,0.0
2024-12-04 00:00:00,17.1,68.7,1016.4,19.3,0.0,0.0
2024-12-04 01:00:00,19.1,70.5,1018.6,15.8,0.0,0.0
2024-12-04 02:00:00,19.8,69.6,1017.0,16.2,0.0,0.0
04/12/2024 03:00,19.6,71.3,1016.7,6.0,0.0,0.0
2024-12-04 04:00:00,21.0,74.2,1019.1,,0.0,0.0
2024-12-04 05:00:00,22.9,71.1,1015.0,7.0,0.0,0.0
2024-12-04 06:00:00,27.1,71.3,,9.4,0.0,0.3
2024-12-04 07:00:00,28.2,72.1,1016.8,4.8,0.0,2.3
2024-12-04 08:00:00,31.9,66.8,1019.8,7.0,0.0,4.8
04/12/2024 09:00,31.9,64.0,1017.3,7.7,0.0,7.3
2024-12-04 10:00:00,32.6,65.0,1020.2,10.2,0.0,9.6
2024-12-04 11:00:00,33.4,62.0,1016.5,8.0,0.0,10.6
2024-12-04 12:00:00,34.8,56.4,1014.5,10.8,0.0,11.9
04/12/2024 13:00,34.1,56.1,1017.4,8.4,0.0,12.3
2024-12-04 14:00:00,34.1,56.4,1018.8,18.0,0.0,11.8
2024-12-04 15:00:00,,55.3,1017.2,21.0,0.0,10.9
2024-12-04 16:00:00,31.1,57.1,1015.9,12.5,0.0,9.8
2024-12-04 17:00:00,28.6,53.7,1015.5,10.4,0.0,7.6
2024-12-04 18:00:00,26.3,56.2,1017.0,15.0,0.0,5.3
2024-12-04 19:00:00,24.2,58.7,1017.2,16.1,0.0,2.6
2024-12-04 20:00:00,21.8,56.7,1017.0,19.4,0.0,0
2024-12-04 21:00:00,19.6,63.6,1017.4,12.0,0.0,0.0
2024-12-04 22:00:00,18.5,64.6,1019.3,27.0,0.0,0.0
2024-12-04 23:00:00,17.5,63.7,1017.6,16.8,0.0,0.0
2024-12-05 00:00:00,16.9,69.7,1018.0,19.9,0.0,0.0
2024-12-05 01:00:00,17.2,70.5,1017.5,17.6,0.0,0.0
2024-12-05 02:00:00,19.7,66.8,1019.7,9.6,0.0,0.0
2024-12-05 03:00:00,18.8,69.8,1017.4,6.7,0.0,0.0
2024-12-05 04:00:00,22.2,70.2,1019.6,11.6,0.0,0.0
2024-12-05 05:00:00,23.9,72.1,1020.2,9.0,0.0,0.0
2024-12-05 06:00:00,26.0,70.5,1017.5,3.2,0.0,0.0
2024-12-05 07:00:00,28.4,67.5,,8.6,0.0,2.5
2024-12-05 08:00:00,30.4,67.7,1018.3,8.8,0.0,5.2
2024-12-05 09:00:00,33.2,66.4,1017.1,4.6,0.0,7.5
2024-12-05 10:00:00,34.0,62.5,1015.3,6.6,0.0,9.7
2024-12-05 11:00:00,34.4,59.5,1018.3,12.1,0.0,11.4
2024-12-05 12:00:00,34.3,59.8,1018.8,12.5,0.0,11.8
2024-12-05 13:00:00,36.1,60.1,1014.6,11.1,0.0,12.0
2024-12-05 14:00:00,33.0,56.4,1017.9,10.5,0.0,12.2
2024-12-05 15:00:00,32.7,54.3,1017.6,13.0,0.0,10.1
2024-12-05 16:00:00,30.7,56.6,1018.0,14.5,0.0,9.3
2024-12-05 17:00:00,28.8,53.7,1015.8,16.6,0.0,7.4
2024-12-05 18:00:00,26.5,54.3,1019.6,19.0,0.0,4.7
2024-12-05 19:00:00,24.5,57.0,1016.1,24.5,0.0,2.7
2024-12-05 20:00:00,23.2,58.7,1018.2,23.9,0.0,0
2024-12-05 21:00:00,21.2,58.6,1017.7,9.9,0.0,0.0
2024-12-05 22:00:00,20.4,60.7,1016.0,35.2,0.0,0.0
2024-12-05 23:00:00,18.5,63.6,1020.0,12.2,0.0,0.0
2024-12-06 00:00:00,18.9,66.6,1016.3,15.6,0.0,0.0
2024-12-06 01:00:00,17.8,67.9,1015.9,14.7,0.0,0.0
2024-12-06 02:00:00,18.3,75.5,1017.6,10.3,0.0,0.0
2024-12-06 03:00:00,21.1,68.5,1017.0,13.8,0.0,0.0
2024-12-06 04:00:00,21.7,72.5,1015.9,8.5,0.0,0.0
2024-12-06 05:00:00,22.8,71.4,1020.7,14.4,0.0,0.0
2024-12-06 06:00:00,27.7,71.8,1018.4,6.3,0.0,0
2024-12-06 07:00:00,27.9,69.5,1019.3,11.4,0.0,2.4
06/12/2024 08:00,31.3,67.7,1020.3,11.4,0.0,5.3
2024-12-06 09:00:00,33.1,65.8,1016.2,5.6,0.0,7.9
2024-12-06 10:00:00,34.7,62.0,1021.5,10.4,0.0,9.4
2024-12-06 11:00:00,35.5,62.6,1018.1,18.3,0.0,10.9
2024-12-06 12:00:00,36.2,56.1,1017.0,4.5,0.0,12.0
2024-12-06 13:00:00,35.6,58.3,1015.3,9.8,0.0,12.4
2024-12-06 14:00:00,33.9,57.2,1017.1,10.8,0.0,12.1
2024-12-06 15:00:00,32.9,53.7,1019.4,18.9,0.0,11.1
2024-12-06 16:00:00,31.4,53.0,1015.6,17.3,0.0,9.8
2024-12-06 17:00:00,29.2,57.0,1020.1,10.7,0.0,7.6
2024-12-06 18:00:00,27.0,56.8,1016.9,10.4,0.0,5.3
2024-12-06 19:00:00,25.1,56.9,1018.0,17.6,0.0,2.4
2024-12-06 20:00:00,5.3,59.1,1015.0,16.2,0.0,0.1
2024-12-06 21:00:00,20.9,58.9,1016.4,20.9,0.0,0.0
2024-12-06 22:00:00,18.4,64.8,1017.5,15.2,0.0,0.0
2024-12-06 23:00:00,18.5,65.7,1014.3,15.0,0.0,0.0
2024-12-07 00:00:00,17.8,67.0,1019.8,19.6,0.0,0.0
2024-12-07 01:00:00,19.7,68.3,1018.6,16.3,0.0,0.0
2024-12-07 02:00:00,19.8,68.9,1019.2,16.7,0.0,0.0
2024-12-07 03:00:00,21.2,71.6,1018.3,9.8,0.0,0.0
2024-12-07 04:00:00,23.6,66.7,1017.3,13.6,0.0,0.0
2024-12-07 05:00:00,24.3,71.8,1014.9,7.6,0.0,0.0
2024-12-07 06:00:00,27.4,74.0,1015.6,12.8,0.0,0.2
07/12/2024 07:00,28.3,67.0,1017.7,3.4,0.0,2.7
2024-12-07 08:00:00,30.6,65.3,1015.7,5.0,0.0,5.5
2024-12-07 09:00:00,31.8,64.1,1018.2,7.1,0.0,7.7
2024-12-07 10:00:00,33.9,62.5,1018.1,9.6,0.0,9.6
2024-12-07 11:00:00,34.0,62.4,1015.7,7.2,0.0,11.1
07/12/2024 12:00,34.9,58.8,1017.7,13.1,0.0,11.7
2024-12-07 13:00:00,35.6,57.7,1014.4,6.1,0.0,12.4
2024-12-07 14:00:00,33.2,54.7,1017.2,8.5,0.0,11.6
2024-12-07 15:00:00,32.7,,1017.9,14.0,0.0,11.1
2024-12-07 16:00:00,32.0,50.9,1020.6,23.1,0.0,9.3
2024-12-07 17:00:00,28.6,56.0,1017.5,11.4,0.0,7.7
2024-12-07 18:00:00,27.1,58.4,1017.0,16.0,0.0,4.8
2024-12-07 19:00:00,23.9,60.4,1017.4,9.1,0.0,2.8
2024-12-07 20:00:00,22.9,57.5,1019.7,15.0,0.0,0.0
2024-12-07 21:00:00,21.8,60.6,1017.1,17.6,0.0,0.0
2024-12-07 22:00:00,20.0,61.9,1016.2,20.8,0.0,0.0
2024-12-07 23:00:00,17.5,64.9,1016.9,16.4,0.0,0.0
2024-12-08 00:00:00,19.3,66.1,1016.1,8.8,0.0,0.0
2024-12-08 01:00:00,18.5,67.5,1018.6,9.6,0.0,0.0
2024-12-08 02:00:00,19.2,69.0,1017.9,12.8,0.0,0.0
2024-12-08 03:00:00,21.0,68.1,1013.9,11.3,0.0,0.0
2024-12-08 04:00:00,22.0,73.7,1018.0,16.4,0.0,0.0
2024-12-08 05:00:00,24.8,71.5,1018.5,5.5,0.0,0.0
2024-12-08 06:00:00,26.9,68.1,1016.2,7.6,0.0,0.1
2024-12-08 07:00:00,29.0,68.8,1018.6,6.2,0.0,2.5
2024-12-08 08:00:00,30.2,68.0,1016.5,10.8,0.0,5.4
08/12/2024 09:00,34.4,67.8,1018.1,8.9,0.0,8.0
2024-12-08 10:00:00,35.7,63.1,1018.6,5.3,0.0,9.1
2024-12-08 11:00:00,35.1,62.3,1019.4,12.4,0.0,11.1
2024-12-08 12:00:00,34.8,56.3,1017.9,13.3,0.0,11.6
2024-12-08 13:00:00,34.3,57.1,1016.7,8.0,0.0,12.1
2024-12-08 14:00:00,34.8,55.0,1018.1,7.4,0.0,11.9
2024-12-08 15:00:00,31.1,53.2,1019.0,16.0,0.0,11.0
08/12/2024 16:00,31.1,55.1,1016.9,14.3,0.0,9.8
2024-12-08 17:00:00,28.3,54.4,1018.9,19.5,0.0,7.2
2024-12-08 18:00:00,27.4,56.8,1018.2,20.6,0.0,5.4
2024-12-08 19:00:00,25.9,55.4,1018.3,9.9,0.0,2.5
2024-12-08 20:00:00,23.0,57.2,1018.2,25.1,0.0,0.0
2024-12-08 21:00:00,20.4,60.0,1015.6,9.4,0.0,0.0
2024-12-08 22:00:00,19.5,64.8,1018.4,15.8,0.0,0.0
2024-12-08 23:00:00,18.6,67.1,1018.2,26.8,0.0,0.0
2024-12-09 00:00:00,17.2,70.0,1016.1,25.2,0.0,0.0
2024-12-09 01:00:00,18.1,69.3,1017.1,14.6,0.0,0.0
2024-12-09 02:00:00,19.0,69.2,,29.3,1.0,0.0
2024-12-09 03:00:00,21.9,68.7,1017.7,8.7,0.0,0.0
2024-12-09 04:00:00,22.3,71.8,1018.8,9.4,0.0,0.0
2024-12-09 05:00:00,25.0,69.5,1015.7,14.0,0.0,0.0
2024-12-09 06:00:00,26.5,70.2,1017.7,6.8,0.0,0.0
2024-12-09 07:00:00,29.1,69.1,1018.7,7.5,0.0,2.9
2024-12-09 08:00:00,30.8,68.5,1019.3,9.6,0.0,4.9
2024-12-09 09:00:00,32.3,65.8,1017.5,5.4,0.0,7.9
2024-12-09 10:00:00,34.0,60.4,1019.4,10.0,0.0,9.6
2024-12-09 11:00:00,35.7,63.0,1018.4,10.7,0.0,11.3
2024-12-09 12:00:00,35.8,58.3,1019.7,6.6,0.0,11.6
2024-12-09 13:00:00,35.0,57.1,1016.6,8.3,0.0,12.3
2024-12-09 14:00:00,34.0,55.0,1016.9,20.0,0.0,11.7
2024-12-09 15:00:00,33.3,57.2,1016.9,15.1,0.0,10.7
2024-12-09 16:00:00,31.2,52.0,1019.1,17.5,0.0,9.5
2024-12-09 17:00:00,29.8,60.1,1014.9,13.4,0.0,7.2
2024-12-09 18:00:00,26.5,,1017.8,16.9,0.0,5.1
2024-12-09 19:00:00,25.1,56.4,1016.9,24.4,0.0,2.8
2024-12-09 20:00:00,22.1,57.3,1016.1,19.9,0.0,0
2024-12-09 21:00:00,19.9,61.8,1019.2,20.2,0.0,0.0
2024-12-09 22:00:00,20.1,63.3,1019.9,11.8,0.0,0.0
2024-12-09 23:00:00,17.4,65.1,1018.3,17.7,0.0,0.0
2024-12-10 00:00:00,17.7,69.2,1016.6,21.5,0.0,0.0
2024-12-10 01:00:00,19.3,68.8,1016.2,22.3,0.0,0.0
2024-12-10 02:00:00,18.8,67.9,1016.9,11.9,0.0,0.0
2024-12-10 03:00:00,20.8,71.5,1016.4,9.1,0.0,0.0
2024-12-10 04:00:00,22.3,69.5,1017.5,9.5,0.0,0.0
2024-12-10 05:00:00,25.6,74.6,1017.4,12.4,0.0,0.0
2024-12-10 06:00:00,27.3,72.3,1016.5,7.8,0.0,0.2
2024-12-10 07:00:00,29.3,68.4,1016.2,8.8,0.0,2.6
2024-12-10 08:00:00,29.8,68.4,1020.9,5.2,0.0,5.6
2024-12-10 09:00:00,32.3,62.9,1015.3,11.6,0.0,7.4
2024-12-10 10:00:00,36.1,62.9,1017.1,9.8,0.0,9.4
2024-12-10 11:00:00,,58.3,1018.4,10.3,0.0,11.3
2024-12-10 12:00:00,36.5,59.2,1019.7,11.1,0.0,11.5
10/12/2024 13:00,35.4,58.3,1017.2,19.6,0.0,12.7
2024-12-10 14:00:00,34.5,59.8,1016.8,8.7,0.0,11.6
2024-12-10 15:00:00,33.6,53.5,1016.9,14.8,0.0,10.7
2024-12-10 16:00:00,31.5,54.1,1018.0,24.5,0.0,9.6
2024-12-10 17:00:00,28.6,54.3,1017.9,12.2,0.0,7.6
2024-12-10 18:00:00,27.3,53.3,1015.1,12.9,0.0,5.2
2024-12-10 19:00:00,24.5,59.5,1020.5,13.3,0.0,2.9
2024-12-10 20:00:00,22.2,60.0,1017.5,15.7,0.0,0.3
2024-12-10 21:00:00,21.8,58.5,1019.8,15.6,0.0,0.0
2024-12-10 22:00:00,19.3,66.4,1018.5,17.5,0.0,0.0
10/12/2024 23:00,17.9,63.0,1017.1,9.2,0.0,0.0
2024-12-11 00:00:00,19.1,66.8,1015.6,14.7,0.0,0.0
2024-12-11 01:00:00,16.4,70.3,1017.6,19.1,0.0,0.0
2024-12-11 02:00:00,19.3,69.6,1022.1,12.8,0.0,0.0
2024-12-11 03:00:00,21.5,73.0,1016.9,18.1,0.0,0.0
2024-12-11 04:00:00,22.1,68.8,1017.2,5.8,0.0,0.0
2024-12-11 05:00:00,24.6,71.5,1017.3,5.7,0.0,0.0
2024-12-11 06:00:00,24.9,70.3,1016.7,5.3,0.0,0.4
2024-12-11 07:00:00,28.4,70.0,1016.1,6.6,0.0,3.0
2024-12-11 08:00:00,31.1,67.9,1016.4,9.9,0.0,5.0
2024-12-11 09:00:00,33.6,64.9,1016.5,6.9,0.0,7.7
2024-12-11 10:00:00,34.9,65.2,1016.7,11.5,0.0,9.7
2024-12-11 11:00:00,35.4,60.0,1015.4,8.7,0.0,11.2
11/12/2024 12:00,35.4,57.5,1017.2,10.4,0.0,11.9
2024-12-11 13:00:00,34.5,59.4,1017.8,10.0,0.0,12.8
2024-12-11 14:00:00,33.7,59.2,1017.7,13.1,0.0,12.0
2024-12-11 15:00:00,32.9,52.8,1018.7,30.6,0.0,11.5
2024-12-11 16:00:00,32.2,51.3,1018.2,13.3,0.0,9.7
2024-12-11 17:00:00,29.0,54.4,1017.1,11.1,0.0,7.9
2024-12-11 18:00:00,27.0,53.7,1017.5,18.0,0.0,5.5
2024-12-11 19:00:00,24.7,57.8,1020.9,7.8,0.0,3.0
2024-12-11 20:00:00,22.9,59.8,1017.7,13.4,0.0,0
2024-12-11 21:00:00,21.6,59.2,1017.5,28.5,0.0,0.0
2024-12-11 22:00:00,20.9,61.8,1017.0,15.4,0.0,0.0
2024-12-11 23:00:00,18.6,64.9,1017.6,17.4,0.0,0.0
2024-12-12 00:00:00,18.2,67.3,1016.0,11.7,0.0,0.0
2024-12-12 01:00:00,18.6,70.9,1017.2,22.8,0.0,0.0
2024-12-12 02:00:00,20.5,68.5,1017.2,12.1,0.0,0.0
2024-12-12 03:00:00,20.5,73.3,1017.6,12.7,0.0,0.0
2024-12-12 04:00:00,23.5,71.2,1017.1,11.6,0.0,0.0
12/12/2024 05:00,24.1,71.0,1018.6,6.6,0.0,0.0
2024-12-12 06:00:00,26.7,69.7,1018.6,7.0,0.0,0
2024-12-12 07:00:00,28.2,69.8,1019.2,7.2,0.0,2.8
2024-12-12 08:00:00,31.5,63.2,1017.1,10.8,0.0,5.6
2024-12-12 09:00:00,33.3,64.8,1018.9,6.8,0.0,7.8
2024-12-12 10:00:00,34.3,61.4,1015.1,11.6,0.0,9.8
2024-12-12 11:00:00,35.8,58.1,1018.0,6.7,0.0,11.4
2024-12-12 12:00:00,34.6,57.8,1019.7,12.3,0.0,12.2
2024-12-12 13:00:00,37.3,57.2,1018.0,17.3,0.0,12.5
2024-12-12 14:00:00,34.3,59.3,1019.7,17.6,0.0,12.5
2024-12-12 15:00:00,33.7,52.9,1016.4,13.1,0.0,11.1
2024-12-12 16:00:00,30.6,56.3,1018.1,21.5,2.2,9.6
2024-12-12 17:00:00,29.9,54.4,1017.8,13.4,0.0,7.6
2024-12-12 18:00:00,26.7,53.1,1019.6,26.9,0.0,5.1
2024-12-12 19:00:00,24.7,55.1,1018.5,12.9,0.0,2.6
2024-12-12 20:00:00,22.6,56.1,1016.8,10.9,0.0,0.2
2024-12-12 21:00:00,19.9,61.7,1019.0,30.8,0.0,0.0
2024-12-12 22:00:00,19.5,62.4,1017.6,15.2,0.0,0.0
2024-12-12 23:00:00,18.7,64.2,1019.0,15.5,0.0,0.0
2024-12-13 00:00:00,20.1,69.7,1018.8,8.4,0.0,0.0
2024-12-13 01:00:00,18.9,66.1,1017.7,8.3,0.0,0.0
2024-12-13 02:00:00,20.1,,1018.2,12.1,0.0,0.0
13/12/2024 03:00,20.9,71.1,1018.5,14.8,0.0,0.0
2024-12-13 04:00:00,23.4,68.1,1017.6,8.9,0.0,0.0
2024-12-13 05:00:00,26.2,68.7,1014.5,6.9,0.0,0.0
2024-12-13 06:00:00,27.9,69.4,1018.3,9.8,0.0,0
2024-12-13 07:00:00,29.9,70.2,1016.1,5.6,0.0,2.5
2024-12-13 08:00:00,31.6,67.0,1015.7,7.8,0.0,5.4
2024-12-13 09:00:00,33.9,63.9,1016.2,11.6,0.0,7.6
2024-12-13 10:00:00,34.4,66.3,1017.2,5.0,0.0,9.4
2024-12-13 11:00:00,35.7,58.8,1017.9,9.4,0.0,11.1
2024-12-13 12:00:00,36.1,56.8,1015.9,9.6,0.0,12.3
2024-12-13 13:00:00,36.4,55.9,1016.5,10.8,0.0,12.3
2024-12-13 14:00:00,35.7,51.4,1017.9,7.0,0.0,12.1
2024-12-13 15:00:00,33.3,52.9,1014.9,8.1,0.0,11.3
2024-12-13 16:00:00,30.1,55.0,1019.0,30.5,0.0,10.1
13/12/2024 17:00,29.6,54.4,1018.1,12.8,0.0,8.3
2024-12-13 18:00:00,26.7,52.8,1014.6,19.3,0.0,4.9
2024-12-13 19:00:00,25.2,56.8,1016.0,22.7,0.0,2.2
2024-12-13 20:00:00,22.8,56.6,1018.2,25.0,0.0,0.4
2024-12-13 21:00:00,20.8,60.4,1015.2,17.6,0.0,0.0
2024-12-13 22:00:00,20.0,62.8,1015.6,18.6,0.0,0.0
2024-12-13 23:00:00,18.7,65.7,1016.8,19.3,0.0,0.0
2024-12-14 00:00:00,18.1,64.8,1017.6,19.1,0.0,0.0
2024-12-14 01:00:00,18.2,67.6,1016.3,16.5,0.0,0.0
2024-12-14 02:00:00,19.3,71.6,1017.8,10.4,0.0,0.0
2024-12-14 03:00:00,21.0,72.2,1015.5,5.7,0.0,0.0
2024-12-14 04:00:00,23.6,72.9,1021.1,7.5,0.0,0.0
2024-12-14 05:00:00,25.0,71.5,1019.4,7.6,0.0,0.0
2024-12-14 06:00:00,28.2,67.2,1017.3,6.2,0.0,0
2024-12-14 07:00:00,29.6,70.0,1017.1,9.3,0.0,2.9
2024-12-14 08:00:00,30.9,66.1,1019.4,9.0,0.0,5.4
2024-12-14 09:00:00,33.7,62.9,1019.2,8.6,0.0,8.0
2024-12-14 10:00:00,35.2,59.6,1016.0,12.2,0.0,10.3
2024-12-14 11:00:00,34.9,58.8,1015.8,5.5,0.0,11.3
2024-12-14 12:00:00,35.6,58.0,1017.9,7.8,0.0,12.0
2024-12-14 13:00:00,34.9,55.4,1017.2,12.6,0.0,12.3
2024-12-14 14:00:00,34.7,51.1,1014.8,11.2,0.0,12.1
2024-12-14 15:00:00,33.7,56.8,1019.7,30.0,0.0,11.1
2024-12-14 16:00:00,31.0,53.6,1016.3,8.3,0.0,9.6
2024-12-14 17:00:00,29.9,54.2,1019.2,12.0,0.0,7.7
2024-12-14 18:00:00,28.2,56.6,1017.0,13.3,0.0,5.3
2024-12-14 19:00:00,25.9,55.6,1016.0,24.8,0.0,2.7
2024-12-14 20:00:00,23.4,59.7,1020.4,20.0,0.0,0.4
2024-12-14 21:00:00,22.3,57.3,1016.1,11.1,0.0,0.0
2024-12-14 22:00:00,19.6,61.9,1017.4,14.9,0.0,0.0
2024-12-14 23:00:00,17.5,65.9,1016.2,19.7,0.0,0.0
2024-12-15 00:00:00,18.8,65.5,1019.4,6.6,0.0,0.0
2024-12-15 01:00:00,18.9,68.2,1019.2,11.0,0.0,0.0
2024-12-15 02:00:00,19.3,70.4,1016.7,10.6,0.0,0.0
2024-12-15 03:00:00,22.1,68.6,1017.2,10.0,0.0,0.0
2024-12-15 04:00:00,22.7,68.6,1018.7,14.9,0.0,0.0
2024-12-15 05:00:00,25.0,70.1,1015.2,19.8,0.0,0.0
2024-12-15 06:00:00,26.4,71.2,1018.3,6.3,0.0,0
2024-12-15 07:00:00,30.6,68.9,1020.2,4.7,0.0,2.5
2024-12-15 08:00:00,32.3,67.0,1017.4,4.6,0.0,5.6
2024-12-15 09:00:00,33.4,64.4,1019.5,7.2,0.0,8.0
2024-12-15 10:00:00,34.1,65.7,1016.2,5.7,0.0,9.5
2024-12-15 11:00:00,37.0,61.6,1017.8,8.6,0.0,11.1
2024-12-15 12:00:00,35.4,58.6,1017.9,11.5,0.0,12.2
2024-12-15 13:00:00,36.1,54.8,1017.8,12.0,0.0,12.7
2024-12-15 14:00:00,35.4,51.5,1017.4,15.2,0.0,12.3
2024-12-15 15:00:00,34.1,54.2,1017.5,15.4,0.0,11.0
2024-12-15 16:00:00,31.5,54.1,1016.9,17.4,0.0,9.6
2024-12-15 17:00:00,30.3,55.9,1015.4,22.9,0.0,7.8
2024-12-15 18:00:00,27.4,54.1,1016.5,11.3,0.0,5.7
2024-12-15 19:00:00,24.3,56.9,1019.2,12.5,0.0,2.6
2024-12-15 20:00:00,23.1,58.9,1018.9,13.6,0.0,0
2024-12-15 21:00:00,21.4,60.8,1020.3,14.4,0.0,0.0
2024-12-15 22:00:00,20.4,60.8,1018.9,20.5,0.0,0.0
2024-12-15 23:00:00,19.0,66.3,1015.5,23.6,0.0,0.0
2024-12-16 00:00:00,19.0,65.9,1018.1,9.8,0.0,0.0
2024-12-16 01:00:00,19.5,66.6,1022.5,8.4,0.0,0.0
2024-12-16 02:00:00,19.7,69.4,1019.4,15.9,0.0,0.0
2024-12-16 03:00:00,21.4,69.4,1016.2,12.4,0.0,0.0
2024-12-16 04:00:00,22.5,71.4,1020.0,18.6,0.0,0.0
2024-12-16 05:00:00,26.0,69.6,1016.5,5.4,0.0,0.0
2024-12-16 06:00:00,27.8,65.3,,6.9,0.0,0.2
2024-12-16 07:00:00,29.6,69.0,1018.6,5.3,0.0,3.0
2024-12-16 08:00:00,30.8,69.2,1019.7,4.3,0.0,4.7
2024-12-16 09:00:00,34.8,61.5,1019.3,7.2,0.0,8.2
2024-12-16 10:00:00,34.7,61.4,1016.8,15.2,0.0,9.7
2024-12-16 11:00:00,35.5,61.4,1019.4,15.0,0.0,11.0
2024-12-16 12:00:00,36.9,58.1,1019.2,11.6,0.0,12.5
2024-12-16 13:00:00,37.0,55.0,1020.9,9.9,0.0,12.5
2024-12-16 14:00:00,35.3,57.1,1019.8,6.2,0.0,12.3
2024-12-16 15:00:00,34.0,53.3,1019.3,15.9,0.0,11.3
2024-12-16 16:00:00,31.4,53.3,1017.6,21.3,0.0,9.8
2024-12-16 17:00:00,30.7,53.3,1017.0,25.8,0.0,7.6
2024-12-16 18:00:00,28.2,52.7,1017.3,10.7,0.0,5.5
2024-12-16 19:00:00,26.4,56.8,1018.4,34.2,0.0,2.7
2024-12-16 20:00:00,22.1,54.8,1016.0,16.5,0.0,0
2024-12-16 21:00:00,22.2,63.1,1016.8,9.3,0.0,0.0
2024-12-16 22:00:00,19.7,60.9,1015.7,15.1,0.0,0.0
2024-12-16 23:00:00,18.5,67.3,1020.7,11.9,0.0,0.0
2024-12-17 00:00:00,19.9,66.6,1020.6,10.1,0.0,0.0
2024-12-17 01:00:00,19.4,105,1017.8,7.0,0.0,0.0
2024-12-17 02:00:00,20.1,65.0,1017.8,14.0,0.0,0.0
2024-12-17 03:00:00,21.4,66.8,1015.6,9.3,0.0,0.0
2024-12-17 04:00:00,23.0,70.5,1016.9,9.2,0.0,0.0
2024-12-17 05:00:00,25.8,70.2,1016.9,9.7,0.0,0.0
17/12/2024 06:00,28.7,68.2,1019.8,4.0,0.0,0.3
2024-12-17 07:00:00,29.6,66.0,1018.8,13.9,0.0,2.9
2024-12-17 08:00:00,33.2,63.6,1020.5,10.2,0.0,5.5
2024-12-17 09:00:00,34.0,65.3,1018.3,10.3,0.0,7.6
2024-12-17 10:00:00,34.7,61.2,1019.1,5.9,0.0,9.6
2024-12-17 11:00:00,35.4,60.9,1018.9,10.4,0.0,10.9
2024-12-17 12:00:00,37.1,57.3,1017.8,12.8,0.0,12.6
2024-12-17 13:00:00,36.1,59.2,1018.5,13.1,0.0,12.4
2024-12-17 14:00:00,34.7,,1017.5,8.0,0.0,12.2
2024-12-17 15:00:00,33.8,54.8,1018.0,7.6,0.0,11.7
2024-12-17 16:00:00,32.3,54.8,1018.7,11.6,0.0,9.7
2024-12-17 17:00:00,29.6,54.9,1016.4,11.1,0.0,8.1
2024-12-17 18:00:00,27.5,55.1,1018.6,19.8,0.0,5.5
2024-12-17 19:00:00,26.1,56.2,1014.7,19.3,0.0,2.8
2024-12-17 20:00:00,24.3,58.1,1017.9,40.7,0.0,0
2024-12-17 21:00:00,21.3,58.5,1017.2,15.0,0.0,0.0
2024-12-17 22:00:00,20.0,61.2,1018.8,42.5,0.0,0.0
2024-12-17 23:00:00,19.8,63.1,1017.1,11.4,0.0,0.0
2024-12-18 00:00:00,1.8,65.4,1016.0,11.2,0.0,0.0
2024-12-18 01:00:00,19.7,68.2,1017.0,9.7,0.0,0.0
2024-12-18 02:00:00,21.4,68.0,1018.5,8.1,0.0,0.0
2024-12-18 03:00:00,22.6,69.6,1015.4,6.6,0.0,0.0
18/12/2024 04:00,24.1,71.3,1019.0,7.9,0.0,0.0
18/12/2024 05:00,24.9,70.3,1018.9,14.5,0.0,0.0
2024-12-18 06:00:00,28.2,68.5,1018.7,8.3,0.0,0.3
2024-12-18 07:00:00,30.5,66.6,1017.7,7.5,0.0,2.8
2024-12-18 08:00:00,33.5,65.6,1018.9,8.6,0.0,5.0
2024-12-18 09:00:00,34.8,64.1,1017.7,7.4,0.0,7.7
2024-12-18 10:00:00,35.0,60.4,1015.6,7.1,0.0,10.1
2024-12-18 11:00:00,36.8,59.3,1017.6,10.2,0.0,11.5
2024-12-18 12:00:00,36.8,58.3,1018.7,10.4,0.0,12.5
2024-12-18 13:00:00,35.6,58.1,1016.6,6.3,0.0,12.5
2024-12-18 14:00:00,35.7,50.1,1017.8,23.7,0.0,12.5
2024-12-18 15:00:00,33.8,51.6,1018.1,20.7,0.0,11.1
2024-12-18 16:00:00,32.6,52.8,1018.3,23.6,0.0,9.8
2024-12-18 17:00:00,,52.2,1017.8,12.4,0.0,7.9
2024-12-18 18:00:00,29.5,52.1,1016.0,19.5,0.0,5.4
2024-12-18 19:00:00,25.1,56.9,1018.6,15.4,0.0,2.9
2024-12-18 20:00:00,23.2,58.6,1015.7,15.0,0.0,0
2024-12-18 21:00:00,23.2,61.2,1017.1,16.7,0.0,0.0
2024-12-18 22:00:00,20.5,62.1,1018.1,10.8,0.0,0.0
2024-12-18 23:00:00,19.1,62.2,1015.5,9.5,0.0,0.0
2024-12-19 00:00:00,18.7,66.1,1017.1,11.2,0.0,0.0
2024-12-19 01:00:00,19.6,68.8,1018.9,23.8,0.0,0.0
2024-12-19 02:00:00,20.0,68.1,1017.0,13.7,0.0,0.0
2024-12-19 03:00:00,21.2,69.6,1017.4,21.1,0.0,0.0
2024-12-19 04:00:00,22.7,71.4,1017.6,6.8,0.0,0.0
2024-12-19 05:00:00,25.8,65.2,1020.3,8.3,0.0,0.0
2024-12-19 06:00:00,26.8,69.3,1018.3,6.0,0.0,0
2024-12-19 07:00:00,29.2,70.8,1019.0,8.4,0.0,2.7
2024-12-19 08:00:00,31.5,66.1,1017.7,7.5,0.0,5.3
2024-12-19 09:00:00,34.8,63.7,1017.1,6.9,0.0,8.4
2024-12-19 10:00:00,35.6,62.5,1017.0,7.7,0.0,9.7
2024-12-19 11:00:00,35.8,58.2,1016.6,5.6,0.0,11.7
2024-12-19 12:00:00,37.6,57.2,1018.9,7.1,0.0,12.4
2024-12-19 13:00:00,36.4,55.4,1017.7,16.9,0.0,12.2
2024-12-19 14:00:00,35.7,51.5,1017.9,21.4,0.0,11.7
2024-12-19 15:00:00,33.9,54.9,1018.0,14.7,0.0,11.9
2024-12-19 16:00:00,31.8,51.0,1020.4,12.5,0.0,10.1
2024-12-19 17:00:00,29.6,52.4,1017.5,11.1,0.0,8.1
2024-12-19 18:00:00,27.9,55.5,1017.8,22.7,0.0,5.0
2024-12-19 19:00:00,26.3,51.5,1021.5,22.3,0.0,2.9
2024-12-19 20:00:00,23.0,58.5,1018.0,17.5,0.0,0
2024-12-19 21:00:00,20.8,63.5,1019.2,24.0,0.0,0.0
2024-12-19 22:00:00,20.6,63.6,1018.1,11.9,0.0,0.0
2024-12-19 23:00:00,19.1,68.2,1017.5,16.1,0.0,0.0
2024-12-20 00:00:00,19.6,65.6,1017.4,12.7,0.0,0.0
2024-12-20 01:00:00,20.2,67.6,1019.2,17.6,0.0,0.0
2024-12-20 02:00:00,20.4,67.4,1018.7,10.7,0.0,0.0
2024-12-20 03:00:00,20.3,,1016.1,7.9,0.0,0.0
2024-12-20 04:00:00,23.2,72.5,1018.7,10.3,0.0,0.0
2024-12-20 05:00:00,25.8,70.3,1017.1,13.5,0.0,0.0
2024-12-20 06:00:00,29.2,71.0,1017.7,9.2,0.0,0
2024-12-20 07:00:00,30.0,65.6,1016.6,4.3,0.0,3.2
2024-12-20 08:00:00,31.7,64.6,1017.9,5.3,0.0,5.5
2024-12-20 09:00:00,34.1,65.4,1017.6,12.2,0.0,7.1
2024-12-20 10:00:00,35.5,61.4,1017.3,9.1,0.0,10.1
2024-12-20 11:00:00,36.0,59.8,1019.3,7.2,0.0,11.0
2024-12-20 12:00:00,37.5,59.3,1017.2,7.2,0.0,12.6
2024-12-20 13:00:00,35.6,54.6,1016.6,8.8,0.0,13.1
2024-12-20 14:00:00,35.5,58.4,1017.9,8.9,0.0,12.4
2024-12-20 15:00:00,35.0,52.2,1017.4,6.4,0.0,11.3
2024-12-20 16:00:00,30.9,55.0,1020.1,16.7,0.0,10.0
2024-12-20 17:00:00,30.8,52.1,1017.2,13.6,0.0,7.7
2024-12-20 18:00:00,29.0,55.7,1019.0,6.7,0.0,5.7
2024-12-20 19:00:00,25.6,55.1,1014.8,11.0,0.0,3.0
20/12/2024 20:00,22.6,57.9,1017.0,15.9,0.0,0.1
2024-12-20 21:00:00,22.8,57.1,1018.6,11.6,0.0,0.0
2024-12-20 22:00:00,19.9,60.7,1016.6,12.6,0.0,0.0
2024-12-20 23:00:00,19.5,62.7,1015.3,26.2,0.0,0.0
21/12/2024 00:00,20.4,68.1,1021.1,25.4,0.0,0.0
2024-12-21 01:00:00,19.5,67.2,1019.2,21.1,0.0,0.0
2024-12-21 02:00:00,21.4,68.6,1015.7,12.1,0.0,0.0
21/12/2024 03:00,22.1,68.3,1019.1,14.7,0.0,0.0
2024-12-21 04:00:00,23.3,71.8,1017.1,17.7,0.0,0.0
2024-12-21 05:00:00,25.6,68.4,1018.1,7.9,0.0,0.0
2024-12-21 06:00:00,28.8,67.6,1018.0,10.3,0.0,0
2024-12-21 07:00:00,30.2,70.8,1017.2,8.1,0.0,2.5
2024-12-21 08:00:00,32.6,64.3,1018.6,5.2,0.0,5.5
2024-12-21 09:00:00,35.5,60.3,1020.2,3.0,0.0,8.1
2024-12-21 10:00:00,35.2,59.0,1019.3,7.0,0.0,10.2
2024-12-21 11:00:00,36.9,56.2,1017.5,13.5,0.0,11.2
2024-12-21 12:00:00,36.0,57.0,1019.3,12.9,0.0,12.4
2024-12-21 13:00:00,36.3,55.4,1019.5,13.3,0.0,12.8
2024-12-21 14:00:00,37.3,54.8,1015.2,8.4,0.0,12.3
2024-12-21 15:00:00,33.6,52.9,1017.9,9.5,0.0,11.3
2024-12-21 16:00:00,32.5,55.6,1017.7,14.6,0.0,10.2
2024-12-21 17:00:00,30.7,54.6,1013.6,11.7,0.0,7.6
2024-12-21 18:00:00,28.1,52.8,1017.1,10.8,0.0,5.5
2024-12-21 19:00:00,26.2,55.4,1018.2,25.8,0.0,2.8
2024-12-21 20:00:00,23.0,60.3,1015.8,12.9,0.0,0
2024-12-21 21:00:00,22.7,56.7,1019.3,25.5,0.0,0.0
2024-12-21 22:00:00,19.8,63.8,1019.2,11.8,0.0,0.0
2024-12-21 23:00:00,19.4,62.1,1017.7,27.9,0.0,0.0
2024-12-22 00:00:00,18.3,68.6,1018.0,12.1,0.0,0.0
2024-12-22 01:00:00,19.4,69.2,1016.6,9.2,0.0,0.0
2024-12-22 02:00:00,19.4,69.3,1020.1,7.5,0.0,0.0
2024-12-22 03:00:00,21.5,68.0,1018.1,9.0,0.0,0.0
2024-12-22 04:00:00,24.6,69.8,1019.6,7.5,0.0,0.0
2024-12-22 05:00:00,25.7,68.3,1019.9,10.0,0.0,0.0
2024-12-22 06:00:00,28.5,67.5,1017.4,8.7,0.0,0.2
2024-12-22 07:00:00,30.2,69.2,1017.0,7.6,0.0,2.9
2024-12-22 08:00:00,32.9,63.8,1019.4,6.6,0.0,5.7
2024-12-22 09:00:00,34.0,64.2,1018.8,10.9,0.0,7.7
2024-12-22 10:00:00,36.6,58.6,1018.7,4.2,0.0,9.6
2024-12-22 11:00:00,36.7,60.3,1020.7,17.1,0.0,11.3
2024-12-22 12:00:00,37.3,58.8,1016.0,8.9,0.0,12.3
2024-12-22 13:00:00,37.4,54.1,1018.1,6.9,0.0,13.0
2024-12-22 14:00:00,35.7,53.4,1019.0,7.6,0.0,12.5
22/12/2024 15:00,34.6,54.6,1019.6,15.0,0.0,11.6
2024-12-22 16:00:00,32.7,54.9,1016.7,13.6,0.0,10.2
2024-12-22 17:00:00,31.0,51.6,1019.3,17.6,0.0,7.8
2024-12-22 18:00:00,27.1,54.7,1017.2,28.6,0.0,5.7
22/12/2024 19:00,25.7,55.5,1016.9,11.9,0.0,2.7
2024-12-22 20:00:00,22.3,55.4,1018.3,14.6,0.0,0.1
2024-12-22 21:00:00,21.8,58.4,1018.2,13.0,0.0,0.0
2024-12-22 22:00:00,19.9,62.7,1018.6,14.2,0.0,0.0
2024-12-22 23:00:00,20.5,63.4,1015.1,15.1,0.0,0.0
23/12/2024 00:00,18.7,64.7,1014.1,16.3,0.0,0.0
2024-12-23 01:00:00,19.4,66.5,,17.8,0.0,0.0
2024-12-23 02:00:00,20.8,68.7,1018.2,11.1,0.0,0.0
2024-12-23 03:00:00,22.4,68.9,1019.1,9.9,0.0,0.0
2024-12-23 04:00:00,23.3,68.0,1018.6,8.8,0.0,0.0
2024-12-23 05:00:00,25.0,72.7,1019.0,8.5,0.0,0.0
23/12/2024 06:00,28.5,67.8,1017.6,10.1,0.0,0
2024-12-23 07:00:00,30.3,68.4,1019.5,9.6,0.0,3.0
2024-12-23 08:00:00,31.6,64.4,1017.8,5.7,0.0,5.7
2024-12-23 09:00:00,34.3,63.6,1019.5,9.3,0.0,8.4
2024-12-23 10:00:00,36.2,58.7,1017.8,6.9,0.0,9.8
2024-12-23 11:00:00,37.4,56.2,1018.6,7.8,0.0,11.6
2024-12-23 12:00:00,36.4,57.7,1019.4,11.7,0.0,12.6
2024-12-23 13:00:00,36.4,53.0,1016.1,12.6,0.0,13.0
2024-12-23 14:00:00,36.6,52.3,1015.2,17.8,0.0,12.5
2024-12-23 15:00:00,34.8,51.0,1014.9,9.9,0.0,11.3
2024-12-23 16:00:00,34.1,50.5,1017.4,6.3,0.0,10.3
2024-12-23 17:00:00,30.2,53.0,1018.8,39.3,0.0,7.7
2024-12-23 18:00:00,26.8,,1015.6,6.8,0.0,5.2
2024-12-23 19:00:00,26.1,55.9,1017.3,18.4,0.0,2.7
23/12/2024 20:00,23.5,58.3,1019.0,17.7,0.0,0.3
2024-12-23 21:00:00,21.1,57.4,1016.0,14.6,0.0,0.0
2024-12-23 22:00:00,20.5,61.2,1019.9,21.2,0.0,0.0
2024-12-23 23:00:00,18.2,64.2,1020.2,13.5,0.0,0.0
2024-12-24 00:00:00,19.6,67.6,1017.1,12.8,0.0,0.0
2024-12-24 01:00:00,20.1,66.8,1015.4,18.3,0.0,0.0
2024-12-24 02:00:00,20.8,67.4,1017.9,13.2,0.0,0.0
2024-12-24 03:00:00,22.4,69.3,1019.1,10.0,0.0,0.0
2024-12-24 04:00:00,24.2,70.2,1019.2,8.3,0.0,0.0
2024-12-24 05:00:00,25.7,67.2,1018.7,12.9,0.0,0.0
2024-12-24 06:00:00,28.0,64.3,1019.2,12.3,0.0,0.1
2024-12-24 07:00:00,30.5,70.0,1017.6,5.4,0.0,3.2
2024-12-24 08:00:00,32.4,67.4,1017.5,4.8,0.0,5.2
2024-12-24 09:00:00,33.9,59.7,1017.5,11.9,0.0,8.4
2024-12-24 10:00:00,33.8,62.4,1017.9,5.0,0.0,10.1
2024-12-24 11:00:00,37.4,57.7,1019.2,11.7,0.0,11.6
2024-12-24 12:00:00,37.6,56.7,1017.9,10.4,0.0,12.8
2024-12-24 13:00:00,37.6,56.4,1016.2,14.6,0.0,12.5
2024-12-24 14:00:00,35.1,52.4,1018.0,17.4,0.0,12.6
2024-12-24 15:00:00,33.7,55.2,1019.2,10.4,0.0,11.5
2024-12-24 16:00:00,32.1,52.7,1018.6,10.8,0.0,10.2
2024-12-24 17:00:00,30.5,53.5,1015.9,9.1,0.0,7.7
2024-12-24 18:00:00,29.6,54.3,1018.9,15.2,0.0,5.4
2024-12-24 19:00:00,26.8,57.0,1016.5,11.2,0.0,2.9
2024-12-24 20:00:00,25.5,54.6,1018.1,20.2,0.0,0
2024-12-24 21:00:00,22.5,60.6,1017.6,11.8,0.0,0.0
2024-12-24 22:00:00,21.3,60.9,1017.8,11.6,0.0,0.0
2024-12-24 23:00:00,20.5,63.6,1018.3,19.8,0.0,0.0
2024-12-25 00:00:00,20.2,62.7,1019.2,5.4,0.0,0.0
2024-12-25 01:00:00,19.5,67.0,1020.8,8.1,0.0,0.0
2024-12-25 02:00:00,20.4,64.1,1016.6,13.3,0.0,0.0
2024-12-25 03:00:00,21.8,69.0,1020.2,12.0,0.0,0.0
2024-12-25 04:00:00,23.8,68.6,1015.6,11.5,0.0,0.0
25/12/2024 05:00,25.5,72.6,1015.2,9.6,0.0,0.0
2024-12-25 06:00:00,27.4,66.2,1017.4,8.9,0.0,0
2024-12-25 07:00:00,30.7,68.0,1017.3,17.9,0.0,2.4
2024-12-25 08:00:00,33.0,62.6,1016.7,8.9,0.0,5.5
2024-12-25 09:00:00,35.7,60.8,1016.3,8.3,0.0,8.1
2024-12-25 10:00:00,35.6,60.8,1016.7,5.4,0.0,10.1
25/12/2024 11:00,37.5,55.5,1017.8,10.3,0.0,11.8
2024-12-25 12:00:00,37.3,58.2,1017.3,6.5,0.0,12.8
2024-12-25 13:00:00,37.6,53.3,1020.0,9.1,0.0,12.9
2024-12-25 14:00:00,35.5,53.3,1019.7,17.7,0.0,12.1
2024-12-25 15:00:00,35.2,56.5,1015.6,12.8,0.0,12.1
2024-12-25 16:00:00,33.5,51.4,1018.9,24.7,0.0,10.1
2024-12-25 17:00:00,31.8,52.1,1018.2,8.9,0.0,7.8
2024-12-25 18:00:00,28.1,53.5,1017.0,19.3,0.0,5.5
2024-12-25 19:00:00,26.5,54.8,1017.4,16.7,0.0,2.6
2024-12-25 20:00:00,23.1,60.8,1017.8,17.2,0.0,0
2024-12-25 21:00:00,21.7,60.2,1018.6,15.5,0.0,0.0
2024-12-25 22:00:00,20.4,61.5,1015.5,10.1,0.0,0.0
2024-12-25 23:00:00,20.0,64.4,1018.1,23.9,0.0,0.0
2024-12-26 00:00:00,18.8,64.0,1016.9,29.9,0.0,0.0
2024-12-26 01:00:00,20.4,67.1,1019.2,9.6,0.0,0.0
2024-12-26 02:00:00,20.4,68.1,1021.9,8.6,0.0,0.0
2024-12-26 03:00:00,21.8,68.4,1015.6,10.8,0.0,0.0
2024-12-26 04:00:00,24.9,72.6,1021.1,11.8,0.0,0.0
2024-12-26 05:00:00,25.3,71.3,1019.0,6.9,0.0,0.0
2024-12-26 06:00:00,28.7,70.4,1018.9,7.9,0.0,0
2024-12-26 07:00:00,30.7,66.8,1015.5,7.1,0.0,2.3
2024-12-26 08:00:00,32.9,63.9,1017.1,6.6,0.0,5.6
2024-12-26 09:00:00,35.1,65.1,1020.9,5.0,0.0,7.7
2024-12-26 10:00:00,36.7,63.2,1018.2,6.2,0.0,10.1
2024-12-26 11:00:00,36.7,59.9,1016.6,11.6,0.0,11.6
2024-12-26 12:00:00,37.4,54.2,1017.4,9.2,0.0,12.3
2024-12-26 13:00:00,,56.1,1017.8,10.0,0.0,12.6
2024-12-26 14:00:00,36.4,55.4,1015.6,13.0,0.0,12.6
2024-12-26 15:00:00,33.8,55.4,1021.4,18.5,0.0,11.7
2024-12-26 16:00:00,33.5,50.1,1018.6,13.1,0.0,9.8
2024-12-26 17:00:00,30.5,55.0,1018.9,12.6,0.0,7.8
26/12/2024 18:00,28.9,53.2,1017.2,12.6,0.0,5.4
2024-12-26 19:00:00,26.1,57.0,1020.8,18.4,0.0,2.9
2024-12-26 20:00:00,23.8,55.2,1018.6,22.4,0.0,0.3
2024-12-26 21:00:00,22.7,61.2,1016.5,21.8,0.0,0.0
2024-12-26 22:00:00,20.4,62.3,1020.1,18.3,0.0,0.0
2024-12-26 23:00:00,20.1,64.4,1020.6,9.8,0.0,0.0
2024-12-27 00:00:00,19.0,65.6,1016.9,16.6,0.0,0.0
27/12/2024 01:00,19.8,68.7,1019.0,13.5,0.0,0.0
27/12/2024 02:00,21.7,65.4,1019.5,18.7,0.0,0.0
2024-12-27 03:00:00,21.7,68.1,1017.1,11.1,0.0,0.0
2024-12-27 04:00:00,23.8,70.4,1019.8,8.9,0.0,0.0
2024-12-27 05:00:00,26.1,69.9,1018.9,12.0,0.0,0.0
2024-12-27 06:00:00,29.1,65.9,1019.2,10.2,0.0,0
27/12/2024 07:00,30.5,67.3,1018.2,5.4,0.0,2.7
2024-12-27 08:00:00,34.1,68.3,1016.9,8.3,0.0,5.5
27/12/2024 09:00,33.6,62.9,1017.2,6.7,0.0,7.9
2024-12-27 10:00:00,37.0,63.3,1016.9,5.8,0.0,10.1
2024-12-27 11:00:00,37.5,58.3,1016.5,10.4,0.0,11.3
2024-12-27 12:00:00,36.9,57.1,1015.0,5.9,0.0,12.6
2024-12-27 13:00:00,37.1,56.2,1018.8,14.5,0.0,12.3
2024-12-27 14:00:00,37.4,52.8,1019.0,32.5,0.0,12.5
2024-12-27 15:00:00,33.9,52.1,1019.2,25.4,0.0,11.7
2024-12-27 16:00:00,31.3,52.7,1017.9,11.4,0.0,10.0
2024-12-27 17:00:00,31.1,52.3,1017.3,11.6,0.0,8.0
2024-12-27 18:00:00,28.2,57.3,1018.7,15.8,0.0,5.8
2024-12-27 19:00:00,55.0,54.8,1015.3,13.0,0.0,3.0
2024-12-27 20:00:00,24.4,58.2,1017.8,18.6,0.0,0
2024-12-27 21:00:00,22.8,57.1,1017.6,24.3,0.0,0.0
2024-12-27 22:00:00,20.6,61.7,1018.5,16.1,0.0,0.0
2024-12-27 23:00:00,19.2,59.9,1018.9,26.1,0.0,0.0
2024-12-28 00:00:00,20.4,65.1,1019.3,12.0,0.0,0.0
2024-12-28 01:00:00,19.9,67.6,1018.4,8.5,0.0,0.0
2024-12-28 02:00:00,21.0,66.2,,18.0,0.0,0.0
2024-12-28 03:00:00,21.3,68.1,1018.3,6.0,0.0,0.0
2024-12-28 04:00:00,23.8,67.2,1018.2,10.7,0.0,0.0
2024-12-28 05:00:00,27.0,66.7,1016.0,8.1,0.0,0.0
2024-12-28 06:00:00,28.5,68.5,1018.6,5.3,0.0,0
2024-12-28 07:00:00,30.6,67.9,1018.1,6.3,0.0,2.6
2024-12-28 08:00:00,32.6,65.5,1021.6,12.4,0.0,5.3
2024-12-28 09:00:00,35.1,63.4,1019.3,3.1,0.0,8.3
2024-12-28 10:00:00,35.3,60.3,1019.8,6.8,0.0,10.1
2024-12-28 11:00:00,37.8,56.8,1017.9,10.3,0.0,11.6
2024-12-28 12:00:00,60.1,56.4,1017.5,14.5,0.0,12.3
2024-12-28 13:00:00,37.6,57.2,1019.0,9.2,0.0,13.6
2024-12-28 14:00:00,35.5,54.0,1017.7,12.7,0.0,12.3
2024-12-28 15:00:00,35.4,50.3,1021.5,12.1,0.0,11.4
2024-12-28 16:00:00,33.1,54.6,1017.0,12.7,0.0,10.4
2024-12-28 17:00:00,30.2,52.9,1015.6,16.5,0.0,7.9
2024-12-28 18:00:00,29.4,54.2,1019.5,19.7,0.0,5.5
2024-12-28 19:00:00,27.3,54.2,1017.5,18.5,0.0,2.5
2024-12-28 20:00:00,23.9,59.0,1015.3,15.4,0.0,0.2
2024-12-28 21:00:00,21.2,57.1,1019.3,12.7,0.0,0.0
2024-12-28 22:00:00,21.1,59.0,1015.8,28.6,0.0,0.0
2024-12-28 23:00:00,20.1,61.6,1018.3,6.8,0.0,0.0
2024-12-29 00:00:00,20.6,62.9,1020.3,9.0,0.0,0.0
2024-12-29 01:00:00,21.7,66.8,1016.3,9.8,0.0,0.0
2024-12-29 02:00:00,20.6,69.9,1019.5,11.5,0.0,0.0
2024-12-29 03:00:00,21.4,73.7,1019.0,10.7,0.0,0.0
2024-12-29 04:00:00,25.2,70.1,1015.9,8.8,0.0,0.0
2024-12-29 05:00:00,27.3,66.7,1018.0,8.5,0.0,0.0
2024-12-29 06:00:00,28.5,66.8,1016.0,6.1,0.0,0.1
2024-12-29 07:00:00,31.3,67.5,1017.0,6.3,0.0,2.6
2024-12-29 08:00:00,31.8,66.5,1019.5,6.8,0.0,5.7
2024-12-29 09:00:00,35.2,60.5,1016.9,6.7,0.0,7.7
2024-12-29 10:00:00,35.8,62.9,1016.1,9.1,0.0,10.0
2024-12-29 11:00:00,37.9,62.3,1019.1,3.8,0.0,11.5
2024-12-29 12:00:00,38.5,60.7,1017.5,13.5,0.0,12.7
2024-12-29 13:00:00,36.6,53.6,1019.5,4.0,0.0,12.6
2024-12-29 14:00:00,37.0,51.6,1016.9,7.9,0.0,12.1
2024-12-29 15:00:00,35.8,54.6,1016.6,19.8,0.0,11.7
2024-12-29 16:00:00,32.3,52.8,1017.2,10.4,0.0,9.9
2024-12-29 17:00:00,31.7,52.7,1015.1,24.6,0.0,8.2
2024-12-29 18:00:00,28.2,60.5,1019.2,16.5,0.0,5.2
2024-12-29 19:00:00,26.5,53.6,1016.8,9.6,0.0,3.2
29/12/2024 20:00,23.8,55.9,1018.4,21.6,0.0,0
2024-12-29 21:00:00,24.0,58.3,1018.6,20.3,0.0,0.0
2024-12-29 22:00:00,,62.0,1016.8,17.3,0.0,0.0
2024-12-29 23:00:00,19.4,62.8,1017.0,20.1,0.0,0.0
2024-12-30 00:00:00,19.8,64.4,1018.8,16.1,0.0,0.0
2024-12-30 01:00:00,21.1,65.1,1018.2,10.3,0.0,0.0
2024-12-30 02:00:00,21.3,67.8,1019.1,13.9,0.0,0.0
2024-12-30 03:00:00,21.9,69.7,1021.4,7.5,0.0,0.0
2024-12-30 04:00:00,24.3,69.1,1018.8,12.6,0.0,0.0
2024-12-30 05:00:00,26.2,68.2,1019.4,12.4,0.0,0.0
2024-12-30 06:00:00,28.1,68.5,1020.1,5.5,0.0,0
2024-12-30 07:00:00,31.1,67.0,1017.9,7.2,0.0,2.8
2024-12-30 08:00:00,33.5,61.7,1017.2,4.2,0.0,5.8
2024-12-30 09:00:00,35.5,64.2,1016.0,5.2,0.0,7.9
2024-12-30 10:00:00,36.0,61.9,1016.4,10.9,0.0,10.3
2024-12-30 11:00:00,37.2,58.2,1013.7,7.5,0.0,11.5
2024-12-30 12:00:00,36.7,56.7,1017.2,8.8,0.0,12.0
2024-12-30 13:00:00,36.9,52.6,1017.6,11.4,0.0,13.0
2024-12-30 14:00:00,36.7,53.9,1017.2,12.9,0.0,12.6
2024-12-30 15:00:00,34.9,54.2,1018.8,9.6,0.0,11.6
2024-12-30 16:00:00,34.2,50.9,1015.7,19.3,0.0,9.9
2024-12-30 17:00:00,30.3,54.0,1018.6,16.7,0.0,8.0
2024-12-30 18:00:00,27.7,53.5,1016.2,25.6,0.0,5.9
2024-12-30 19:00:00,26.0,59.1,1017.3,11.7,0.0,2.9
2024-12-30 20:00:00,,59.2,1018.5,31.8,0.0,0
2024-12-30 21:00:00,22.4,58.0,1017.5,15.1,0.0,0.0
2024-12-30 22:00:00,22.7,63.9,1019.3,22.6,0.0,0.0
2024-12-30 23:00:00,19.5,63.3,1017.4,,0.0,0.0
2024-12-31 00:00:00,20.2,65.3,1017.4,12.2,0.0,0.0
2024-12-31 01:00:00,,67.5,,12.7,0.0,0.0
2024-12-31 02:00:00,20.8,70.5,1020.8,9.8,0.0,0.0
2024-12-31 03:00:00,22.7,69.3,1020.8,8.9,0.0,0.0
2024-12-31 04:00:00,,72.4,1016.2,7.4,0.0,0.0
2024-12-31 05:00:00,26.1,69.8,1020.6,7.5,0.0,0.0
2024-12-31 06:00:00,29.9,67.2,1017.9,8.5,0.0,0
2024-12-31 07:00:00,30.8,67.8,1018.6,11.3,0.0,2.9
2024-12-31 08:00:00,32.5,65.2,1018.6,10.1,4.3,5.6
2024-12-31 09:00:00,34.9,62.1,1017.8,9.4,0.0,8.0
2024-12-31 10:00:00,36.8,60.2,1016.4,7.1,0.0,9.9
2024-12-31 11:00:00,37.2,55.2,1017.5,10.3,0.0,11.9
2024-12-31 12:00:00,37.0,58.7,1016.5,9.6,0.0,12.7
2024-12-31 13:00:00,37.0,53.1,1017.5,10.0,0.0,12.4
2024-12-31 14:00:00,36.9,51.4,,24.4,0.0,12.5
2024-12-31 15:00:00,34.4,53.6,1017.4,12.1,0.0,11.4
2024-12-31 16:00:00,33.1,51.1,1018.7,8.6,0.0,9.8
2024-12-31 17:00:00,30.9,51.5,1019.8,15.7,0.0,8.2
2024-12-31 18:00:00,29.0,53.6,1018.3,19.8,0.0,5.8
2024-12-31 19:00:00,27.0,54.6,1017.4,13.6,0.0,2.9
2024-12-31 20:00:00,24.0,55.8,1016.1,17.9,0.0,0.4
2024-12-31 21:00:00,22.8,63.2,1018.9,23.9,0.0,0.0
2024-12-31 22:00:00,20.9,60.3,1017.5,15.7,0.0,0.0
2024-12-31 23:00:00,19.6,63.6,1019.8,16.0,0.0,0.0
